order_id,date,day_of_week,pickup_area,delivery_area,distance_km,dabbawala_id,customer_type,tiffin_type,tiffin_weight_kg,delivery_time_min,status,payment_mode,charge_inr,monthly_subscription,customer_feedback,return_reason
DBW00001,2022-03-07,Monday,Andheri,Chembur,6.04,DW144,Residential,Non-Veg,1.52,67,Delayed,Digital,93.08,Yes,nan,
DBW00002,2023-07-19,Wednesday,Kurla,Sion,6.02,DW123,Residential,Non-Veg,1.87,34,Delivered,Monthly-Pre-paid,63.27,No,Excellent,
DBW00003,2023-04-23,Sunday,Andheri,Churchgate,16.07,DW105,Hospital,Mix,1.42,37,Delivered,Cash,141.69,No,Good,
DBW00004,2022-11-17,Thursday,Vikhroli,Churchgate,7.83,DW034,School,Mix,1.43,51,Delivered,Cash,107.47,Yes,Poor,
DBW00005,2022-11-13,Sunday,Chembur,Vikhroli,11.89,DW140,Corporate,Mix,1.28,39,Delivered,Monthly-Pre-paid,94.58,No,Excellent,
DBW00006,2023-09-19,Tuesday,Lower Parel,Vikhroli,9.96,DW027,Corporate,Veg,2.27,59,Delayed,Monthly-Pre-paid,112.0,Yes,Good,
DBW00007,2022-03-04,Friday,Worli,Vikhroli,7.45,DW037,Corporate,Veg,2.39,42,Delivered,Digital,111.1,Yes,Good,
DBW00008,2023-05-25,Thursday,Thane,Ghatkopar,19.22,DW011,Corporate,Mix,1.81,70,Delivered,Monthly-Pre-paid,194.48,No,Excellent,
DBW00009,2022-05-28,Saturday,Churchgate,Chembur,17.19,DW044,Corporate,Veg,1.53,61,Delayed,Digital,178.07,Yes,Excellent,
DBW00010,2022-03-10,Thursday,Churchgate,Borivali,9.51,DW050,Corporate,Veg,0.95,48,Delivered,Digital,105.35,No,Excellent,
DBW00011,2023-01-20,Friday,Dadar,Ghatkopar,7.13,DW120,Corporate,Non-Veg,2.2,48,Delivered,Monthly-Pre-paid,80.92,Yes,Excellent,
DBW00012,2023-12-14,Thursday,Thane,Chembur,7.18,DW049,Hospital,Non-Veg,1.46,31,Delivered,Digital,119.78,Yes,nan,
DBW00013,2023-06-22,Thursday,Andheri,Andheri,0.5,DW144,Corporate,Veg,1.24,23,Delivered,Monthly-Pre-paid,52.5,No,Excellent,
DBW00014,2023-07-10,Monday,Vikhroli,Andheri,10.0,DW046,Hospital,Mix,1.81,44,Delivered,Monthly-Pre-paid,122.71,Yes,Excellent,
DBW00015,2023-06-08,Thursday,Vikhroli,Goregaon,12.86,DW079,Corporate,Non-Veg,1.63,43,Delivered,Monthly-Pre-paid,133.33,No,Poor,
DBW00016,2023-07-28,Friday,Churchgate,Kurla,9.29,DW089,Corporate,Non-Veg,1.04,45,Delivered,Cash,95.53,Yes,Average,
DBW00017,2023-01-10,Tuesday,Worli,Dadar,14.08,DW125,Corporate,Non-Veg,1.11,37,Delivered,Monthly-Pre-paid,158.82,No,Good,
DBW00018,2022-04-04,Monday,Churchgate,Thane,11.98,DW113,Corporate,Mix,1.97,50,Delivered,Digital,121.22,No,Good,
DBW00019,2023-09-06,Wednesday,Thane,Churchgate,10.89,DW131,Corporate,Non-Veg,1.47,42,Delivered,Cash,118.27,No,Good,
DBW00020,2022-11-25,Friday,Thane,Kurla,4.32,DW141,Hospital,Mix,2.06,36,Delivered,Digital,73.8,Yes,nan,
DBW00021,2023-01-01,Sunday,Lower Parel,Dadar,5.16,DW018,Hospital,Veg,1.87,8,Delivered,Digital,74.41,No,Poor,
DBW00022,2022-09-28,Wednesday,Worli,Thane,8.98,DW015,Corporate,Mix,2.32,48,Delivered,Digital,125.06,Yes,Good,
DBW00023,2022-05-14,Saturday,Worli,Goregaon,12.91,DW068,Corporate,Mix,1.38,48,Returned,Monthly-Pre-paid,113.51,Yes,Good,nan
DBW00024,2023-11-08,Wednesday,Malad,Bandra,10.54,DW023,Corporate,Veg,1.92,37,Delivered,Cash,115.31,No,Average,
DBW00025,2023-07-25,Tuesday,Chembur,Malad,5.58,DW075,Residential,Mix,2.12,48,Delivered,Digital,106.68,Yes,Poor,
DBW00026,2023-04-16,Sunday,Thane,Borivali,5.94,DW089,Corporate,Veg,1.49,23,Delivered,Cash,91.0,No,Excellent,
DBW00027,2022-10-21,Friday,Sion,Ghatkopar,19.25,DW042,Corporate,Non-Veg,2.36,76,Delivered,Monthly-Pre-paid,181.02,Yes,nan,
DBW00028,2023-08-24,Thursday,Bandra,Andheri,6.46,DW015,Hospital,Mix,0.97,33,Delivered,Monthly-Pre-paid,93.67,No,Poor,
DBW00029,2023-02-03,Friday,Chembur,Vikhroli,11.52,DW145,Hospital,Veg,1.38,54,Delivered,Digital,121.43,No,Good,
DBW00030,2022-11-20,Sunday,Worli,Churchgate,5.61,DW056,Residential,Non-Veg,0.95,25,Delivered,Monthly-Pre-paid,96.89,No,Good,
DBW00031,2022-11-25,Friday,Malad,Bandra,10.97,DW126,Corporate,Mix,1.43,39,Delivered,Cash,130.07,No,Good,
DBW00032,2022-06-15,Wednesday,Bandra,Borivali,19.26,DW094,Corporate,Non-Veg,1.72,70,Delivered,Monthly-Pre-paid,171.05,Yes,Poor,
DBW00033,2022-03-09,Wednesday,Thane,Goregaon,18.29,DW100,Corporate,Veg,2.22,67,Delivered,Digital,179.93,Yes,Good,
DBW00034,2023-02-09,Thursday,Goregaon,Ghatkopar,12.0,DW118,Residential,Veg,1.72,55,Delivered,Digital,132.31,No,Poor,
DBW00035,2023-10-11,Wednesday,Lower Parel,Sion,18.14,DW040,Residential,Non-Veg,1.5,72,Delivered,Cash,182.17,No,Poor,
DBW00036,2022-02-16,Wednesday,Churchgate,Kurla,9.52,DW033,Corporate,Veg,1.03,34,Delivered,Digital,110.94,No,Average,
DBW00037,2023-09-19,Tuesday,Vikhroli,Chembur,9.98,DW150,Hospital,Veg,1.19,47,Delivered,Monthly-Pre-paid,118.31,No,Excellent,
DBW00038,2023-08-28,Monday,Worli,Thane,10.96,DW101,Residential,Mix,1.96,46,Delivered,Digital,123.93,No,Good,
DBW00039,2022-07-22,Friday,Sion,Bandra,17.73,DW044,Residential,Non-Veg,2.24,72,Delivered,Cash,161.06,No,Good,
DBW00040,2023-04-07,Friday,Lower Parel,Goregaon,8.38,DW097,Corporate,Non-Veg,1.59,43,Delivered,Monthly-Pre-paid,90.21,No,Excellent,
DBW00041,2022-05-01,Sunday,Dadar,Sion,13.24,DW060,Corporate,Veg,2.41,33,Delivered,Digital,132.07,Yes,Average,
DBW00042,2023-07-08,Saturday,Dadar,Goregaon,15.25,DW129,Corporate,Mix,1.33,41,Delivered,Monthly-Pre-paid,153.47,No,Good,
DBW00043,2023-05-27,Saturday,Dadar,Chembur,10.61,DW077,Residential,Non-Veg,1.6,37,Delivered,Monthly-Pre-paid,111.09,Yes,Excellent,
DBW00044,2022-09-16,Friday,Thane,Malad,6.3,DW048,Corporate,Veg,1.65,42,Delivered,Cash,96.9,Yes,Average,
DBW00045,2022-02-19,Saturday,Vikhroli,Bandra,15.93,DW104,Corporate,Mix,2.56,42,Delivered,Cash,143.03,No,Excellent,
DBW00046,2023-12-10,Sunday,Chembur,Churchgate,18.94,DW113,Residential,Veg,1.87,70,Delivered,Monthly-Pre-paid,155.52,Yes,nan,
DBW00047,2022-11-22,Tuesday,Churchgate,Andheri,17.74,DW056,Residential,Non-Veg,0.9,61,Delivered,Cash,201.44,No,Average,
DBW00048,2023-10-14,Saturday,Vikhroli,Malad,9.87,DW113,Residential,Non-Veg,2.28,39,Delivered,Monthly-Pre-paid,96.7,No,Excellent,
DBW00049,2023-05-10,Wednesday,Ghatkopar,Churchgate,16.06,DW036,Residential,Veg,2.72,69,Delivered,Cash,174.96,No,Poor,
DBW00050,2023-07-23,Sunday,Worli,Kurla,9.34,DW036,Residential,Mix,1.68,37,Delivered,Digital,113.83,No,Excellent,
DBW00051,2023-07-09,Sunday,Sion,Churchgate,11.11,DW124,Residential,Mix,1.35,41,Delivered,Cash,107.11,No,Excellent,
DBW00052,2022-05-23,Monday,Ghatkopar,Malad,16.7,DW094,Corporate,Veg,2.23,88,Delayed,Monthly-Pre-paid,161.59,Yes,Good,
DBW00053,2022-09-23,Friday,Dadar,Thane,8.14,DW006,Corporate,Veg,2.78,44,Delivered,Digital,90.91,No,Excellent,
DBW00054,2022-12-07,Wednesday,Worli,Ghatkopar,19.79,DW102,Corporate,Veg,2.22,82,Delivered,Monthly-Pre-paid,193.66,No,Poor,
DBW00055,2022-12-30,Friday,Kurla,Bandra,12.46,DW046,Corporate,Non-Veg,0.99,52,Delivered,Cash,118.18,No,nan,
DBW00056,2022-02-01,Tuesday,Kurla,Churchgate,9.9,DW042,Residential,Non-Veg,2.18,53,Delivered,Cash,106.58,No,Average,
DBW00057,2023-02-03,Friday,Borivali,Vikhroli,5.59,DW064,Residential,Non-Veg,2.0,42,Delivered,Digital,74.17,No,Good,
DBW00058,2022-04-23,Saturday,Andheri,Malad,0.5,DW068,Corporate,Veg,1.32,8,Delivered,Cash,50.53,No,Good,
DBW00059,2023-06-27,Tuesday,Andheri,Lower Parel,12.55,DW134,Residential,Mix,2.44,49,Delivered,Digital,124.22,No,Good,
DBW00060,2023-05-14,Sunday,Dadar,Ghatkopar,8.01,DW066,Residential,Non-Veg,2.02,30,Delivered,Monthly-Pre-paid,79.44,Yes,Excellent,
DBW00061,2023-11-05,Sunday,Chembur,Sion,10.54,DW045,Residential,Non-Veg,2.46,34,Delivered,Digital,106.12,No,nan,
DBW00062,2023-06-28,Wednesday,Thane,Dadar,9.95,DW117,School,Non-Veg,1.27,32,Delivered,Monthly-Pre-paid,115.09,No,Excellent,
DBW00063,2022-09-25,Sunday,Dadar,Borivali,11.19,DW082,Corporate,Mix,2.0,44,Delivered,Cash,92.95,No,Good,
DBW00064,2023-12-08,Friday,Borivali,Sion,2.68,DW001,Corporate,Veg,1.35,43,Delivered,Cash,69.43,No,Average,
DBW00065,2022-10-27,Thursday,Dadar,Lower Parel,7.64,DW095,Corporate,Mix,1.92,43,Delivered,Cash,91.44,No,Average,
DBW00066,2022-08-26,Friday,Lower Parel,Churchgate,14.54,DW076,Residential,Non-Veg,2.54,67,Delivered,Digital,152.78,No,nan,
DBW00067,2023-10-24,Tuesday,Dadar,Worli,13.78,DW087,Corporate,Non-Veg,1.09,43,Delivered,Digital,143.56,Yes,nan,
DBW00068,2022-09-28,Wednesday,Lower Parel,Borivali,15.72,DW028,Hospital,Veg,1.12,51,Delivered,Digital,145.74,Yes,Good,
DBW00069,2022-02-25,Friday,Ghatkopar,Malad,16.99,DW072,Corporate,Mix,2.28,72,Delivered,Cash,149.72,Yes,nan,
DBW00070,2022-12-09,Friday,Goregaon,Goregaon,0.5,DW098,Residential,Mix,1.79,36,Delivered,Digital,23.49,No,nan,
DBW00071,2023-08-04,Friday,Churchgate,Dadar,12.94,DW102,Residential,Non-Veg,2.39,54,Delivered,Monthly-Pre-paid,110.89,No,Poor,
DBW00072,2022-05-19,Thursday,Bandra,Malad,10.46,DW103,Corporate,Mix,1.4,47,Delivered,Cash,118.87,No,nan,
DBW00073,2022-12-04,Sunday,Bandra,Sion,16.93,DW150,Residential,Mix,1.83,63,Delivered,Monthly-Pre-paid,162.98,No,Good,
DBW00074,2022-04-05,Tuesday,Andheri,Malad,1.73,DW076,Residential,Mix,2.14,42,Delayed,Cash,20.83,No,Excellent,
DBW00075,2023-05-17,Wednesday,Malad,Ghatkopar,15.82,DW065,Residential,Veg,1.91,57,Delivered,Monthly-Pre-paid,147.31,No,Poor,
DBW00076,2022-12-14,Wednesday,Borivali,Worli,6.83,DW082,Residential,Mix,0.91,40,Delivered,Monthly-Pre-paid,94.42,Yes,Good,
DBW00077,2022-08-30,Tuesday,Worli,Thane,10.9,DW050,Residential,Veg,3.21,45,Delivered,Digital,136.62,Yes,nan,
DBW00078,2022-06-15,Wednesday,Ghatkopar,Lower Parel,5.14,DW048,Corporate,Non-Veg,1.91,36,Delivered,Cash,51.84,No,Good,
DBW00079,2023-02-17,Friday,Vikhroli,Kurla,2.9,DW104,Residential,Veg,1.13,29,Delivered,Digital,85.62,No,Good,
DBW00080,2023-05-04,Thursday,Andheri,Sion,10.08,DW047,Corporate,Veg,1.96,52,Delivered,Digital,96.22,Yes,Poor,
DBW00081,2023-11-18,Saturday,Malad,Sion,12.97,DW113,Corporate,Mix,2.01,63,Delayed,Digital,108.23,Yes,Good,
DBW00082,2022-11-16,Wednesday,Dadar,Sion,10.18,DW112,Corporate,Non-Veg,2.3,42,Delivered,Digital,137.8,No,Excellent,
DBW00083,2022-04-28,Thursday,Lower Parel,Thane,14.43,DW144,Residential,Mix,2.26,62,Delivered,Monthly-Pre-paid,129.82,Yes,Average,
DBW00084,2023-08-31,Thursday,Malad,Borivali,12.4,DW020,Corporate,Veg,1.69,50,Delivered,Monthly-Pre-paid,152.06,Yes,Good,
DBW00085,2023-04-05,Wednesday,Bandra,Thane,17.42,DW055,School,Mix,0.94,62,Delivered,Digital,159.4,Yes,Poor,
DBW00086,2023-05-27,Saturday,Thane,Thane,0.5,DW116,Corporate,Mix,2.03,8,Delivered,Monthly-Pre-paid,29.6,Yes,nan,
DBW00087,2022-03-12,Saturday,Sion,Kurla,6.6,DW065,Corporate,Non-Veg,0.98,20,Delivered,Cash,63.21,No,Good,
DBW00088,2022-08-17,Wednesday,Sion,Goregaon,15.88,DW099,Corporate,Veg,2.41,74,Delayed,Monthly-Pre-paid,176.24,No,Average,
DBW00089,2023-07-15,Saturday,Dadar,Thane,9.52,DW111,Corporate,Veg,1.43,37,Delivered,Cash,123.26,Yes,Excellent,
DBW00090,2023-08-31,Thursday,Thane,Chembur,5.43,DW133,Corporate,Non-Veg,2.12,40,Delivered,Digital,63.5,No,Average,
DBW00091,2022-11-14,Monday,Lower Parel,Sion,16.99,DW034,Residential,Non-Veg,1.47,71,Delivered,Monthly-Pre-paid,164.8,No,Good,
DBW00092,2023-08-11,Friday,Goregaon,Dadar,13.25,DW040,Corporate,Non-Veg,1.55,74,Delayed,Cash,145.9,Yes,Good,
DBW00093,2023-09-07,Thursday,Ghatkopar,Kurla,13.46,DW071,Corporate,Veg,1.4,70,Delayed,Digital,130.57,No,Poor,
DBW00094,2022-10-10,Monday,Sion,Dadar,12.22,DW076,Corporate,Non-Veg,2.16,53,Delivered,Cash,148.23,Yes,Good,
DBW00095,2023-10-18,Wednesday,Worli,Vikhroli,8.31,DW136,Corporate,Non-Veg,1.49,40,Delivered,Monthly-Pre-paid,94.91,No,Poor,
DBW00096,2022-07-30,Saturday,Andheri,Churchgate,16.19,DW006,School,Non-Veg,2.18,57,Delivered,Digital,151.7,No,Good,
DBW00097,2022-06-24,Friday,Bandra,Worli,21.33,DW037,Corporate,Veg,1.5,99,Delayed,Cash,176.86,Yes,nan,
DBW00098,2023-05-14,Sunday,Malad,Lower Parel,14.55,DW137,Residential,Non-Veg,1.68,42,Delivered,Cash,127.0,No,Average,
DBW00099,2023-04-10,Monday,Thane,Sion,3.53,DW093,Residential,Mix,1.82,33,Delivered,Cash,67.06,No,Average,
DBW00100,2022-04-13,Wednesday,Lower Parel,Chembur,17.02,DW102,Corporate,Non-Veg,1.88,62,Delivered,Cash,169.72,Yes,Excellent,
DBW00101,2023-08-31,Thursday,Lower Parel,Bandra,10.2,DW038,Hospital,Veg,1.34,33,Delivered,Digital,123.87,Yes,Average,
DBW00102,2022-05-26,Thursday,Malad,Sion,11.48,DW094,Corporate,Mix,2.15,60,Delivered,Cash,113.38,No,Good,
DBW00103,2023-08-11,Friday,Chembur,Ghatkopar,20.4,DW056,Hospital,Veg,1.66,80,Returned,Cash,168.58,No,Average,Damaged
DBW00104,2022-01-06,Thursday,Churchgate,Vikhroli,8.25,DW110,Residential,Mix,2.07,28,Delivered,Digital,88.52,No,Poor,
DBW00105,2023-08-05,Saturday,Kurla,Borivali,5.16,DW014,Corporate,Veg,1.79,22,Delivered,Digital,101.82,No,Average,
DBW00106,2023-07-29,Saturday,Andheri,Kurla,6.54,DW043,Hospital,Veg,2.09,25,Delivered,Digital,67.84,No,Good,
DBW00107,2023-07-24,Monday,Borivali,Thane,4.84,DW097,Corporate,Non-Veg,1.59,23,Delivered,Digital,68.16,Yes,Poor,
DBW00108,2023-05-01,Monday,Thane,Lower Parel,15.37,DW091,School,Mix,1.41,55,Delivered,Monthly-Pre-paid,116.78,No,Average,
DBW00109,2022-12-11,Sunday,Andheri,Lower Parel,12.72,DW127,School,Non-Veg,2.01,41,Delivered,Digital,123.96,Yes,Average,
DBW00110,2023-05-30,Tuesday,Andheri,Borivali,11.17,DW121,Corporate,Veg,1.55,51,Delivered,Digital,113.13,No,nan,
DBW00111,2022-07-22,Friday,Kurla,Dadar,7.24,DW003,Corporate,Mix,2.53,50,Delivered,Digital,92.88,Yes,Excellent,
DBW00112,2023-07-24,Monday,Chembur,Borivali,10.72,DW014,Hospital,Veg,1.83,55,Delivered,Cash,110.99,Yes,Good,
DBW00113,2023-02-10,Friday,Sion,Goregaon,16.89,DW054,Corporate,Non-Veg,1.11,57,Delivered,Monthly-Pre-paid,142.32,No,Excellent,
DBW00114,2022-12-02,Friday,Andheri,Ghatkopar,13.89,DW144,Residential,Veg,1.51,62,Delivered,Digital,131.16,Yes,Average,
DBW00115,2023-01-05,Thursday,Ghatkopar,Andheri,15.83,DW072,Corporate,Mix,1.3,62,Delivered,Digital,153.6,No,Good,
DBW00116,2023-02-20,Monday,Ghatkopar,Vikhroli,15.34,DW134,Corporate,Non-Veg,2.34,59,Delivered,Digital,137.77,Yes,Average,
DBW00117,2022-01-28,Friday,Kurla,Lower Parel,10.46,DW009,Residential,Veg,2.19,52,Delivered,Digital,100.91,No,Excellent,
DBW00118,2022-04-13,Wednesday,Lower Parel,Kurla,13.45,DW145,Residential,Non-Veg,1.77,57,Delivered,Monthly-Pre-paid,152.69,No,Average,
DBW00119,2022-06-29,Wednesday,Chembur,Churchgate,20.32,DW010,Residential,Veg,1.95,88,Delayed,Digital,183.16,No,Excellent,
DBW00120,2022-03-25,Friday,Worli,Malad,14.77,DW122,Residential,Non-Veg,1.76,64,Delivered,Digital,154.79,No,Good,
DBW00121,2022-11-17,Thursday,Lower Parel,Thane,13.33,DW132,Corporate,Non-Veg,2.23,57,Delivered,Cash,134.02,No,Good,
DBW00122,2023-05-03,Wednesday,Vikhroli,Andheri,8.5,DW045,Corporate,Mix,2.06,32,Delivered,Cash,79.54,Yes,Average,
DBW00123,2023-04-23,Sunday,Kurla,Malad,7.23,DW046,Corporate,Mix,2.15,19,Delivered,Monthly-Pre-paid,82.84,Yes,Good,
DBW00124,2022-12-10,Saturday,Sion,Sion,1.59,DW088,Corporate,Non-Veg,1.7,9,Delivered,Monthly-Pre-paid,47.09,Yes,Average,
DBW00125,2023-09-17,Sunday,Ghatkopar,Worli,18.37,DW109,Corporate,Veg,1.48,58,Delivered,Monthly-Pre-paid,203.0,Yes,Excellent,
DBW00126,2023-02-17,Friday,Lower Parel,Ghatkopar,5.59,DW019,Residential,Veg,2.13,64,Delayed,Digital,63.14,Yes,Average,
DBW00127,2022-02-27,Sunday,Ghatkopar,Malad,13.01,DW036,Corporate,Non-Veg,2.58,42,Delivered,Monthly-Pre-paid,132.79,No,Good,
DBW00128,2023-07-13,Thursday,Malad,Sion,10.5,DW114,Corporate,Non-Veg,2.35,54,Delivered,Digital,127.61,Yes,Excellent,
DBW00129,2023-02-24,Friday,Worli,Kurla,9.43,DW122,Residential,Non-Veg,2.59,53,Delivered,Cash,124.37,No,Poor,
DBW00130,2023-04-09,Sunday,Dadar,Worli,15.1,DW024,Corporate,Mix,1.88,52,Delayed,Cash,141.04,No,nan,
DBW00131,2023-02-17,Friday,Churchgate,Goregaon,10.67,DW134,School,Mix,1.32,57,Delayed,Digital,112.99,No,Excellent,
DBW00132,2023-02-09,Thursday,Sion,Malad,11.82,DW131,Corporate,Non-Veg,1.36,57,Returned,Digital,141.24,No,Excellent,Wrong Address
DBW00133,2022-03-08,Tuesday,Malad,Worli,14.6,DW131,Corporate,Veg,2.49,61,Delivered,Cash,154.45,Yes,Average,
DBW00134,2023-02-13,Monday,Sion,Chembur,11.9,DW037,Hospital,Non-Veg,0.87,56,Delivered,Cash,140.69,No,nan,
DBW00135,2023-08-04,Friday,Andheri,Thane,8.21,DW101,Residential,Veg,2.55,50,Delivered,Digital,113.27,No,Good,
DBW00136,2022-08-10,Wednesday,Ghatkopar,Lower Parel,2.17,DW025,Hospital,Non-Veg,1.41,30,Delivered,Monthly-Pre-paid,55.64,No,Average,
DBW00137,2023-03-17,Friday,Ghatkopar,Borivali,17.52,DW030,Corporate,Non-Veg,2.76,77,Delivered,Cash,172.29,No,Excellent,
DBW00138,2022-01-23,Sunday,Bandra,Worli,21.79,DW011,Corporate,Non-Veg,1.76,57,Delivered,Cash,194.28,No,Excellent,
DBW00139,2022-09-11,Sunday,Borivali,Vikhroli,5.15,DW074,Residential,Non-Veg,2.16,33,Delivered,Digital,67.53,Yes,Excellent,
DBW00140,2022-11-15,Tuesday,Sion,Ghatkopar,18.11,DW107,Corporate,Veg,2.99,65,Delivered,Cash,172.25,Yes,Average,
DBW00141,2023-12-19,Tuesday,Worli,Dadar,13.74,DW030,Residential,Veg,1.63,56,Delivered,Monthly-Pre-paid,157.88,No,Good,
DBW00142,2022-06-06,Monday,Borivali,Malad,12.2,DW028,Corporate,Mix,1.63,47,Delivered,Digital,130.24,No,Average,
DBW00143,2022-07-21,Thursday,Chembur,Churchgate,18.88,DW042,Corporate,Non-Veg,1.45,70,Delivered,Digital,183.86,No,Excellent,
DBW00144,2022-10-26,Wednesday,Goregaon,Borivali,15.78,DW030,Corporate,Veg,1.3,61,Delivered,Digital,141.34,No,Excellent,
DBW00145,2023-12-26,Tuesday,Churchgate,Sion,11.54,DW125,Residential,Mix,1.64,35,Delivered,Cash,140.43,Yes,Good,
DBW00146,2023-09-15,Friday,Kurla,Borivali,7.33,DW026,Corporate,Veg,1.52,38,Delivered,Cash,77.12,No,Good,
DBW00147,2022-01-26,Wednesday,Vikhroli,Borivali,4.99,DW042,School,Non-Veg,1.17,25,Delivered,Digital,65.68,No,Good,
DBW00148,2022-06-20,Monday,Bandra,Ghatkopar,7.93,DW046,Corporate,Mix,1.69,34,Delivered,Monthly-Pre-paid,113.11,Yes,Average,
DBW00149,2023-08-23,Wednesday,Churchgate,Churchgate,0.5,DW031,Residential,Non-Veg,2.02,26,Delivered,Monthly-Pre-paid,47.3,Yes,Good,
DBW00150,2022-02-12,Saturday,Malad,Kurla,4.98,DW142,Corporate,Mix,1.35,28,Delivered,Digital,57.07,No,Poor,
DBW00151,2023-09-17,Sunday,Borivali,Churchgate,9.15,DW032,Residential,Non-Veg,1.72,47,Returned,Digital,87.02,Yes,Average,nan
DBW00152,2022-07-25,Monday,Malad,Chembur,2.95,DW073,Hospital,Non-Veg,2.5,55,Delayed,Monthly-Pre-paid,50.54,Yes,Good,
DBW00153,2023-11-01,Wednesday,Andheri,Bandra,8.82,DW085,Residential,Non-Veg,1.09,36,Delivered,Cash,91.9,No,Poor,
DBW00154,2022-08-03,Wednesday,Dadar,Andheri,4.71,DW040,Corporate,Non-Veg,2.77,35,Delivered,Cash,45.64,No,Good,
DBW00155,2022-11-14,Monday,Borivali,Andheri,10.74,DW071,Residential,Non-Veg,1.46,47,Delivered,Digital,104.61,Yes,Good,
DBW00156,2023-04-29,Saturday,Andheri,Dadar,7.52,DW026,Corporate,Mix,1.9,47,Delayed,Digital,48.94,No,Average,
DBW00157,2022-04-03,Sunday,Churchgate,Malad,16.91,DW073,Residential,Mix,2.44,53,Delivered,Monthly-Pre-paid,178.81,Yes,nan,
DBW00158,2023-02-11,Saturday,Andheri,Churchgate,16.55,DW003,Residential,Non-Veg,2.59,56,Delivered,Digital,175.03,Yes,Excellent,
DBW00159,2023-01-04,Wednesday,Thane,Churchgate,10.38,DW066,Corporate,Non-Veg,2.03,54,Delivered,Monthly-Pre-paid,134.18,Yes,Excellent,
DBW00160,2023-07-27,Thursday,Worli,Kurla,9.25,DW055,Residential,Non-Veg,1.45,44,Delivered,Digital,109.32,No,Poor,
DBW00161,2023-12-29,Friday,Lower Parel,Churchgate,13.2,DW053,Residential,Mix,1.41,62,Delivered,Digital,128.89,No,Good,
DBW00162,2023-04-30,Sunday,Lower Parel,Ghatkopar,4.03,DW017,Corporate,Non-Veg,1.51,23,Delivered,Cash,77.61,Yes,Poor,
DBW00163,2022-10-26,Wednesday,Lower Parel,Ghatkopar,1.68,DW150,Corporate,Non-Veg,2.74,33,Delivered,Cash,32.95,No,Good,
DBW00164,2022-10-24,Monday,Churchgate,Borivali,9.03,DW005,Corporate,Non-Veg,1.61,33,Delivered,Cash,82.38,Yes,nan,
DBW00165,2022-11-02,Wednesday,Lower Parel,Churchgate,13.11,DW022,Residential,Non-Veg,1.96,71,Returned,Cash,132.65,Yes,Excellent,nan
DBW00166,2023-08-18,Friday,Andheri,Vikhroli,9.85,DW016,Residential,Non-Veg,1.28,53,Delivered,Monthly-Pre-paid,115.0,Yes,nan,
DBW00167,2022-08-23,Tuesday,Worli,Andheri,15.03,DW147,Corporate,Mix,1.22,48,Delivered,Digital,138.04,No,Average,
DBW00168,2022-05-02,Monday,Thane,Churchgate,10.15,DW048,Corporate,Mix,1.81,52,Delivered,Monthly-Pre-paid,95.48,No,nan,
DBW00169,2022-09-02,Friday,Kurla,Goregaon,15.58,DW065,Corporate,Veg,1.64,71,Delivered,Cash,148.43,No,Excellent,
DBW00170,2022-01-17,Monday,Thane,Churchgate,11.29,DW113,Corporate,Veg,1.67,57,Delivered,Cash,126.53,Yes,Good,
DBW00171,2022-03-19,Saturday,Vikhroli,Bandra,14.62,DW008,Corporate,Mix,1.06,54,Delivered,Cash,144.76,No,Excellent,
DBW00172,2022-03-07,Monday,Worli,Kurla,7.13,DW011,Corporate,Veg,1.76,38,Delivered,Cash,126.61,No,Poor,
DBW00173,2023-07-18,Tuesday,Malad,Chembur,3.83,DW028,Corporate,Non-Veg,2.57,34,Delivered,Cash,58.61,Yes,Good,
DBW00174,2023-06-12,Monday,Lower Parel,Chembur,19.54,DW102,Residential,Non-Veg,1.37,75,Delivered,Cash,197.61,No,Good,
DBW00175,2023-05-24,Wednesday,Sion,Churchgate,9.67,DW147,Residential,Veg,2.25,47,Delivered,Cash,85.6,No,Excellent,
DBW00176,2022-12-04,Sunday,Sion,Lower Parel,17.11,DW094,Corporate,Non-Veg,0.5,50,Delivered,Digital,175.65,No,Average,
DBW00177,2023-06-08,Thursday,Thane,Kurla,2.15,DW131,Residential,Non-Veg,1.4,14,Delivered,Monthly-Pre-paid,40.29,No,Average,
DBW00178,2022-04-28,Thursday,Vikhroli,Dadar,5.5,DW133,Corporate,Mix,0.84,39,Delivered,Cash,73.88,Yes,Excellent,
DBW00179,2023-10-20,Friday,Thane,Borivali,6.28,DW042,Corporate,Mix,2.42,40,Delivered,Monthly-Pre-paid,105.52,Yes,Average,
DBW00180,2023-01-01,Sunday,Malad,Bandra,9.84,DW028,School,Mix,2.24,40,Delivered,Monthly-Pre-paid,103.11,No,Excellent,
DBW00181,2023-11-16,Thursday,Dadar,Bandra,6.93,DW025,Residential,Non-Veg,1.28,45,Delivered,Cash,65.8,No,nan,
DBW00182,2022-04-22,Friday,Malad,Borivali,10.72,DW120,Corporate,Mix,1.94,53,Delivered,Cash,98.46,Yes,Poor,
DBW00183,2022-12-30,Friday,Ghatkopar,Borivali,19.69,DW101,Corporate,Mix,2.4,67,Delivered,Cash,190.08,No,Excellent,
DBW00184,2023-05-24,Wednesday,Malad,Churchgate,15.7,DW130,Residential,Mix,2.48,58,Delivered,Monthly-Pre-paid,157.39,No,Good,
DBW00185,2022-12-28,Wednesday,Ghatkopar,Borivali,20.77,DW077,Corporate,Non-Veg,1.6,77,Delivered,Monthly-Pre-paid,197.33,No,Good,
DBW00186,2022-11-22,Tuesday,Kurla,Andheri,8.58,DW147,School,Veg,0.7,42,Delivered,Monthly-Pre-paid,79.33,No,Poor,
DBW00187,2022-05-02,Monday,Dadar,Churchgate,13.6,DW135,Corporate,Non-Veg,1.35,55,Delivered,Digital,169.17,No,nan,
DBW00188,2022-10-06,Thursday,Goregaon,Andheri,19.53,DW122,Corporate,Veg,2.18,63,Delivered,Cash,208.2,No,Good,
DBW00189,2022-06-24,Friday,Churchgate,Ghatkopar,14.04,DW121,Residential,Veg,2.85,63,Delivered,Monthly-Pre-paid,144.31,Yes,Good,
DBW00190,2022-08-09,Tuesday,Sion,Goregaon,16.2,DW019,Residential,Veg,1.77,64,Delivered,Monthly-Pre-paid,136.75,No,Excellent,
DBW00191,2023-05-15,Monday,Malad,Bandra,11.29,DW112,Residential,Non-Veg,1.5,51,Delivered,Monthly-Pre-paid,144.09,No,Good,
DBW00192,2023-04-06,Thursday,Borivali,Dadar,11.18,DW143,School,Mix,3.0,53,Delivered,Monthly-Pre-paid,136.47,No,nan,
DBW00193,2023-03-20,Monday,Lower Parel,Sion,15.84,DW044,Hospital,Veg,2.0,52,Delivered,Cash,158.26,Yes,nan,
DBW00194,2022-09-22,Thursday,Churchgate,Borivali,9.48,DW123,Corporate,Veg,1.19,39,Delivered,Digital,123.84,Yes,Good,
DBW00195,2023-12-02,Saturday,Worli,Borivali,7.04,DW053,Corporate,Veg,1.74,25,Delivered,Digital,78.92,No,Excellent,
DBW00196,2022-03-05,Saturday,Dadar,Vikhroli,6.9,DW032,Corporate,Veg,2.3,34,Delivered,Cash,70.83,No,Good,
DBW00197,2022-09-08,Thursday,Andheri,Borivali,11.45,DW110,Residential,Non-Veg,1.76,49,Delivered,Monthly-Pre-paid,123.98,No,Good,
DBW00198,2022-03-28,Monday,Lower Parel,Andheri,13.09,DW025,Residential,Non-Veg,2.2,64,Delivered,Digital,111.4,Yes,Average,
DBW00199,2022-09-05,Monday,Ghatkopar,Dadar,8.18,DW073,Corporate,Non-Veg,1.0,53,Delayed,Monthly-Pre-paid,78.79,No,Average,
DBW00200,2023-12-04,Monday,Ghatkopar,Ghatkopar,0.5,DW141,School,Veg,1.08,27,Delivered,Cash,42.16,Yes,Average,
DBW00201,2022-09-25,Sunday,Goregaon,Vikhroli,14.43,DW024,Corporate,Non-Veg,1.43,57,Delayed,Digital,149.06,No,Good,
DBW00202,2023-10-26,Thursday,Goregaon,Vikhroli,14.21,DW024,Hospital,Non-Veg,1.66,49,Delivered,Monthly-Pre-paid,122.93,No,Average,
DBW00203,2022-12-28,Wednesday,Lower Parel,Thane,17.99,DW142,Hospital,Veg,1.97,60,Delivered,Cash,167.76,No,Average,
DBW00204,2023-05-26,Friday,Ghatkopar,Ghatkopar,0.5,DW117,Corporate,Mix,2.12,34,Delivered,Digital,13.93,No,Average,
DBW00205,2022-11-30,Wednesday,Borivali,Vikhroli,6.48,DW070,Corporate,Veg,3.03,42,Delivered,Monthly-Pre-paid,74.52,Yes,Average,
DBW00206,2022-07-14,Thursday,Goregaon,Kurla,15.51,DW061,Corporate,Veg,1.43,69,Delivered,Monthly-Pre-paid,145.11,No,Poor,
DBW00207,2023-07-12,Wednesday,Bandra,Worli,21.28,DW145,Hospital,Veg,1.64,94,Delayed,Monthly-Pre-paid,215.13,No,Good,
DBW00208,2023-12-09,Saturday,Thane,Kurla,3.07,DW109,Corporate,Non-Veg,1.44,26,Delivered,Digital,52.22,No,Excellent,
DBW00209,2022-07-12,Tuesday,Worli,Bandra,21.15,DW137,Hospital,Non-Veg,2.34,76,Delayed,Cash,195.56,No,Excellent,
DBW00210,2023-07-23,Sunday,Andheri,Sion,11.63,DW014,Residential,Veg,2.37,38,Delivered,Cash,117.13,No,Average,
DBW00211,2022-07-10,Sunday,Borivali,Malad,11.89,DW080,Residential,Non-Veg,1.58,39,Delivered,Monthly-Pre-paid,99.27,No,Good,
DBW00212,2023-06-08,Thursday,Bandra,Goregaon,21.52,DW109,Hospital,Veg,2.83,93,Delayed,Digital,200.68,Yes,Good,
DBW00213,2023-07-30,Sunday,Vikhroli,Lower Parel,12.52,DW006,Corporate,Mix,1.45,36,Delivered,Digital,137.42,No,Excellent,
DBW00214,2022-11-25,Friday,Worli,Goregaon,14.67,DW077,Residential,Veg,2.31,70,Delivered,Monthly-Pre-paid,150.8,Yes,nan,
DBW00215,2023-06-22,Thursday,Bandra,Borivali,19.56,DW009,Corporate,Mix,2.53,72,Delivered,Digital,196.85,Yes,Good,
DBW00216,2022-07-18,Monday,Andheri,Churchgate,18.11,DW136,Corporate,Non-Veg,1.12,64,Delivered,Digital,185.99,Yes,Excellent,
DBW00217,2022-02-27,Sunday,Sion,Borivali,0.5,DW103,Corporate,Mix,2.09,20,Delivered,Digital,66.97,No,Good,
DBW00218,2022-03-12,Saturday,Ghatkopar,Dadar,10.18,DW029,Corporate,Non-Veg,0.5,37,Delayed,Digital,94.49,No,Good,
DBW00219,2022-11-23,Wednesday,Borivali,Goregaon,16.34,DW079,Residential,Veg,2.21,74,Delayed,Digital,164.26,No,Poor,
DBW00220,2023-10-21,Saturday,Goregaon,Andheri,19.6,DW017,Corporate,Non-Veg,1.25,52,Delivered,Monthly-Pre-paid,192.0,Yes,Poor,
DBW00221,2022-04-04,Monday,Worli,Andheri,16.24,DW121,Residential,Non-Veg,2.08,70,Delivered,Monthly-Pre-paid,155.15,No,Average,
DBW00222,2022-11-29,Tuesday,Worli,Churchgate,5.37,DW030,Corporate,Mix,2.18,36,Delivered,Digital,63.51,Yes,Good,
DBW00223,2023-05-29,Monday,Bandra,Chembur,12.59,DW092,Residential,Non-Veg,2.36,54,Delivered,Digital,138.19,No,nan,
DBW00224,2022-05-28,Saturday,Lower Parel,Dadar,6.64,DW012,Hospital,Veg,2.25,26,Delivered,Monthly-Pre-paid,89.14,Yes,Good,
DBW00225,2023-06-11,Sunday,Dadar,Chembur,11.09,DW024,Residential,Veg,1.83,30,Delivered,Digital,102.89,No,Average,
DBW00226,2022-08-12,Friday,Bandra,Lower Parel,9.45,DW148,School,Mix,1.61,39,Delivered,Cash,78.66,Yes,Good,
DBW00227,2023-08-14,Monday,Vikhroli,Lower Parel,11.95,DW058,Corporate,Veg,1.76,61,Delayed,Digital,118.21,Yes,Good,
DBW00228,2023-02-27,Monday,Andheri,Goregaon,23.6,DW019,Corporate,Mix,1.24,77,Delivered,Monthly-Pre-paid,208.7,No,Excellent,
DBW00229,2023-02-04,Saturday,Borivali,Vikhroli,5.75,DW105,Residential,Veg,1.69,27,Delivered,Digital,85.03,No,Excellent,
DBW00230,2022-05-10,Tuesday,Sion,Sion,0.5,DW031,Corporate,Veg,1.65,26,Delivered,Digital,20.14,No,Poor,
DBW00231,2022-12-05,Monday,Chembur,Churchgate,17.67,DW089,Residential,Mix,1.41,62,Delivered,Monthly-Pre-paid,168.7,No,Average,
DBW00232,2023-09-18,Monday,Andheri,Thane,7.38,DW122,Residential,Non-Veg,0.93,41,Delivered,Cash,63.42,Yes,nan,
DBW00233,2022-01-15,Saturday,Ghatkopar,Chembur,18.57,DW103,Corporate,Non-Veg,1.16,55,Delivered,Monthly-Pre-paid,155.25,No,Average,
DBW00234,2023-07-08,Saturday,Ghatkopar,Dadar,9.28,DW038,Hospital,Veg,0.5,41,Delayed,Cash,92.66,No,Excellent,
DBW00235,2022-12-26,Monday,Thane,Bandra,16.25,DW036,Corporate,Veg,1.65,63,Delivered,Cash,156.23,No,Excellent,
DBW00236,2023-06-10,Saturday,Bandra,Churchgate,19.15,DW034,Residential,Veg,1.98,74,Delayed,Cash,170.93,No,Average,
DBW00237,2023-04-30,Sunday,Kurla,Chembur,10.13,DW095,Corporate,Veg,0.5,29,Delivered,Cash,113.2,No,Good,
DBW00238,2022-11-12,Saturday,Worli,Kurla,9.11,DW101,Residential,Veg,1.92,41,Delivered,Digital,77.4,No,Excellent,
DBW00239,2022-08-14,Sunday,Goregaon,Sion,17.76,DW079,Corporate,Non-Veg,1.74,62,Delayed,Digital,168.86,Yes,Good,
DBW00240,2023-04-03,Monday,Worli,Borivali,6.2,DW060,School,Veg,1.21,27,Delivered,Digital,76.54,No,Average,
DBW00241,2022-04-13,Wednesday,Andheri,Lower Parel,13.91,DW010,School,Non-Veg,1.58,66,Delayed,Monthly-Pre-paid,119.54,No,Average,
DBW00242,2023-03-03,Friday,Ghatkopar,Borivali,20.86,DW126,Residential,Mix,2.33,72,Delivered,Cash,200.32,Yes,Excellent,
DBW00243,2022-03-11,Friday,Malad,Chembur,4.71,DW100,Residential,Veg,1.31,36,Delivered,Monthly-Pre-paid,35.13,Yes,Poor,
DBW00244,2023-04-20,Thursday,Worli,Dadar,15.0,DW096,Residential,Mix,1.84,61,Delivered,Digital,139.69,No,nan,
DBW00245,2023-04-04,Tuesday,Kurla,Churchgate,10.27,DW016,Residential,Non-Veg,1.97,42,Delivered,Monthly-Pre-paid,123.98,Yes,Average,
DBW00246,2022-03-03,Thursday,Worli,Bandra,21.67,DW044,Residential,Non-Veg,1.39,88,Delayed,Monthly-Pre-paid,170.01,No,Excellent,
DBW00247,2023-07-07,Friday,Thane,Ghatkopar,19.43,DW046,Residential,Mix,2.3,79,Delivered,Cash,195.5,Yes,Average,
DBW00248,2022-10-31,Monday,Sion,Dadar,13.22,DW090,Hospital,Mix,2.0,59,Delivered,Cash,118.27,Yes,Good,
DBW00249,2023-07-29,Saturday,Borivali,Goregaon,15.66,DW119,Residential,Mix,1.67,49,Delivered,Monthly-Pre-paid,146.46,No,Excellent,
DBW00250,2022-01-31,Monday,Ghatkopar,Borivali,18.68,DW130,Corporate,Mix,2.98,64,Delivered,Digital,200.52,Yes,Average,
DBW00251,2022-05-12,Thursday,Bandra,Lower Parel,10.46,DW079,Hospital,Veg,2.31,45,Delivered,Cash,104.29,Yes,nan,
DBW00252,2022-12-27,Tuesday,Ghatkopar,Worli,16.59,DW055,Corporate,Non-Veg,0.96,58,Delivered,Monthly-Pre-paid,186.91,No,Good,
DBW00253,2022-05-18,Wednesday,Worli,Chembur,17.66,DW062,Corporate,Non-Veg,1.61,79,Returned,Monthly-Pre-paid,166.74,No,Excellent,Damaged
DBW00254,2022-08-29,Monday,Vikhroli,Lower Parel,12.15,DW111,School,Non-Veg,3.03,67,Delivered,Digital,125.96,No,Excellent,
DBW00255,2023-04-28,Friday,Lower Parel,Goregaon,8.99,DW048,Corporate,Mix,1.31,46,Delivered,Cash,114.54,No,Good,
DBW00256,2022-04-16,Saturday,Churchgate,Borivali,8.4,DW063,Corporate,Non-Veg,1.83,23,Delivered,Monthly-Pre-paid,105.34,No,Average,
DBW00257,2023-05-10,Wednesday,Andheri,Goregaon,19.09,DW118,Residential,Non-Veg,2.42,79,Delivered,Digital,185.03,No,Excellent,
DBW00258,2022-03-17,Thursday,Bandra,Vikhroli,13.36,DW082,Hospital,Mix,2.13,48,Delivered,Digital,129.93,Yes,Excellent,
DBW00259,2022-05-08,Sunday,Bandra,Borivali,18.3,DW071,Corporate,Mix,2.2,67,Delayed,Cash,153.14,No,nan,
DBW00260,2023-03-05,Sunday,Goregaon,Churchgate,8.68,DW111,Residential,Mix,2.17,32,Delivered,Monthly-Pre-paid,76.94,Yes,Poor,
DBW00261,2023-08-03,Thursday,Churchgate,Churchgate,0.5,DW044,Corporate,Non-Veg,1.81,19,Delivered,Monthly-Pre-paid,53.7,No,nan,
DBW00262,2022-05-05,Thursday,Sion,Worli,6.33,DW010,Corporate,Veg,1.4,33,Delivered,Monthly-Pre-paid,106.1,Yes,Excellent,
DBW00263,2022-08-07,Sunday,Lower Parel,Worli,15.2,DW119,Corporate,Mix,2.02,36,Delivered,Digital,153.57,No,nan,
DBW00264,2023-11-07,Tuesday,Malad,Andheri,2.89,DW069,Corporate,Mix,1.6,20,Delivered,Cash,26.54,Yes,Good,
DBW00265,2023-12-24,Sunday,Vikhroli,Worli,6.86,DW049,School,Veg,1.56,15,Delivered,Digital,73.27,Yes,Good,
DBW00266,2023-03-01,Wednesday,Churchgate,Bandra,19.96,DW015,Residential,Veg,2.54,73,Delivered,Digital,177.36,Yes,Good,
DBW00267,2022-11-23,Wednesday,Bandra,Worli,20.18,DW139,Hospital,Non-Veg,1.61,64,Delivered,Cash,183.09,Yes,nan,
DBW00268,2022-09-11,Sunday,Borivali,Lower Parel,15.68,DW109,Hospital,Veg,2.65,52,Delivered,Digital,142.16,Yes,Good,
DBW00269,2023-03-24,Friday,Worli,Worli,0.5,DW042,School,Non-Veg,1.93,30,Delivered,Monthly-Pre-paid,41.81,No,nan,
DBW00270,2023-03-08,Wednesday,Bandra,Worli,19.18,DW092,Residential,Non-Veg,1.72,68,Delivered,Cash,187.18,Yes,nan,
DBW00271,2022-08-04,Thursday,Chembur,Kurla,6.94,DW070,Corporate,Veg,0.89,37,Delivered,Cash,109.22,No,nan,
DBW00272,2022-01-17,Monday,Thane,Lower Parel,16.04,DW050,Hospital,Mix,2.86,76,Returned,Digital,152.48,Yes,Good,nan
DBW00273,2022-04-21,Thursday,Vikhroli,Worli,8.33,DW047,Residential,Veg,1.8,47,Delivered,Cash,99.62,Yes,Good,
DBW00274,2023-12-01,Friday,Kurla,Goregaon,14.79,DW012,Corporate,Veg,0.66,54,Delivered,Monthly-Pre-paid,159.48,Yes,Excellent,
DBW00275,2022-11-02,Wednesday,Vikhroli,Andheri,8.02,DW147,Corporate,Mix,2.29,43,Delivered,Cash,109.5,No,Good,
DBW00276,2022-12-19,Monday,Borivali,Ghatkopar,18.22,DW139,Corporate,Veg,1.77,65,Delivered,Cash,157.22,No,Excellent,
DBW00277,2022-12-07,Wednesday,Churchgate,Malad,16.58,DW131,Residential,Veg,1.33,59,Delivered,Digital,168.74,No,Average,
DBW00278,2023-07-26,Wednesday,Thane,Ghatkopar,19.6,DW048,Residential,Mix,2.27,72,Delivered,Digital,189.0,Yes,Poor,
DBW00279,2022-02-17,Thursday,Borivali,Ghatkopar,19.14,DW150,Residential,Mix,0.53,79,Delivered,Monthly-Pre-paid,187.64,No,nan,
DBW00280,2022-03-02,Wednesday,Dadar,Sion,11.66,DW042,Corporate,Veg,1.44,48,Delivered,Cash,124.17,No,Good,
DBW00281,2022-07-21,Thursday,Borivali,Bandra,20.25,DW124,Corporate,Veg,1.65,63,Delivered,Monthly-Pre-paid,217.68,No,Good,
DBW00282,2022-12-22,Thursday,Worli,Ghatkopar,19.7,DW016,Hospital,Mix,2.23,70,Delivered,Cash,174.21,No,Good,
DBW00283,2023-05-05,Friday,Vikhroli,Thane,4.73,DW047,Corporate,Non-Veg,2.92,48,Delivered,Monthly-Pre-paid,53.58,Yes,nan,
DBW00284,2022-12-25,Sunday,Ghatkopar,Ghatkopar,0.5,DW087,Corporate,Non-Veg,1.68,8,Delivered,Digital,21.69,No,Excellent,
DBW00285,2022-11-19,Saturday,Sion,Thane,2.92,DW146,Residential,Non-Veg,2.03,21,Delivered,Monthly-Pre-paid,48.98,Yes,Good,
DBW00286,2023-11-16,Thursday,Goregaon,Churchgate,9.79,DW040,Hospital,Non-Veg,3.17,53,Delivered,Cash,112.7,No,Excellent,
DBW00287,2022-04-28,Thursday,Churchgate,Sion,10.17,DW065,Residential,Mix,1.8,41,Delivered,Monthly-Pre-paid,104.55,Yes,Average,
DBW00288,2023-02-22,Wednesday,Borivali,Andheri,10.49,DW127,Residential,Veg,2.03,50,Delivered,Digital,129.01,No,Good,
DBW00289,2023-01-31,Tuesday,Worli,Lower Parel,15.66,DW071,Corporate,Veg,1.18,50,Delivered,Digital,155.24,No,nan,
DBW00290,2022-12-12,Monday,Kurla,Andheri,5.73,DW103,School,Mix,2.78,50,Delivered,Cash,74.4,Yes,nan,
DBW00291,2023-08-13,Sunday,Sion,Bandra,18.71,DW063,Residential,Veg,1.44,52,Delivered,Digital,159.73,No,Poor,
DBW00292,2022-07-14,Thursday,Andheri,Andheri,0.83,DW001,Residential,Mix,1.93,54,Delayed,Monthly-Pre-paid,63.97,Yes,Good,
DBW00293,2023-11-28,Tuesday,Borivali,Dadar,12.68,DW043,Corporate,Non-Veg,1.92,71,Delayed,Monthly-Pre-paid,130.76,Yes,nan,
DBW00294,2022-08-31,Wednesday,Thane,Thane,0.5,DW085,Residential,Veg,1.84,22,Delivered,Monthly-Pre-paid,58.56,Yes,Good,
DBW00295,2023-02-02,Thursday,Churchgate,Bandra,20.55,DW003,Corporate,Non-Veg,1.58,79,Delivered,Monthly-Pre-paid,185.07,No,Good,
DBW00296,2023-01-16,Monday,Bandra,Worli,19.88,DW035,Residential,Non-Veg,1.92,73,Delivered,Cash,201.52,No,Good,
DBW00297,2023-09-13,Wednesday,Ghatkopar,Thane,17.2,DW143,Residential,Non-Veg,2.68,73,Delivered,Digital,159.19,No,Average,
DBW00298,2022-11-17,Thursday,Kurla,Malad,2.91,DW003,Residential,Mix,2.94,63,Delayed,Cash,80.58,No,Excellent,
DBW00299,2022-07-27,Wednesday,Worli,Kurla,9.78,DW038,Corporate,Veg,1.71,36,Delivered,Cash,125.05,Yes,Good,
DBW00300,2022-01-16,Sunday,Ghatkopar,Bandra,7.41,DW093,Hospital,Veg,1.58,21,Delivered,Cash,102.0,No,nan,
DBW00301,2022-09-23,Friday,Dadar,Thane,10.42,DW085,Corporate,Non-Veg,1.4,51,Delivered,Monthly-Pre-paid,102.46,No,Excellent,
DBW00302,2023-08-27,Sunday,Borivali,Kurla,4.35,DW031,Residential,Non-Veg,3.14,36,Delivered,Cash,93.43,No,Excellent,
DBW00303,2022-01-08,Saturday,Ghatkopar,Worli,18.59,DW009,Corporate,Mix,1.86,59,Delivered,Monthly-Pre-paid,209.31,No,nan,
DBW00304,2023-10-17,Tuesday,Vikhroli,Bandra,14.35,DW135,Corporate,Mix,2.36,59,Delivered,Monthly-Pre-paid,139.12,Yes,Poor,
DBW00305,2023-02-01,Wednesday,Worli,Ghatkopar,18.21,DW083,Hospital,Mix,2.15,52,Delivered,Monthly-Pre-paid,178.1,No,Excellent,
DBW00306,2022-04-13,Wednesday,Dadar,Dadar,0.5,DW087,Corporate,Non-Veg,2.9,24,Delivered,Digital,47.9,No,Good,
DBW00307,2022-08-09,Tuesday,Kurla,Goregaon,16.02,DW009,Hospital,Non-Veg,1.68,54,Delivered,Cash,128.61,No,Good,
DBW00308,2023-02-09,Thursday,Churchgate,Worli,4.11,DW032,Corporate,Mix,1.25,49,Delayed,Digital,80.05,No,Excellent,
DBW00309,2022-08-19,Friday,Dadar,Kurla,6.94,DW011,Residential,Mix,2.73,51,Delivered,Digital,100.91,Yes,Excellent,
DBW00310,2022-03-21,Monday,Ghatkopar,Sion,20.35,DW147,Corporate,Veg,2.25,70,Delivered,Monthly-Pre-paid,184.38,No,Excellent,
DBW00311,2023-05-02,Tuesday,Chembur,Lower Parel,18.21,DW116,Residential,Non-Veg,2.03,49,Delivered,Monthly-Pre-paid,142.8,No,Average,
DBW00312,2023-05-06,Saturday,Worli,Churchgate,3.33,DW082,Hospital,Mix,2.57,19,Delivered,Monthly-Pre-paid,61.62,Yes,Good,
DBW00313,2022-03-28,Monday,Borivali,Vikhroli,4.87,DW103,Residential,Veg,2.06,45,Delivered,Digital,51.97,Yes,Good,
DBW00314,2022-07-25,Monday,Churchgate,Sion,10.3,DW025,Corporate,Mix,2.58,64,Delivered,Digital,88.55,No,Good,
DBW00315,2022-06-28,Tuesday,Kurla,Chembur,7.13,DW149,Residential,Mix,1.92,48,Delivered,Monthly-Pre-paid,92.57,No,Excellent,
DBW00316,2023-04-27,Thursday,Borivali,Borivali,0.5,DW078,Residential,Veg,2.25,29,Delivered,Digital,53.77,No,Good,
DBW00317,2023-06-18,Sunday,Thane,Worli,9.63,DW078,Corporate,Non-Veg,2.06,33,Delivered,Digital,103.73,No,Average,
DBW00318,2023-06-15,Thursday,Malad,Borivali,11.73,DW144,Residential,Non-Veg,1.64,62,Delivered,Digital,141.63,No,nan,
DBW00319,2023-11-17,Friday,Sion,Worli,5.59,DW015,Residential,Non-Veg,1.7,45,Delivered,Digital,84.67,No,Excellent,
DBW00320,2023-07-16,Sunday,Worli,Malad,14.1,DW064,Residential,Non-Veg,1.6,59,Delayed,Digital,122.17,Yes,Excellent,
DBW00321,2022-08-23,Tuesday,Thane,Ghatkopar,19.05,DW014,Corporate,Mix,1.93,66,Delivered,Digital,174.05,Yes,Average,
DBW00322,2022-03-20,Sunday,Goregaon,Bandra,20.08,DW064,Corporate,Mix,1.57,52,Delivered,Cash,206.81,Yes,Good,
DBW00323,2023-03-25,Saturday,Churchgate,Borivali,7.03,DW041,School,Non-Veg,2.02,32,Delivered,Monthly-Pre-paid,77.85,No,Good,
DBW00324,2023-10-31,Tuesday,Goregaon,Vikhroli,14.39,DW070,Residential,Veg,2.0,50,Delivered,Cash,157.41,No,Average,
DBW00325,2023-12-13,Wednesday,Goregaon,Malad,22.09,DW106,Residential,Mix,1.9,74,Delivered,Cash,200.59,No,Good,
DBW00326,2022-06-18,Saturday,Ghatkopar,Dadar,9.4,DW043,School,Non-Veg,1.91,57,Delayed,Cash,116.05,No,Good,
DBW00327,2022-06-22,Wednesday,Borivali,Ghatkopar,19.17,DW008,Corporate,Mix,1.52,57,Delivered,Monthly-Pre-paid,189.78,No,Good,
DBW00328,2022-01-28,Friday,Bandra,Vikhroli,12.94,DW025,Corporate,Mix,1.66,65,Delivered,Cash,129.78,No,Good,
DBW00329,2022-04-14,Thursday,Churchgate,Worli,4.22,DW108,Residential,Veg,0.96,37,Delivered,Monthly-Pre-paid,74.17,Yes,Excellent,
DBW00330,2023-02-10,Friday,Andheri,Malad,1.27,DW087,Residential,Non-Veg,1.74,15,Delivered,Digital,7.74,No,Excellent,
DBW00331,2023-02-04,Saturday,Borivali,Kurla,6.42,DW147,School,Veg,1.31,24,Delivered,Digital,65.08,No,Average,
DBW00332,2022-09-28,Wednesday,Bandra,Andheri,8.71,DW135,Residential,Non-Veg,1.85,44,Delivered,Monthly-Pre-paid,92.71,No,Excellent,
DBW00333,2022-08-15,Monday,Lower Parel,Andheri,11.93,DW025,Corporate,Mix,1.44,71,Delayed,Cash,143.05,Yes,Good,
DBW00334,2023-08-29,Tuesday,Churchgate,Andheri,16.77,DW111,Corporate,Non-Veg,0.77,57,Delivered,Digital,142.45,Yes,Good,
DBW00335,2022-12-02,Friday,Borivali,Thane,5.31,DW014,Corporate,Veg,2.93,40,Delivered,Monthly-Pre-paid,71.96,No,Good,
DBW00336,2023-08-14,Monday,Ghatkopar,Sion,19.6,DW015,School,Mix,1.68,71,Delivered,Monthly-Pre-paid,191.57,No,Excellent,
DBW00337,2023-12-05,Tuesday,Vikhroli,Goregaon,14.13,DW119,Corporate,Veg,2.52,55,Delivered,Monthly-Pre-paid,146.77,No,Poor,
DBW00338,2022-08-20,Saturday,Churchgate,Dadar,14.79,DW061,Residential,Veg,1.54,68,Delayed,Cash,146.86,No,Excellent,
DBW00339,2022-05-28,Saturday,Kurla,Borivali,5.7,DW150,Corporate,Non-Veg,2.65,31,Delivered,Cash,66.29,Yes,Poor,
DBW00340,2023-11-27,Monday,Andheri,Bandra,10.17,DW001,Corporate,Mix,1.22,67,Returned,Monthly-Pre-paid,107.66,Yes,nan,nan
DBW00341,2023-04-09,Sunday,Worli,Andheri,14.95,DW076,Corporate,Mix,1.89,47,Delivered,Monthly-Pre-paid,164.21,No,Excellent,
DBW00342,2022-08-01,Monday,Goregaon,Goregaon,1.11,DW047,Residential,Non-Veg,1.25,17,Delivered,Cash,28.55,Yes,Excellent,
DBW00343,2023-03-30,Thursday,Andheri,Dadar,7.11,DW148,Corporate,Mix,3.1,41,Delivered,Digital,54.47,No,Excellent,
DBW00344,2023-01-11,Wednesday,Bandra,Sion,17.87,DW101,School,Mix,1.68,58,Delivered,Cash,179.97,No,Poor,
DBW00345,2023-10-24,Tuesday,Ghatkopar,Vikhroli,15.95,DW116,Hospital,Non-Veg,2.21,49,Delivered,Cash,180.0,No,nan,
DBW00346,2022-07-06,Wednesday,Bandra,Dadar,7.29,DW044,Corporate,Veg,2.03,44,Delayed,Cash,72.58,Yes,Good,
DBW00347,2023-12-25,Monday,Vikhroli,Thane,4.61,DW135,Hospital,Mix,1.79,42,Delivered,Digital,87.3,Yes,nan,
DBW00348,2023-11-15,Wednesday,Goregaon,Sion,17.51,DW127,Corporate,Non-Veg,2.06,60,Delivered,Cash,177.86,No,Average,
DBW00349,2022-05-12,Thursday,Chembur,Thane,8.43,DW118,Corporate,Veg,2.48,46,Delivered,Monthly-Pre-paid,80.11,No,Good,
DBW00350,2022-05-01,Sunday,Bandra,Sion,19.09,DW072,Corporate,Mix,2.13,52,Delivered,Cash,172.15,No,nan,
DBW00351,2023-01-25,Wednesday,Dadar,Lower Parel,6.09,DW139,Hospital,Non-Veg,1.88,37,Delivered,Cash,67.52,No,Good,
DBW00352,2022-02-02,Wednesday,Borivali,Goregaon,17.19,DW101,Residential,Mix,2.06,62,Delivered,Digital,170.09,Yes,Good,
DBW00353,2022-08-07,Sunday,Churchgate,Chembur,19.17,DW010,Corporate,Veg,2.76,53,Delivered,Digital,180.65,Yes,Average,
DBW00354,2022-11-14,Monday,Malad,Bandra,9.23,DW133,Residential,Veg,1.59,43,Delivered,Cash,120.4,No,Average,
DBW00355,2023-12-09,Saturday,Thane,Vikhroli,7.85,DW004,Residential,Non-Veg,0.87,39,Delayed,Cash,105.51,No,Good,
DBW00356,2023-12-26,Tuesday,Dadar,Dadar,0.5,DW103,Residential,Non-Veg,1.25,42,Delayed,Cash,10.82,No,Good,
DBW00357,2022-04-21,Thursday,Bandra,Goregaon,19.05,DW038,Residential,Mix,1.29,59,Delivered,Cash,161.13,No,Excellent,
DBW00358,2023-10-13,Friday,Borivali,Dadar,13.4,DW135,Hospital,Veg,1.36,60,Delivered,Cash,146.39,No,Excellent,
DBW00359,2022-03-08,Tuesday,Borivali,Goregaon,16.97,DW110,Residential,Mix,1.38,72,Delayed,Digital,158.01,Yes,Good,
DBW00360,2023-07-01,Saturday,Chembur,Sion,12.04,DW122,Corporate,Veg,1.79,39,Delivered,Monthly-Pre-paid,123.73,No,Good,
DBW00361,2023-09-10,Sunday,Andheri,Borivali,10.19,DW105,Hospital,Mix,1.92,25,Delivered,Cash,119.71,No,Excellent,
DBW00362,2023-10-13,Friday,Goregaon,Borivali,16.88,DW086,Corporate,Mix,1.92,64,Delivered,Digital,177.91,No,Excellent,
DBW00363,2022-06-13,Monday,Thane,Goregaon,20.53,DW130,Residential,Non-Veg,1.43,68,Delivered,Digital,175.76,Yes,Excellent,
DBW00364,2023-10-15,Sunday,Lower Parel,Chembur,19.69,DW045,Residential,Mix,2.3,49,Delivered,Cash,154.18,Yes,Poor,
DBW00365,2022-03-26,Saturday,Kurla,Dadar,5.58,DW080,Corporate,Non-Veg,2.07,29,Delivered,Digital,72.91,No,Average,
DBW00366,2023-01-14,Saturday,Chembur,Kurla,7.26,DW045,Corporate,Non-Veg,2.59,30,Delivered,Cash,75.24,Yes,Excellent,
DBW00367,2022-12-09,Friday,Kurla,Andheri,6.42,DW018,Residential,Veg,2.22,33,Delivered,Cash,82.32,No,Average,
DBW00368,2022-08-19,Friday,Ghatkopar,Andheri,13.6,DW132,Hospital,Veg,1.63,56,Delivered,Monthly-Pre-paid,137.43,No,Good,
DBW00369,2022-01-17,Monday,Borivali,Bandra,18.52,DW075,Hospital,Non-Veg,2.45,59,Delivered,Cash,163.57,No,Good,
DBW00370,2023-07-18,Tuesday,Borivali,Ghatkopar,20.46,DW009,Residential,Veg,1.94,77,Delivered,Monthly-Pre-paid,224.99,Yes,Poor,
DBW00371,2022-09-02,Friday,Goregaon,Churchgate,8.82,DW124,Corporate,Veg,2.2,50,Delivered,Cash,100.84,No,Good,
DBW00372,2023-04-29,Saturday,Churchgate,Bandra,17.65,DW142,Corporate,Non-Veg,2.16,48,Delivered,Digital,162.61,No,Good,
DBW00373,2022-10-27,Thursday,Goregaon,Borivali,16.03,DW100,Residential,Non-Veg,1.74,72,Returned,Monthly-Pre-paid,159.78,Yes,Average,Wrong Address
DBW00374,2022-09-30,Friday,Bandra,Bandra,0.5,DW050,Corporate,Veg,1.85,28,Delivered,Digital,41.95,No,Excellent,
DBW00375,2023-10-09,Monday,Ghatkopar,Churchgate,14.71,DW129,Residential,Mix,1.73,70,Delivered,Monthly-Pre-paid,138.23,No,nan,
DBW00376,2022-03-10,Thursday,Kurla,Lower Parel,11.8,DW111,Corporate,Mix,1.37,64,Delivered,Cash,159.23,Yes,nan,
DBW00377,2023-06-22,Thursday,Ghatkopar,Bandra,6.84,DW043,Corporate,Mix,0.73,38,Delivered,Cash,61.85,Yes,Good,
DBW00378,2023-06-30,Friday,Ghatkopar,Andheri,15.86,DW050,Residential,Veg,1.45,62,Delivered,Digital,135.07,No,Average,
DBW00379,2022-10-05,Wednesday,Vikhroli,Thane,7.65,DW149,Residential,Mix,1.9,44,Delivered,Cash,67.24,No,nan,
DBW00380,2022-07-11,Monday,Worli,Andheri,14.62,DW143,Residential,Veg,2.34,73,Delivered,Monthly-Pre-paid,147.05,No,nan,
DBW00381,2022-01-04,Tuesday,Worli,Borivali,5.82,DW102,Corporate,Veg,2.2,30,Delivered,Digital,83.63,Yes,Excellent,
DBW00382,2023-11-15,Wednesday,Ghatkopar,Kurla,13.77,DW006,Hospital,Mix,1.66,42,Delivered,Monthly-Pre-paid,135.22,No,Excellent,
DBW00383,2023-11-23,Thursday,Andheri,Lower Parel,12.71,DW035,Residential,Mix,1.46,45,Delivered,Cash,138.69,No,Good,
DBW00384,2022-06-25,Saturday,Borivali,Ghatkopar,21.39,DW053,Residential,Veg,1.71,70,Delivered,Digital,207.95,No,Good,
DBW00385,2022-01-24,Monday,Lower Parel,Malad,13.55,DW081,Residential,Non-Veg,1.31,57,Delivered,Cash,132.96,No,Good,
DBW00386,2022-03-31,Thursday,Vikhroli,Ghatkopar,14.0,DW131,Corporate,Non-Veg,0.74,52,Delivered,Monthly-Pre-paid,148.4,No,Excellent,
DBW00387,2022-02-19,Saturday,Chembur,Vikhroli,10.19,DW128,Residential,Mix,1.03,32,Delivered,Cash,108.53,No,Good,
DBW00388,2023-08-30,Wednesday,Bandra,Chembur,14.89,DW042,Residential,Non-Veg,2.49,64,Delivered,Digital,142.97,Yes,Good,
DBW00389,2023-10-14,Saturday,Lower Parel,Thane,12.59,DW017,Residential,Non-Veg,2.73,48,Delivered,Digital,123.26,No,Good,
DBW00390,2022-04-22,Friday,Andheri,Borivali,11.41,DW042,Residential,Veg,2.18,63,Delivered,Monthly-Pre-paid,124.81,No,Good,
DBW00391,2023-06-30,Friday,Thane,Churchgate,12.35,DW036,Corporate,Mix,1.77,72,Returned,Digital,147.03,Yes,Good,nan
DBW00392,2022-05-11,Wednesday,Dadar,Sion,11.05,DW135,Hospital,Non-Veg,1.1,45,Delivered,Monthly-Pre-paid,100.29,No,Good,
DBW00393,2022-09-26,Monday,Lower Parel,Chembur,18.98,DW003,Corporate,Mix,1.72,71,Delivered,Cash,174.65,Yes,Good,
DBW00394,2023-03-14,Tuesday,Vikhroli,Thane,6.69,DW125,Corporate,Non-Veg,2.11,34,Delivered,Monthly-Pre-paid,85.97,Yes,Excellent,
DBW00395,2023-06-10,Saturday,Vikhroli,Andheri,7.16,DW099,Residential,Veg,2.21,36,Delivered,Digital,113.63,No,Good,
DBW00396,2023-10-01,Sunday,Churchgate,Ghatkopar,18.67,DW016,Corporate,Mix,2.14,55,Delivered,Cash,185.85,No,Good,
DBW00397,2022-02-02,Wednesday,Vikhroli,Goregaon,12.6,DW103,School,Veg,2.4,56,Delivered,Cash,118.59,Yes,Excellent,
DBW00398,2022-05-24,Tuesday,Ghatkopar,Sion,20.69,DW088,Corporate,Veg,2.77,68,Delivered,Cash,181.65,Yes,Average,
DBW00399,2022-07-24,Sunday,Vikhroli,Goregaon,14.17,DW001,Corporate,Non-Veg,1.6,53,Delivered,Monthly-Pre-paid,158.14,Yes,Average,
DBW00400,2022-08-15,Monday,Malad,Goregaon,20.51,DW034,Corporate,Non-Veg,3.2,75,Delivered,Cash,189.34,No,Good,
DBW00401,2023-12-30,Saturday,Vikhroli,Borivali,4.92,DW053,Corporate,Mix,0.79,26,Delivered,Digital,50.9,No,nan,
DBW00402,2023-07-22,Saturday,Thane,Chembur,7.27,DW033,Corporate,Non-Veg,1.41,17,Delivered,Digital,103.34,No,Average,
DBW00403,2022-08-22,Monday,Worli,Sion,6.81,DW087,Corporate,Non-Veg,1.9,32,Delivered,Cash,89.07,No,nan,
DBW00404,2023-12-11,Monday,Malad,Chembur,3.36,DW093,Corporate,Veg,2.07,31,Delivered,Digital,38.97,No,Good,
DBW00405,2022-12-31,Saturday,Kurla,Worli,9.62,DW026,Corporate,Non-Veg,1.71,34,Delivered,Cash,86.82,Yes,Good,
DBW00406,2023-01-01,Sunday,Malad,Vikhroli,8.21,DW019,Corporate,Veg,1.55,30,Delivered,Monthly-Pre-paid,63.13,Yes,Average,
DBW00407,2022-11-13,Sunday,Thane,Chembur,6.08,DW099,Corporate,Veg,2.9,23,Delivered,Cash,69.34,No,Good,
DBW00408,2022-04-16,Saturday,Andheri,Ghatkopar,13.4,DW071,Corporate,Veg,1.53,36,Delivered,Digital,141.78,No,Average,
DBW00409,2023-11-14,Tuesday,Chembur,Worli,16.02,DW040,Corporate,Non-Veg,1.29,54,Delivered,Cash,172.59,No,Good,
DBW00410,2022-01-11,Tuesday,Malad,Ghatkopar,14.82,DW039,Corporate,Veg,2.65,50,Delivered,Digital,154.9,No,Excellent,
DBW00411,2022-05-08,Sunday,Kurla,Kurla,0.5,DW006,Corporate,Veg,2.22,21,Delivered,Digital,14.43,No,Poor,
DBW00412,2022-06-17,Friday,Sion,Bandra,18.29,DW129,Corporate,Veg,2.35,62,Delivered,Digital,172.04,Yes,Good,
DBW00413,2022-07-23,Saturday,Churchgate,Dadar,15.09,DW127,Corporate,Mix,1.9,61,Returned,Digital,172.14,No,Average,Wrong Address
DBW00414,2022-04-07,Thursday,Borivali,Dadar,10.0,DW084,School,Mix,1.11,43,Delivered,Cash,102.28,No,Good,
DBW00415,2022-01-14,Friday,Lower Parel,Churchgate,13.21,DW053,Corporate,Veg,1.84,59,Delivered,Digital,147.21,Yes,Good,
DBW00416,2023-05-10,Wednesday,Borivali,Worli,5.57,DW033,Corporate,Non-Veg,1.04,28,Delivered,Cash,84.21,No,Average,
DBW00417,2023-12-09,Saturday,Lower Parel,Malad,14.83,DW047,Residential,Veg,1.92,57,Delivered,Digital,160.03,Yes,Good,
DBW00418,2022-03-30,Wednesday,Churchgate,Borivali,9.54,DW139,Residential,Non-Veg,2.13,44,Delivered,Cash,112.82,No,Excellent,
DBW00419,2022-08-05,Friday,Goregaon,Ghatkopar,12.36,DW014,Corporate,Non-Veg,2.34,59,Delivered,Digital,140.27,Yes,Excellent,
DBW00420,2023-01-05,Thursday,Churchgate,Kurla,11.11,DW124,Residential,Veg,1.75,49,Delivered,Monthly-Pre-paid,96.65,Yes,Excellent,
DBW00421,2023-11-09,Thursday,Andheri,Chembur,4.55,DW046,Residential,Non-Veg,2.17,37,Delivered,Digital,89.12,No,Good,
DBW00422,2023-05-22,Monday,Dadar,Borivali,12.82,DW040,School,Veg,1.35,53,Delivered,Cash,105.46,No,Good,
DBW00423,2023-07-14,Friday,Ghatkopar,Chembur,17.63,DW122,School,Non-Veg,2.28,67,Delivered,Cash,175.69,Yes,Excellent,
DBW00424,2023-03-01,Wednesday,Bandra,Thane,16.57,DW145,Residential,Mix,2.14,69,Delivered,Cash,161.86,Yes,Excellent,
DBW00425,2022-11-01,Tuesday,Goregaon,Dadar,14.77,DW149,Residential,Veg,1.4,51,Delivered,Digital,138.78,No,Average,
DBW00426,2022-05-26,Thursday,Thane,Dadar,9.53,DW041,Corporate,Mix,2.07,48,Delivered,Cash,91.63,No,Excellent,
DBW00427,2023-09-23,Saturday,Goregaon,Andheri,19.93,DW089,Hospital,Mix,2.34,57,Delivered,Monthly-Pre-paid,197.7,No,Good,
DBW00428,2023-08-11,Friday,Vikhroli,Vikhroli,0.5,DW044,Residential,Mix,1.84,23,Delivered,Digital,46.02,Yes,Good,
DBW00429,2022-01-19,Wednesday,Bandra,Malad,11.03,DW030,Corporate,Mix,1.39,47,Delivered,Monthly-Pre-paid,116.71,No,Good,
DBW00430,2023-06-07,Wednesday,Ghatkopar,Lower Parel,7.07,DW058,Corporate,Veg,1.89,45,Delayed,Monthly-Pre-paid,82.23,No,Excellent,
DBW00431,2022-03-03,Thursday,Kurla,Worli,11.07,DW010,Residential,Veg,2.08,66,Delayed,Cash,137.78,No,Average,
DBW00432,2023-06-24,Saturday,Thane,Ghatkopar,17.96,DW025,Residential,Veg,1.38,61,Delivered,Monthly-Pre-paid,167.35,Yes,Excellent,
DBW00433,2023-08-26,Saturday,Lower Parel,Andheri,13.64,DW090,Hospital,Non-Veg,1.3,45,Delivered,Cash,138.52,Yes,Average,
DBW00434,2022-04-06,Wednesday,Dadar,Vikhroli,7.78,DW104,Corporate,Mix,2.06,51,Delayed,Cash,89.16,Yes,Good,
DBW00435,2022-11-13,Sunday,Andheri,Dadar,4.95,DW041,Hospital,Non-Veg,2.21,13,Delivered,Digital,106.66,No,Good,
DBW00436,2022-04-01,Friday,Borivali,Bandra,17.53,DW084,Corporate,Veg,2.87,71,Delivered,Digital,157.66,Yes,Good,
DBW00437,2023-02-19,Sunday,Kurla,Dadar,6.29,DW115,Residential,Veg,2.13,36,Delivered,Digital,92.76,No,nan,
DBW00438,2023-11-09,Thursday,Worli,Ghatkopar,20.05,DW135,Corporate,Veg,1.2,60,Delivered,Cash,164.89,No,Good,
DBW00439,2022-03-01,Tuesday,Churchgate,Vikhroli,6.32,DW086,Corporate,Non-Veg,2.82,33,Delivered,Cash,66.2,No,Excellent,
DBW00440,2022-10-18,Tuesday,Worli,Sion,5.88,DW037,Corporate,Veg,2.33,48,Delivered,Monthly-Pre-paid,72.37,No,Good,
DBW00441,2023-12-12,Tuesday,Kurla,Sion,6.17,DW107,Corporate,Veg,0.8,27,Delivered,Digital,77.41,No,Good,
DBW00442,2022-08-08,Monday,Worli,Sion,6.64,DW026,Corporate,Veg,1.28,29,Delivered,Digital,79.0,Yes,Excellent,
DBW00443,2022-04-07,Thursday,Vikhroli,Malad,10.39,DW021,Hospital,Veg,1.55,63,Delayed,Cash,111.65,Yes,nan,
DBW00444,2022-12-23,Friday,Kurla,Lower Parel,10.69,DW054,Corporate,Mix,2.22,47,Delivered,Cash,105.17,No,Excellent,
DBW00445,2023-01-07,Saturday,Borivali,Worli,7.91,DW050,Residential,Veg,0.61,40,Delayed,Cash,112.61,No,nan,
DBW00446,2023-04-29,Saturday,Thane,Vikhroli,3.95,DW022,Residential,Mix,1.74,21,Delivered,Digital,46.6,No,Good,
DBW00447,2022-08-18,Thursday,Worli,Borivali,3.53,DW008,Corporate,Veg,2.19,48,Delayed,Monthly-Pre-paid,69.41,No,Good,
DBW00448,2023-11-29,Wednesday,Bandra,Ghatkopar,8.17,DW142,Hospital,Non-Veg,0.5,30,Delivered,Digital,105.52,Yes,Average,
DBW00449,2023-01-16,Monday,Ghatkopar,Vikhroli,13.15,DW102,Residential,Veg,2.17,58,Delivered,Digital,120.99,Yes,Excellent,
DBW00450,2022-07-29,Friday,Ghatkopar,Chembur,19.47,DW108,Residential,Non-Veg,2.23,69,Delivered,Monthly-Pre-paid,180.23,No,Good,
DBW00451,2023-12-03,Sunday,Thane,Andheri,7.63,DW010,Hospital,Mix,1.38,36,Delayed,Cash,91.0,No,Good,
DBW00452,2023-11-07,Tuesday,Kurla,Churchgate,10.74,DW120,Residential,Mix,1.22,53,Delivered,Cash,141.06,No,Excellent,
DBW00453,2022-12-31,Saturday,Goregaon,Kurla,15.74,DW055,School,Non-Veg,1.37,45,Delivered,Monthly-Pre-paid,150.38,Yes,Average,
DBW00454,2022-01-19,Wednesday,Bandra,Chembur,14.17,DW113,Corporate,Non-Veg,0.5,59,Returned,Monthly-Pre-paid,197.75,No,Excellent,Wrong Address
DBW00455,2023-03-12,Sunday,Sion,Ghatkopar,19.08,DW074,Corporate,Non-Veg,1.64,61,Delivered,Digital,194.18,Yes,Good,
DBW00456,2023-02-10,Friday,Ghatkopar,Worli,20.34,DW037,Residential,Mix,1.91,94,Delayed,Cash,197.9,No,Good,
DBW00457,2022-04-19,Tuesday,Worli,Lower Parel,15.31,DW040,Corporate,Non-Veg,1.19,68,Delivered,Cash,165.71,No,nan,
DBW00458,2023-04-08,Saturday,Andheri,Sion,9.97,DW022,Residential,Non-Veg,2.29,45,Delivered,Cash,84.02,No,nan,
DBW00459,2023-09-06,Wednesday,Dadar,Chembur,9.3,DW125,Corporate,Veg,1.85,38,Delivered,Monthly-Pre-paid,121.98,No,Excellent,
DBW00460,2022-03-19,Saturday,Chembur,Sion,10.86,DW065,Corporate,Mix,1.93,55,Delayed,Monthly-Pre-paid,97.07,Yes,Poor,
DBW00461,2023-06-13,Tuesday,Ghatkopar,Sion,18.13,DW118,Hospital,Non-Veg,1.6,65,Delivered,Monthly-Pre-paid,188.09,Yes,Excellent,
DBW00462,2022-04-13,Wednesday,Sion,Malad,9.51,DW125,Corporate,Veg,2.17,36,Delivered,Digital,97.23,Yes,Good,
DBW00463,2023-07-01,Saturday,Lower Parel,Goregaon,10.09,DW026,Corporate,Veg,2.45,28,Delivered,Digital,98.75,No,Poor,
DBW00464,2022-11-02,Wednesday,Churchgate,Chembur,17.19,DW050,Residential,Non-Veg,1.6,71,Delivered,Monthly-Pre-paid,194.11,No,Good,
DBW00465,2022-01-05,Wednesday,Churchgate,Goregaon,10.78,DW019,Residential,Mix,2.18,46,Delivered,Digital,114.74,No,Average,
DBW00466,2023-12-07,Thursday,Chembur,Kurla,8.31,DW002,Hospital,Mix,2.19,33,Delivered,Digital,73.49,No,Excellent,
DBW00467,2022-05-02,Monday,Dadar,Kurla,6.31,DW148,Corporate,Mix,2.01,48,Delayed,Cash,95.06,Yes,Poor,
DBW00468,2023-03-12,Sunday,Churchgate,Lower Parel,11.71,DW100,Hospital,Mix,2.64,48,Delayed,Digital,105.34,No,Good,
DBW00469,2022-05-13,Friday,Chembur,Sion,11.8,DW068,Residential,Non-Veg,1.44,51,Delivered,Cash,144.82,Yes,Excellent,
DBW00470,2023-11-13,Monday,Ghatkopar,Dadar,8.8,DW031,Hospital,Mix,1.59,43,Delivered,Cash,100.19,Yes,Excellent,
DBW00471,2023-06-23,Friday,Borivali,Churchgate,8.14,DW089,Corporate,Veg,1.41,65,Delayed,Digital,76.02,No,Average,
DBW00472,2023-08-11,Friday,Churchgate,Churchgate,0.5,DW082,Corporate,Non-Veg,2.16,32,Delivered,Monthly-Pre-paid,46.32,Yes,Average,
DBW00473,2022-11-12,Saturday,Sion,Andheri,9.26,DW034,Residential,Non-Veg,1.66,36,Delivered,Cash,111.87,No,Average,
DBW00474,2022-12-08,Thursday,Goregaon,Sion,16.25,DW003,Residential,Mix,1.45,61,Delivered,Digital,128.11,No,Good,
DBW00475,2023-04-09,Sunday,Lower Parel,Kurla,10.98,DW071,Corporate,Veg,2.63,37,Delivered,Digital,116.89,No,Good,
DBW00476,2023-07-27,Thursday,Worli,Bandra,21.1,DW077,Residential,Veg,2.7,79,Delivered,Digital,203.32,No,Average,
DBW00477,2023-09-11,Monday,Lower Parel,Churchgate,12.74,DW120,Residential,Mix,1.64,60,Delivered,Cash,135.51,Yes,Excellent,
DBW00478,2022-01-14,Friday,Dadar,Kurla,7.4,DW060,Corporate,Non-Veg,1.12,34,Delivered,Monthly-Pre-paid,86.41,No,Excellent,
DBW00479,2023-04-30,Sunday,Bandra,Chembur,12.82,DW015,Residential,Non-Veg,2.73,39,Delivered,Monthly-Pre-paid,143.75,No,Good,
DBW00480,2022-03-21,Monday,Worli,Vikhroli,7.83,DW133,Corporate,Veg,2.04,42,Delivered,Cash,101.14,No,Average,
DBW00481,2022-07-30,Saturday,Andheri,Goregaon,20.05,DW063,Hospital,Non-Veg,2.01,50,Delivered,Digital,190.87,No,Good,
DBW00482,2023-08-29,Tuesday,Malad,Andheri,0.5,DW109,Residential,Non-Veg,1.85,27,Delivered,Monthly-Pre-paid,30.45,No,Excellent,
DBW00483,2022-07-02,Saturday,Goregaon,Borivali,17.72,DW007,Residential,Non-Veg,1.4,60,Delivered,Cash,173.97,No,Poor,
DBW00484,2023-08-05,Saturday,Vikhroli,Ghatkopar,14.22,DW006,School,Mix,1.59,47,Delivered,Digital,134.7,No,Good,
DBW00485,2022-12-04,Sunday,Bandra,Sion,17.54,DW004,Residential,Veg,2.14,45,Delivered,Monthly-Pre-paid,154.96,Yes,Excellent,
DBW00486,2022-06-19,Sunday,Malad,Borivali,11.88,DW119,Corporate,Mix,1.58,29,Delivered,Monthly-Pre-paid,108.16,No,Good,
DBW00487,2022-09-01,Thursday,Thane,Ghatkopar,18.4,DW037,Residential,Non-Veg,2.02,70,Delivered,Digital,175.66,No,nan,
DBW00488,2023-01-23,Monday,Worli,Thane,9.86,DW119,School,Non-Veg,1.81,40,Delivered,Monthly-Pre-paid,96.01,Yes,Poor,
DBW00489,2023-07-13,Thursday,Churchgate,Ghatkopar,16.17,DW142,Corporate,Mix,1.27,53,Delivered,Monthly-Pre-paid,156.94,No,Good,
DBW00490,2023-03-19,Sunday,Churchgate,Ghatkopar,15.27,DW100,Residential,Veg,2.61,54,Delivered,Digital,172.14,No,Average,
DBW00491,2023-11-13,Monday,Malad,Chembur,4.35,DW148,Corporate,Mix,2.1,36,Delivered,Monthly-Pre-paid,61.73,No,Good,
DBW00492,2023-09-26,Tuesday,Vikhroli,Churchgate,7.13,DW140,Hospital,Non-Veg,1.97,37,Delivered,Monthly-Pre-paid,89.12,Yes,Poor,
DBW00493,2023-07-04,Tuesday,Worli,Lower Parel,14.47,DW109,Residential,Mix,2.08,63,Delivered,Digital,142.3,No,Poor,
DBW00494,2023-03-17,Friday,Dadar,Goregaon,14.55,DW121,School,Veg,0.9,58,Delivered,Monthly-Pre-paid,166.02,No,Good,
DBW00495,2022-07-31,Sunday,Worli,Andheri,16.42,DW091,Residential,Mix,1.55,48,Delivered,Cash,186.2,Yes,Good,
DBW00496,2022-10-29,Saturday,Kurla,Goregaon,16.77,DW033,Corporate,Veg,1.04,56,Delayed,Cash,157.09,No,Excellent,
DBW00497,2022-03-28,Monday,Andheri,Dadar,5.34,DW016,Residential,Non-Veg,1.86,39,Delivered,Monthly-Pre-paid,83.66,No,Average,
DBW00498,2022-10-01,Saturday,Malad,Andheri,0.5,DW058,Hospital,Mix,1.96,8,Delivered,Monthly-Pre-paid,65.37,No,Excellent,
DBW00499,2023-11-08,Wednesday,Worli,Lower Parel,16.12,DW072,Corporate,Non-Veg,1.87,61,Delivered,Monthly-Pre-paid,141.57,No,Good,
DBW00500,2022-11-07,Monday,Chembur,Dadar,8.59,DW053,Corporate,Non-Veg,2.39,63,Delayed,Digital,113.44,Yes,nan,
DBW00501,2022-03-25,Friday,Churchgate,Ghatkopar,17.38,DW016,Residential,Veg,1.05,59,Delivered,Digital,142.89,Yes,Good,
DBW00502,2023-04-21,Friday,Goregaon,Kurla,14.71,DW076,Residential,Veg,1.4,55,Delivered,Monthly-Pre-paid,148.1,Yes,Excellent,
DBW00503,2023-12-04,Monday,Chembur,Ghatkopar,18.09,DW075,Corporate,Veg,2.01,66,Delivered,Monthly-Pre-paid,172.62,No,Excellent,
DBW00504,2023-09-26,Tuesday,Vikhroli,Lower Parel,10.58,DW144,Corporate,Mix,1.93,50,Delivered,Monthly-Pre-paid,89.03,No,nan,
DBW00505,2022-07-20,Wednesday,Sion,Sion,2.17,DW144,Corporate,Veg,1.14,28,Delivered,Monthly-Pre-paid,63.7,No,Average,
DBW00506,2022-11-28,Monday,Worli,Sion,8.27,DW093,Residential,Veg,2.4,48,Delivered,Cash,98.41,Yes,Average,
DBW00507,2023-01-23,Monday,Goregaon,Worli,14.19,DW128,Residential,Non-Veg,2.57,51,Delivered,Monthly-Pre-paid,129.65,No,Good,
DBW00508,2022-06-30,Thursday,Chembur,Dadar,11.34,DW047,Residential,Non-Veg,2.01,53,Delivered,Cash,125.69,No,Good,
DBW00509,2022-07-16,Saturday,Bandra,Worli,18.89,DW146,Hospital,Mix,1.05,58,Delivered,Monthly-Pre-paid,194.7,No,Good,
DBW00510,2022-06-22,Wednesday,Borivali,Malad,11.99,DW142,Corporate,Veg,1.88,46,Delivered,Cash,99.4,Yes,Average,
DBW00511,2023-12-28,Thursday,Worli,Vikhroli,6.7,DW019,Residential,Veg,1.97,38,Delivered,Cash,36.39,Yes,Good,
DBW00512,2023-06-29,Thursday,Kurla,Malad,5.29,DW106,Corporate,Veg,1.66,34,Delivered,Monthly-Pre-paid,71.69,No,Good,
DBW00513,2023-09-06,Wednesday,Churchgate,Goregaon,9.52,DW069,Corporate,Veg,2.47,37,Delivered,Digital,94.65,No,Good,
DBW00514,2023-08-20,Sunday,Churchgate,Andheri,15.87,DW040,Residential,Non-Veg,1.74,47,Delivered,Monthly-Pre-paid,177.07,Yes,Average,
DBW00515,2023-12-02,Saturday,Kurla,Kurla,0.87,DW062,Residential,Veg,2.85,22,Delivered,Cash,31.4,No,Excellent,
DBW00516,2022-03-18,Friday,Worli,Churchgate,2.21,DW136,School,Mix,2.19,37,Delivered,Monthly-Pre-paid,52.28,No,Good,
DBW00517,2023-10-06,Friday,Worli,Goregaon,13.56,DW139,Corporate,Mix,1.94,55,Delivered,Digital,135.7,No,Good,
DBW00518,2022-02-18,Friday,Vikhroli,Chembur,10.25,DW052,Corporate,Non-Veg,2.26,52,Delivered,Monthly-Pre-paid,88.8,Yes,Poor,
DBW00519,2022-12-14,Wednesday,Ghatkopar,Bandra,7.82,DW070,Corporate,Veg,2.57,65,Delayed,Monthly-Pre-paid,93.01,No,Good,
DBW00520,2023-03-10,Friday,Borivali,Lower Parel,16.57,DW078,Residential,Mix,2.25,59,Delivered,Digital,142.69,Yes,Average,
DBW00521,2022-09-19,Monday,Borivali,Churchgate,7.71,DW111,Corporate,Mix,1.76,49,Delivered,Digital,71.05,No,Good,
DBW00522,2022-04-17,Sunday,Churchgate,Malad,17.01,DW072,Hospital,Mix,1.47,49,Delivered,Digital,149.63,No,Poor,
DBW00523,2022-05-21,Saturday,Ghatkopar,Sion,19.19,DW060,Residential,Mix,1.24,49,Delivered,Digital,165.72,Yes,nan,
DBW00524,2023-08-26,Saturday,Bandra,Ghatkopar,7.57,DW139,Residential,Mix,0.58,31,Delivered,Monthly-Pre-paid,87.39,Yes,Excellent,
DBW00525,2022-08-21,Sunday,Worli,Andheri,15.21,DW056,Residential,Mix,1.89,56,Delivered,Cash,145.81,No,Excellent,
DBW00526,2022-08-15,Monday,Churchgate,Borivali,8.67,DW040,Corporate,Mix,1.61,46,Delivered,Cash,103.64,Yes,Average,
DBW00527,2023-11-06,Monday,Borivali,Sion,0.5,DW050,Residential,Non-Veg,1.63,51,Delayed,Digital,10.39,Yes,Average,
DBW00528,2022-04-16,Saturday,Chembur,Bandra,13.75,DW050,Residential,Mix,2.31,49,Delivered,Digital,136.22,No,Good,
DBW00529,2023-10-31,Tuesday,Kurla,Bandra,12.3,DW084,Hospital,Veg,1.74,47,Delivered,Monthly-Pre-paid,121.21,Yes,Good,
DBW00530,2023-11-04,Saturday,Dadar,Sion,11.1,DW100,Residential,Mix,2.75,42,Delivered,Cash,121.79,No,Average,
DBW00531,2023-03-13,Monday,Borivali,Dadar,13.8,DW021,Corporate,Non-Veg,1.51,58,Delivered,Cash,144.11,No,Average,
DBW00532,2022-05-01,Sunday,Lower Parel,Kurla,12.52,DW133,Corporate,Veg,1.31,36,Delivered,Cash,132.47,Yes,Good,
DBW00533,2022-04-24,Sunday,Chembur,Ghatkopar,19.12,DW039,Corporate,Mix,1.17,50,Delivered,Monthly-Pre-paid,168.13,Yes,Good,
DBW00534,2022-07-27,Wednesday,Ghatkopar,Churchgate,16.72,DW018,School,Veg,2.16,46,Delivered,Digital,164.16,Yes,nan,
DBW00535,2023-02-26,Sunday,Goregaon,Ghatkopar,11.5,DW101,Residential,Mix,2.38,31,Delivered,Monthly-Pre-paid,114.33,No,Good,
DBW00536,2022-04-23,Saturday,Thane,Kurla,3.36,DW032,Hospital,Mix,1.5,26,Delivered,Cash,76.58,Yes,Excellent,
DBW00537,2022-11-29,Tuesday,Dadar,Chembur,10.67,DW113,Hospital,Veg,1.27,49,Delivered,Cash,117.0,No,nan,
DBW00538,2022-03-26,Saturday,Goregaon,Borivali,16.09,DW143,Corporate,Mix,2.57,49,Delivered,Digital,159.88,No,Average,
DBW00539,2023-01-30,Monday,Worli,Ghatkopar,19.63,DW104,Residential,Veg,1.07,60,Delivered,Cash,167.8,No,Good,
DBW00540,2022-01-16,Sunday,Ghatkopar,Borivali,19.08,DW117,Residential,Mix,2.31,51,Delivered,Cash,173.78,Yes,Average,
DBW00541,2023-06-02,Friday,Goregaon,Kurla,16.23,DW075,Corporate,Mix,1.51,81,Delayed,Monthly-Pre-paid,163.69,Yes,Excellent,
DBW00542,2022-02-10,Thursday,Goregaon,Sion,17.31,DW052,Residential,Non-Veg,2.0,63,Delivered,Digital,167.31,No,Good,
DBW00543,2022-05-23,Monday,Worli,Churchgate,7.1,DW092,Residential,Non-Veg,2.34,49,Delivered,Cash,85.46,No,Good,
DBW00544,2022-05-08,Sunday,Vikhroli,Lower Parel,10.43,DW054,Hospital,Mix,2.04,24,Delivered,Cash,87.14,No,Poor,
DBW00545,2023-08-30,Wednesday,Ghatkopar,Andheri,12.15,DW132,Corporate,Mix,1.65,50,Delivered,Digital,114.98,Yes,Excellent,
DBW00546,2022-02-08,Tuesday,Andheri,Vikhroli,6.97,DW071,Hospital,Mix,2.5,32,Delivered,Monthly-Pre-paid,81.65,No,Excellent,
DBW00547,2022-11-10,Thursday,Bandra,Kurla,13.34,DW075,School,Veg,1.94,50,Delivered,Digital,154.76,Yes,Excellent,
DBW00548,2023-03-08,Wednesday,Bandra,Borivali,20.13,DW102,School,Non-Veg,3.64,78,Delivered,Digital,162.67,No,Good,
DBW00549,2023-01-12,Thursday,Vikhroli,Churchgate,7.25,DW029,Corporate,Veg,0.95,26,Delivered,Digital,72.35,No,Excellent,
DBW00550,2023-05-12,Friday,Bandra,Borivali,20.07,DW085,Corporate,Veg,0.94,67,Delivered,Monthly-Pre-paid,162.11,Yes,Good,
DBW00551,2023-08-10,Thursday,Vikhroli,Dadar,7.85,DW114,Residential,Veg,2.3,50,Delivered,Cash,97.64,No,Average,
DBW00552,2022-10-15,Saturday,Kurla,Bandra,12.39,DW117,Corporate,Non-Veg,1.78,36,Delivered,Digital,146.94,No,Excellent,
DBW00553,2023-08-28,Monday,Ghatkopar,Andheri,13.96,DW034,Corporate,Mix,2.2,79,Returned,Digital,147.07,Yes,Poor,nan
DBW00554,2022-08-21,Sunday,Chembur,Lower Parel,18.3,DW009,Residential,Veg,1.25,46,Delivered,Cash,185.05,Yes,Poor,
DBW00555,2023-12-20,Wednesday,Sion,Andheri,11.82,DW030,Corporate,Veg,1.83,49,Delivered,Digital,109.05,No,Excellent,
DBW00556,2023-01-04,Wednesday,Vikhroli,Andheri,8.97,DW123,Corporate,Veg,2.03,35,Delivered,Monthly-Pre-paid,107.29,No,Excellent,
DBW00557,2023-06-22,Thursday,Ghatkopar,Ghatkopar,0.5,DW040,School,Veg,1.53,20,Delivered,Digital,22.41,Yes,Good,
DBW00558,2023-10-01,Sunday,Worli,Thane,9.84,DW009,Corporate,Non-Veg,1.92,34,Delivered,Cash,109.61,Yes,Good,
DBW00559,2023-08-02,Wednesday,Goregaon,Sion,19.86,DW090,Hospital,Mix,1.12,66,Delivered,Digital,196.43,No,Good,
DBW00560,2023-09-14,Thursday,Churchgate,Borivali,9.08,DW133,Corporate,Veg,2.0,42,Delivered,Digital,98.25,No,Good,
DBW00561,2023-01-27,Friday,Andheri,Dadar,6.74,DW034,Corporate,Mix,2.52,41,Delivered,Cash,96.25,Yes,Average,
DBW00562,2022-02-01,Tuesday,Andheri,Thane,8.24,DW007,Corporate,Mix,1.18,48,Returned,Digital,93.49,No,Average,Damaged
DBW00563,2022-12-26,Monday,Chembur,Bandra,14.02,DW022,Corporate,Veg,1.15,51,Delivered,Digital,146.23,No,Poor,
DBW00564,2022-05-13,Friday,Borivali,Worli,5.67,DW020,Corporate,Non-Veg,2.39,46,Delivered,Monthly-Pre-paid,103.71,Yes,Average,
DBW00565,2023-10-12,Thursday,Borivali,Thane,5.74,DW031,Hospital,Mix,1.14,26,Delivered,Monthly-Pre-paid,83.36,Yes,Excellent,
DBW00566,2022-06-22,Wednesday,Worli,Dadar,14.66,DW028,Hospital,Mix,2.22,53,Delivered,Monthly-Pre-paid,136.07,Yes,Excellent,
DBW00567,2022-06-16,Thursday,Churchgate,Sion,9.92,DW096,Corporate,Veg,1.83,52,Delivered,Digital,102.18,Yes,Average,
DBW00568,2022-07-02,Saturday,Churchgate,Churchgate,0.5,DW034,Corporate,Veg,1.59,13,Delivered,Cash,47.1,No,Average,
DBW00569,2023-04-15,Saturday,Ghatkopar,Goregaon,12.92,DW083,Residential,Non-Veg,2.53,47,Delivered,Digital,148.96,Yes,Average,
DBW00570,2023-02-21,Tuesday,Ghatkopar,Kurla,14.67,DW061,Residential,Mix,2.26,58,Delivered,Digital,146.78,Yes,Good,
DBW00571,2023-11-24,Friday,Kurla,Ghatkopar,14.42,DW099,Corporate,Mix,1.94,56,Delivered,Cash,122.49,No,Average,
DBW00572,2022-10-31,Monday,Andheri,Vikhroli,11.25,DW099,Corporate,Non-Veg,0.72,40,Delivered,Digital,105.75,No,nan,
DBW00573,2022-07-26,Tuesday,Borivali,Thane,3.3,DW089,Corporate,Non-Veg,2.16,49,Delayed,Monthly-Pre-paid,59.12,No,Good,
DBW00574,2022-02-05,Saturday,Andheri,Chembur,6.25,DW134,Residential,Non-Veg,1.26,29,Delivered,Monthly-Pre-paid,88.71,Yes,Excellent,
DBW00575,2022-01-06,Thursday,Ghatkopar,Lower Parel,2.98,DW030,Corporate,Non-Veg,1.69,38,Delayed,Digital,68.87,No,nan,
DBW00576,2022-09-30,Friday,Sion,Goregaon,18.01,DW079,Residential,Non-Veg,1.8,59,Delivered,Monthly-Pre-paid,143.61,No,nan,
DBW00577,2023-11-07,Tuesday,Borivali,Worli,8.13,DW060,Corporate,Veg,2.75,34,Delivered,Cash,108.1,No,Excellent,
DBW00578,2023-01-18,Wednesday,Churchgate,Dadar,12.15,DW080,Corporate,Non-Veg,1.67,61,Delayed,Digital,148.61,Yes,Good,
DBW00579,2023-10-15,Sunday,Churchgate,Dadar,12.39,DW021,Residential,Non-Veg,1.09,44,Delivered,Cash,93.21,Yes,Average,
DBW00580,2022-03-16,Wednesday,Sion,Malad,10.85,DW048,Corporate,Non-Veg,2.53,46,Delivered,Cash,116.7,Yes,Excellent,
DBW00581,2022-03-10,Thursday,Sion,Chembur,10.19,DW142,Hospital,Mix,2.16,44,Delivered,Monthly-Pre-paid,122.88,No,Excellent,
DBW00582,2023-09-01,Friday,Dadar,Bandra,7.71,DW121,Residential,Mix,2.18,58,Delivered,Monthly-Pre-paid,70.5,Yes,Excellent,
DBW00583,2022-03-19,Saturday,Andheri,Malad,0.5,DW064,Hospital,Mix,2.54,8,Delivered,Digital,26.51,No,Good,
DBW00584,2022-02-07,Monday,Bandra,Malad,10.39,DW017,Residential,Mix,2.66,59,Delivered,Digital,121.52,No,Excellent,
DBW00585,2022-10-22,Saturday,Bandra,Kurla,11.25,DW098,Corporate,Non-Veg,1.35,42,Delivered,Digital,112.19,No,Good,
DBW00586,2023-11-07,Tuesday,Vikhroli,Malad,7.17,DW046,Corporate,Veg,1.1,33,Delivered,Monthly-Pre-paid,81.9,No,Excellent,
DBW00587,2023-05-19,Friday,Vikhroli,Goregaon,13.79,DW050,Residential,Non-Veg,2.22,59,Delivered,Cash,143.65,No,Average,
DBW00588,2022-03-14,Monday,Chembur,Goregaon,22.85,DW015,Residential,Mix,1.67,76,Delivered,Digital,195.23,Yes,Poor,
DBW00589,2023-09-04,Monday,Lower Parel,Andheri,14.53,DW044,Corporate,Mix,1.71,54,Delivered,Cash,130.26,No,Average,
DBW00590,2023-09-08,Friday,Chembur,Churchgate,17.44,DW033,Corporate,Non-Veg,1.24,59,Delivered,Monthly-Pre-paid,176.53,Yes,Excellent,
DBW00591,2023-08-08,Tuesday,Borivali,Churchgate,7.79,DW006,Corporate,Non-Veg,2.09,44,Delivered,Cash,106.55,Yes,nan,
DBW00592,2023-10-21,Saturday,Goregaon,Thane,19.9,DW088,Corporate,Veg,2.0,52,Delivered,Cash,195.16,No,nan,
DBW00593,2022-06-25,Saturday,Dadar,Worli,13.36,DW146,Corporate,Veg,1.72,34,Delivered,Monthly-Pre-paid,157.29,No,Good,
DBW00594,2023-12-17,Sunday,Thane,Kurla,2.28,DW019,Residential,Veg,1.11,15,Returned,Monthly-Pre-paid,54.51,Yes,nan,Damaged
DBW00595,2022-08-23,Tuesday,Goregaon,Goregaon,2.04,DW008,School,Veg,2.4,31,Delivered,Monthly-Pre-paid,74.03,Yes,Good,
DBW00596,2023-08-09,Wednesday,Chembur,Andheri,4.29,DW016,Corporate,Non-Veg,1.93,37,Delivered,Digital,65.31,Yes,Excellent,
DBW00597,2023-02-27,Monday,Kurla,Thane,3.6,DW082,Corporate,Veg,2.36,52,Delayed,Cash,62.58,No,Good,
DBW00598,2023-07-24,Monday,Chembur,Worli,16.96,DW124,Corporate,Veg,0.75,72,Delayed,Monthly-Pre-paid,171.76,No,Good,
DBW00599,2023-04-04,Tuesday,Churchgate,Sion,10.37,DW047,Corporate,Mix,1.83,55,Delivered,Monthly-Pre-paid,103.54,No,Poor,
DBW00600,2023-04-15,Saturday,Borivali,Goregaon,17.8,DW018,Residential,Mix,1.44,52,Delivered,Monthly-Pre-paid,160.72,No,Good,
DBW00601,2023-03-26,Sunday,Ghatkopar,Kurla,13.91,DW015,Corporate,Mix,1.82,46,Delivered,Digital,127.75,No,Average,
DBW00602,2023-07-23,Sunday,Goregaon,Lower Parel,9.24,DW092,School,Non-Veg,2.27,35,Delivered,Digital,95.57,No,Average,
DBW00603,2023-06-24,Saturday,Chembur,Goregaon,24.19,DW054,Hospital,Non-Veg,1.98,67,Delivered,Monthly-Pre-paid,254.57,No,Excellent,
DBW00604,2022-04-09,Saturday,Worli,Chembur,17.92,DW053,Residential,Mix,1.81,58,Delivered,Monthly-Pre-paid,200.69,No,Average,
DBW00605,2023-08-27,Sunday,Sion,Kurla,4.43,DW036,School,Non-Veg,1.81,15,Delivered,Digital,60.53,No,Good,
DBW00606,2023-01-27,Friday,Lower Parel,Chembur,20.14,DW135,Residential,Veg,1.02,68,Delivered,Cash,184.78,No,Excellent,
DBW00607,2022-08-24,Wednesday,Malad,Andheri,0.5,DW057,School,Mix,1.35,17,Delivered,Digital,1.8,Yes,Good,
DBW00608,2023-01-11,Wednesday,Goregaon,Ghatkopar,12.52,DW107,Corporate,Non-Veg,2.36,53,Delivered,Cash,115.25,No,Poor,
DBW00609,2023-12-07,Thursday,Churchgate,Dadar,11.95,DW112,School,Non-Veg,1.55,66,Delayed,Digital,113.49,No,Average,
DBW00610,2023-09-19,Tuesday,Bandra,Bandra,0.5,DW009,Corporate,Veg,2.37,31,Delivered,Digital,27.4,No,Average,
DBW00611,2023-09-01,Friday,Dadar,Kurla,5.47,DW038,Corporate,Non-Veg,2.21,35,Delivered,Cash,65.25,No,Excellent,
DBW00612,2022-12-04,Sunday,Borivali,Churchgate,7.86,DW135,School,Non-Veg,2.24,33,Delivered,Digital,96.07,No,Average,
DBW00613,2023-07-27,Thursday,Malad,Churchgate,16.43,DW133,Corporate,Mix,1.97,74,Returned,Cash,173.09,Yes,Average,nan
DBW00614,2022-10-09,Sunday,Borivali,Bandra,17.81,DW063,Corporate,Non-Veg,1.58,49,Delivered,Cash,161.6,No,nan,
DBW00615,2023-05-16,Tuesday,Lower Parel,Sion,16.91,DW024,Corporate,Non-Veg,1.72,53,Delivered,Digital,186.8,No,Average,
DBW00616,2023-04-12,Wednesday,Borivali,Kurla,5.54,DW045,Corporate,Mix,2.12,37,Delivered,Monthly-Pre-paid,79.52,No,Excellent,
DBW00617,2022-07-02,Saturday,Chembur,Churchgate,18.07,DW143,Corporate,Veg,0.74,54,Delivered,Monthly-Pre-paid,187.91,No,nan,
DBW00618,2022-07-14,Thursday,Vikhroli,Dadar,6.71,DW101,Corporate,Mix,2.42,40,Delivered,Monthly-Pre-paid,77.09,No,Average,
DBW00619,2022-02-14,Monday,Worli,Borivali,6.55,DW012,Residential,Veg,1.55,43,Delivered,Cash,90.62,No,Excellent,
DBW00620,2022-04-13,Wednesday,Churchgate,Bandra,19.83,DW108,Hospital,Veg,1.76,57,Delivered,Cash,195.46,No,Average,
DBW00621,2022-11-13,Sunday,Churchgate,Kurla,10.84,DW023,Corporate,Non-Veg,1.76,37,Delivered,Monthly-Pre-paid,138.71,No,Good,
DBW00622,2022-12-15,Thursday,Goregaon,Ghatkopar,11.1,DW046,Hospital,Veg,1.78,39,Delivered,Cash,128.56,Yes,Average,
DBW00623,2022-05-01,Sunday,Kurla,Worli,8.71,DW073,Residential,Veg,1.14,32,Delivered,Digital,112.46,Yes,Good,
DBW00624,2022-11-01,Tuesday,Goregaon,Kurla,15.3,DW053,Residential,Non-Veg,1.88,66,Delivered,Digital,144.49,No,Average,
DBW00625,2023-03-18,Saturday,Chembur,Borivali,13.44,DW105,Residential,Mix,2.1,42,Delivered,Cash,155.49,No,Excellent,
DBW00626,2022-06-19,Sunday,Vikhroli,Goregaon,14.55,DW024,Hospital,Veg,0.78,29,Delivered,Digital,127.27,No,Poor,
DBW00627,2022-09-04,Sunday,Thane,Malad,6.58,DW132,Corporate,Veg,1.15,26,Delivered,Monthly-Pre-paid,74.04,No,Excellent,
DBW00628,2022-09-26,Monday,Andheri,Ghatkopar,13.65,DW090,Residential,Mix,2.25,57,Delivered,Monthly-Pre-paid,143.45,Yes,Excellent,
DBW00629,2023-01-04,Wednesday,Sion,Ghatkopar,18.57,DW046,Hospital,Mix,2.15,60,Delivered,Digital,161.31,Yes,Excellent,
DBW00630,2022-09-25,Sunday,Worli,Bandra,19.87,DW144,Residential,Non-Veg,1.95,75,Returned,Digital,175.11,Yes,Good,Damaged
DBW00631,2023-06-22,Thursday,Chembur,Borivali,12.6,DW072,Corporate,Non-Veg,1.46,57,Delivered,Cash,116.94,No,Average,
DBW00632,2022-08-28,Sunday,Borivali,Chembur,11.85,DW063,Residential,Mix,2.16,42,Delivered,Cash,130.48,No,Good,
DBW00633,2022-11-13,Sunday,Ghatkopar,Borivali,21.67,DW004,Residential,Veg,1.2,48,Delivered,Monthly-Pre-paid,200.94,No,Good,
DBW00634,2022-10-05,Wednesday,Thane,Chembur,8.55,DW150,Corporate,Mix,1.73,48,Delivered,Monthly-Pre-paid,112.86,Yes,Poor,
DBW00635,2022-05-14,Saturday,Malad,Dadar,8.18,DW127,Residential,Non-Veg,1.15,25,Delivered,Monthly-Pre-paid,123.61,Yes,Good,
DBW00636,2023-05-16,Tuesday,Churchgate,Bandra,20.29,DW027,Hospital,Non-Veg,1.72,79,Delayed,Cash,196.36,No,Good,
DBW00637,2022-06-21,Tuesday,Churchgate,Malad,16.42,DW143,Residential,Non-Veg,1.28,73,Delivered,Digital,153.73,Yes,Good,
DBW00638,2022-08-05,Friday,Churchgate,Chembur,19.57,DW120,Corporate,Mix,2.18,76,Delivered,Digital,192.05,No,nan,
DBW00639,2023-08-02,Wednesday,Thane,Andheri,7.35,DW064,Residential,Mix,2.02,35,Delivered,Monthly-Pre-paid,75.4,No,Excellent,
DBW00640,2023-11-24,Friday,Worli,Andheri,17.31,DW140,Residential,Mix,1.51,65,Delivered,Digital,167.54,Yes,Excellent,
DBW00641,2023-05-05,Friday,Worli,Goregaon,13.89,DW084,Corporate,Non-Veg,2.35,63,Delivered,Cash,178.07,No,Good,
DBW00642,2023-10-31,Tuesday,Borivali,Lower Parel,16.53,DW104,Residential,Veg,1.32,69,Delayed,Monthly-Pre-paid,159.2,No,Average,
DBW00643,2023-09-16,Saturday,Goregaon,Lower Parel,9.69,DW028,Corporate,Veg,1.78,31,Delivered,Cash,112.07,Yes,Excellent,
DBW00644,2022-12-18,Sunday,Sion,Dadar,13.45,DW017,Hospital,Mix,1.49,42,Delivered,Monthly-Pre-paid,135.16,No,Poor,
DBW00645,2023-07-17,Monday,Thane,Thane,0.5,DW080,Residential,Veg,2.17,32,Delivered,Digital,27.86,Yes,Good,
DBW00646,2022-08-28,Sunday,Bandra,Kurla,14.42,DW049,Hospital,Non-Veg,2.12,35,Delivered,Cash,152.58,Yes,Average,
DBW00647,2022-12-03,Saturday,Ghatkopar,Worli,19.05,DW148,Residential,Non-Veg,2.45,50,Delivered,Digital,163.36,Yes,Excellent,
DBW00648,2023-01-26,Thursday,Kurla,Churchgate,9.53,DW013,Corporate,Mix,1.84,46,Delivered,Digital,103.75,No,Poor,
DBW00649,2023-12-03,Sunday,Vikhroli,Andheri,7.82,DW115,Residential,Non-Veg,0.5,34,Delivered,Digital,72.19,No,Good,
DBW00650,2023-09-12,Tuesday,Andheri,Vikhroli,6.92,DW091,Corporate,Mix,1.58,38,Delivered,Cash,108.53,No,Excellent,
DBW00651,2022-12-24,Saturday,Lower Parel,Dadar,7.8,DW132,Residential,Non-Veg,2.58,52,Delayed,Monthly-Pre-paid,107.23,No,Excellent,
DBW00652,2023-04-22,Saturday,Kurla,Ghatkopar,13.69,DW150,Corporate,Mix,1.64,46,Delivered,Cash,128.03,Yes,Good,
DBW00653,2022-05-28,Saturday,Malad,Kurla,6.28,DW131,Residential,Veg,0.84,23,Delivered,Cash,52.37,No,Good,
DBW00654,2023-08-11,Friday,Sion,Kurla,6.73,DW057,Residential,Mix,2.02,34,Delivered,Digital,91.22,No,Excellent,
DBW00655,2023-02-08,Wednesday,Churchgate,Thane,11.72,DW105,Corporate,Mix,2.06,46,Delivered,Cash,123.1,No,Good,
DBW00656,2023-01-24,Tuesday,Kurla,Vikhroli,2.74,DW025,Corporate,Mix,1.44,28,Delivered,Digital,85.6,No,Good,
DBW00657,2023-07-14,Friday,Malad,Lower Parel,12.71,DW073,Corporate,Non-Veg,1.68,57,Delivered,Digital,152.7,No,Good,
DBW00658,2023-04-08,Saturday,Chembur,Sion,10.65,DW041,Corporate,Veg,1.38,33,Delivered,Monthly-Pre-paid,124.71,No,Excellent,
DBW00659,2022-02-22,Tuesday,Vikhroli,Churchgate,10.51,DW038,Corporate,Non-Veg,2.06,42,Delivered,Monthly-Pre-paid,106.13,No,Good,
DBW00660,2022-07-30,Saturday,Lower Parel,Lower Parel,0.78,DW086,Hospital,Mix,1.83,8,Delivered,Cash,32.3,No,nan,
DBW00661,2022-05-10,Tuesday,Churchgate,Sion,9.39,DW020,Hospital,Veg,1.22,31,Delivered,Cash,109.69,No,Good,
DBW00662,2023-06-21,Wednesday,Goregaon,Sion,17.27,DW086,School,Non-Veg,1.8,54,Delivered,Digital,173.48,No,Average,
DBW00663,2022-01-26,Wednesday,Chembur,Churchgate,18.92,DW061,Corporate,Veg,1.43,63,Delivered,Cash,170.78,Yes,Excellent,
DBW00664,2022-05-28,Saturday,Worli,Goregaon,13.62,DW035,Corporate,Mix,2.53,44,Delivered,Monthly-Pre-paid,118.49,Yes,Excellent,
DBW00665,2023-03-13,Monday,Bandra,Worli,20.34,DW085,Residential,Non-Veg,2.25,68,Delivered,Monthly-Pre-paid,221.61,Yes,nan,
DBW00666,2023-05-23,Tuesday,Borivali,Chembur,12.67,DW113,Residential,Mix,1.74,60,Delivered,Digital,131.85,Yes,Average,
DBW00667,2023-01-03,Tuesday,Churchgate,Sion,8.71,DW092,Residential,Veg,1.84,47,Delivered,Monthly-Pre-paid,106.01,Yes,Average,
DBW00668,2023-09-21,Thursday,Lower Parel,Chembur,17.16,DW014,Residential,Veg,2.31,62,Delivered,Digital,154.42,No,Good,
DBW00669,2023-11-02,Thursday,Sion,Kurla,5.97,DW085,Residential,Mix,1.71,38,Delivered,Digital,98.25,Yes,Average,
DBW00670,2022-04-07,Thursday,Dadar,Thane,8.85,DW094,Residential,Non-Veg,2.18,53,Delivered,Monthly-Pre-paid,116.4,Yes,nan,
DBW00671,2023-11-27,Monday,Ghatkopar,Malad,15.97,DW103,School,Veg,2.54,71,Delivered,Digital,158.63,No,Excellent,
DBW00672,2023-03-25,Saturday,Dadar,Dadar,0.5,DW064,Corporate,Mix,1.55,9,Delivered,Monthly-Pre-paid,37.15,No,Excellent,
DBW00673,2023-04-10,Monday,Dadar,Lower Parel,5.32,DW015,Hospital,Non-Veg,2.62,39,Delivered,Cash,76.85,Yes,Poor,
DBW00674,2022-03-11,Friday,Chembur,Sion,11.15,DW020,Residential,Mix,2.48,79,Delayed,Digital,120.64,No,Excellent,
DBW00675,2023-03-30,Thursday,Vikhroli,Vikhroli,0.5,DW050,Corporate,Non-Veg,1.92,25,Delivered,Monthly-Pre-paid,42.37,No,Good,
DBW00676,2023-06-14,Wednesday,Malad,Dadar,7.56,DW096,School,Mix,1.58,40,Delivered,Monthly-Pre-paid,96.13,No,Excellent,
DBW00677,2023-02-28,Tuesday,Kurla,Sion,5.35,DW111,Hospital,Non-Veg,1.92,43,Delivered,Cash,70.17,No,Good,
DBW00678,2022-03-03,Thursday,Worli,Ghatkopar,21.09,DW101,Residential,Non-Veg,1.68,66,Delivered,Cash,181.19,No,Good,
DBW00679,2023-01-17,Tuesday,Malad,Vikhroli,10.05,DW047,Corporate,Non-Veg,1.4,40,Delivered,Digital,110.0,Yes,Excellent,
DBW00680,2023-11-15,Wednesday,Chembur,Bandra,12.68,DW067,Corporate,Veg,2.07,45,Delivered,Cash,142.71,No,Excellent,
DBW00681,2023-06-13,Tuesday,Ghatkopar,Chembur,17.49,DW008,Residential,Mix,1.29,68,Returned,Monthly-Pre-paid,179.97,Yes,Good,Damaged
DBW00682,2022-04-11,Monday,Dadar,Malad,6.11,DW120,Corporate,Non-Veg,1.63,47,Returned,Digital,98.58,Yes,Good,nan
DBW00683,2023-12-02,Saturday,Thane,Goregaon,18.26,DW054,Corporate,Veg,1.64,58,Delivered,Monthly-Pre-paid,197.38,No,Average,
DBW00684,2023-12-01,Friday,Kurla,Malad,7.93,DW077,Corporate,Non-Veg,1.12,40,Delivered,Cash,103.99,No,Average,
DBW00685,2022-05-04,Wednesday,Dadar,Churchgate,13.1,DW068,Corporate,Non-Veg,2.13,45,Delivered,Cash,137.64,Yes,Excellent,
DBW00686,2023-08-08,Tuesday,Ghatkopar,Malad,16.17,DW043,Residential,Mix,1.69,57,Delivered,Cash,164.51,Yes,Good,
DBW00687,2022-10-24,Monday,Ghatkopar,Dadar,8.52,DW026,Residential,Non-Veg,2.45,44,Delivered,Cash,89.56,No,Poor,
DBW00688,2023-03-10,Friday,Churchgate,Sion,9.48,DW144,Corporate,Non-Veg,1.68,73,Returned,Cash,117.83,No,Good,nan
DBW00689,2022-11-21,Monday,Bandra,Sion,18.13,DW018,Residential,Veg,1.6,74,Delayed,Monthly-Pre-paid,194.92,No,Poor,
DBW00690,2023-07-26,Wednesday,Chembur,Worli,18.28,DW142,Corporate,Non-Veg,1.35,51,Delivered,Monthly-Pre-paid,191.86,Yes,nan,
DBW00691,2023-12-29,Friday,Sion,Malad,11.18,DW017,Corporate,Veg,1.82,56,Delivered,Digital,127.76,Yes,Good,
DBW00692,2023-08-04,Friday,Bandra,Andheri,7.83,DW015,Residential,Non-Veg,1.82,42,Delivered,Digital,89.04,Yes,Excellent,
DBW00693,2023-11-11,Saturday,Kurla,Goregaon,18.2,DW136,Residential,Mix,2.17,60,Delivered,Cash,170.29,No,Excellent,
DBW00694,2023-11-22,Wednesday,Thane,Goregaon,19.19,DW142,Corporate,Mix,1.83,66,Delivered,Monthly-Pre-paid,181.13,No,Excellent,
DBW00695,2022-03-07,Monday,Ghatkopar,Sion,18.94,DW135,Residential,Veg,2.85,79,Delivered,Monthly-Pre-paid,170.6,No,Average,
DBW00696,2022-07-04,Monday,Vikhroli,Bandra,11.05,DW117,Corporate,Non-Veg,2.03,49,Delivered,Cash,122.53,No,Excellent,
DBW00697,2023-06-11,Sunday,Malad,Chembur,4.91,DW074,Residential,Mix,1.31,24,Delivered,Monthly-Pre-paid,27.37,Yes,nan,
DBW00698,2023-03-07,Tuesday,Thane,Chembur,7.4,DW016,Corporate,Veg,1.26,40,Delivered,Digital,81.12,Yes,Average,
DBW00699,2022-02-06,Sunday,Worli,Thane,10.11,DW089,Residential,Non-Veg,2.07,36,Delivered,Digital,111.93,Yes,nan,
DBW00700,2022-03-11,Friday,Dadar,Bandra,6.42,DW078,Residential,Non-Veg,1.29,58,Delayed,Cash,118.9,No,Good,
DBW00701,2023-01-15,Sunday,Malad,Malad,0.5,DW111,Corporate,Veg,2.1,16,Delivered,Digital,34.07,No,Excellent,
DBW00702,2023-03-26,Sunday,Borivali,Thane,4.47,DW006,Residential,Non-Veg,2.25,29,Delivered,Cash,66.38,No,Excellent,
DBW00703,2022-05-03,Tuesday,Chembur,Andheri,5.76,DW012,Residential,Veg,2.26,35,Delivered,Cash,63.54,Yes,Average,
DBW00704,2022-05-06,Friday,Churchgate,Malad,17.49,DW089,Corporate,Veg,1.37,65,Delivered,Monthly-Pre-paid,195.69,No,Excellent,
DBW00705,2022-04-05,Tuesday,Malad,Churchgate,16.62,DW129,Residential,Veg,2.26,57,Delivered,Digital,150.73,Yes,Poor,
DBW00706,2023-02-17,Friday,Borivali,Thane,5.79,DW140,Residential,Mix,1.96,43,Delivered,Cash,106.8,Yes,Excellent,
DBW00707,2022-01-06,Thursday,Borivali,Dadar,12.13,DW086,Corporate,Mix,1.5,53,Delivered,Cash,115.92,Yes,Average,
DBW00708,2023-02-22,Wednesday,Worli,Sion,6.09,DW056,Hospital,Veg,1.72,36,Delivered,Monthly-Pre-paid,92.87,Yes,Good,
DBW00709,2022-12-14,Wednesday,Lower Parel,Thane,16.05,DW071,Corporate,Veg,2.04,57,Delivered,Monthly-Pre-paid,157.58,Yes,Average,
DBW00710,2022-12-07,Wednesday,Chembur,Worli,15.81,DW077,Residential,Non-Veg,1.46,61,Delivered,Monthly-Pre-paid,148.07,Yes,Average,
DBW00711,2023-05-11,Thursday,Worli,Malad,16.18,DW093,Hospital,Veg,1.95,55,Delivered,Cash,174.59,No,Excellent,
DBW00712,2023-01-17,Tuesday,Dadar,Chembur,9.45,DW035,School,Non-Veg,2.52,56,Returned,Monthly-Pre-paid,125.5,No,nan,nan
DBW00713,2023-06-16,Friday,Vikhroli,Dadar,6.08,DW059,Residential,Non-Veg,2.28,41,Delivered,Cash,75.83,No,Good,
DBW00714,2023-07-12,Wednesday,Vikhroli,Worli,5.23,DW082,Residential,Non-Veg,1.84,52,Delivered,Digital,71.49,No,Good,
DBW00715,2023-11-03,Friday,Goregaon,Sion,17.71,DW128,Corporate,Non-Veg,1.92,59,Delivered,Digital,165.45,No,nan,
DBW00716,2023-08-07,Monday,Chembur,Goregaon,26.02,DW121,Corporate,Non-Veg,1.53,85,Delivered,Monthly-Pre-paid,241.56,No,Poor,
DBW00717,2023-01-13,Friday,Vikhroli,Churchgate,7.82,DW114,Hospital,Veg,1.55,38,Delivered,Monthly-Pre-paid,76.11,Yes,Excellent,
DBW00718,2022-12-26,Monday,Bandra,Chembur,14.39,DW033,Corporate,Mix,1.03,48,Delivered,Cash,104.69,No,Excellent,
DBW00719,2022-06-22,Wednesday,Ghatkopar,Kurla,17.09,DW061,Hospital,Mix,1.93,73,Delayed,Cash,138.63,No,nan,
DBW00720,2023-03-14,Tuesday,Bandra,Chembur,14.15,DW084,Corporate,Veg,2.14,54,Delivered,Monthly-Pre-paid,139.85,No,Good,
DBW00721,2022-04-12,Tuesday,Kurla,Vikhroli,2.25,DW146,Corporate,Non-Veg,1.76,32,Returned,Cash,31.91,No,Good,Damaged
DBW00722,2023-11-11,Saturday,Worli,Dadar,13.32,DW054,Corporate,Veg,1.36,44,Delivered,Cash,134.77,Yes,Excellent,
DBW00723,2023-09-09,Saturday,Ghatkopar,Ghatkopar,0.5,DW138,Residential,Non-Veg,1.83,17,Delivered,Cash,26.31,Yes,Good,
DBW00724,2022-03-29,Tuesday,Dadar,Andheri,5.24,DW113,Corporate,Mix,2.47,40,Delivered,Digital,61.34,No,Good,
DBW00725,2023-07-28,Friday,Worli,Malad,15.39,DW096,Corporate,Non-Veg,2.25,60,Delivered,Monthly-Pre-paid,143.39,No,Excellent,
DBW00726,2022-03-27,Sunday,Vikhroli,Chembur,12.11,DW106,School,Mix,1.79,60,Delayed,Monthly-Pre-paid,141.41,No,Good,
DBW00727,2023-06-11,Sunday,Kurla,Sion,6.63,DW119,Residential,Non-Veg,2.82,30,Delivered,Digital,86.53,Yes,Excellent,
DBW00728,2022-03-06,Sunday,Vikhroli,Churchgate,6.29,DW105,Residential,Veg,3.15,38,Delivered,Cash,103.76,Yes,Good,
DBW00729,2022-12-23,Friday,Churchgate,Goregaon,8.55,DW101,Corporate,Mix,1.56,37,Delivered,Monthly-Pre-paid,99.94,No,Average,
DBW00730,2023-04-26,Wednesday,Worli,Malad,15.48,DW057,Corporate,Veg,1.68,52,Delivered,Monthly-Pre-paid,125.22,Yes,Average,
DBW00731,2023-06-17,Saturday,Bandra,Malad,10.33,DW065,Residential,Non-Veg,2.15,38,Delivered,Digital,97.02,Yes,Excellent,
DBW00732,2022-11-02,Wednesday,Worli,Dadar,15.09,DW090,Corporate,Mix,1.34,65,Delivered,Digital,152.43,Yes,Excellent,
DBW00733,2023-11-04,Saturday,Vikhroli,Andheri,11.27,DW127,Corporate,Mix,2.22,35,Delivered,Digital,123.81,No,Average,
DBW00734,2023-07-20,Thursday,Bandra,Sion,17.7,DW098,School,Veg,1.85,76,Delivered,Monthly-Pre-paid,162.81,Yes,Good,
DBW00735,2022-06-02,Thursday,Worli,Lower Parel,15.07,DW149,Corporate,Mix,1.99,59,Delivered,Digital,138.63,Yes,Excellent,
DBW00736,2023-05-05,Friday,Andheri,Lower Parel,13.6,DW103,Hospital,Mix,1.51,63,Delivered,Cash,129.71,Yes,Average,
DBW00737,2023-06-18,Sunday,Dadar,Dadar,0.5,DW062,Corporate,Mix,1.41,11,Delivered,Monthly-Pre-paid,31.83,No,Good,
DBW00738,2022-09-01,Thursday,Ghatkopar,Vikhroli,14.14,DW087,Corporate,Mix,0.81,48,Delivered,Digital,142.42,Yes,Good,
DBW00739,2023-06-23,Friday,Dadar,Churchgate,12.7,DW094,Corporate,Veg,2.54,66,Delivered,Digital,115.12,No,Average,
DBW00740,2023-10-18,Wednesday,Sion,Bandra,15.54,DW131,School,Veg,2.27,66,Delivered,Cash,158.05,No,Good,
DBW00741,2023-08-20,Sunday,Borivali,Sion,1.23,DW039,Residential,Non-Veg,2.14,16,Delivered,Monthly-Pre-paid,43.43,Yes,Good,
DBW00742,2023-07-11,Tuesday,Malad,Malad,0.5,DW038,Residential,Veg,1.97,18,Delivered,Cash,32.35,Yes,Poor,
DBW00743,2023-04-09,Sunday,Chembur,Worli,18.44,DW031,Corporate,Veg,0.65,51,Delivered,Cash,167.19,Yes,Excellent,
DBW00744,2022-07-17,Sunday,Borivali,Borivali,0.5,DW009,Hospital,Mix,1.42,12,Delivered,Monthly-Pre-paid,44.07,No,Good,
DBW00745,2023-08-04,Friday,Malad,Worli,14.69,DW102,Residential,Mix,1.67,60,Delivered,Cash,167.4,No,Excellent,
DBW00746,2022-09-23,Friday,Kurla,Goregaon,16.32,DW145,Residential,Veg,1.26,69,Delivered,Monthly-Pre-paid,153.86,No,nan,
DBW00747,2023-01-24,Tuesday,Borivali,Worli,3.47,DW093,Residential,Non-Veg,0.95,24,Delivered,Cash,48.32,No,Good,
DBW00748,2022-08-18,Thursday,Ghatkopar,Bandra,7.02,DW010,Residential,Non-Veg,1.31,34,Delivered,Monthly-Pre-paid,93.13,No,nan,
DBW00749,2022-08-17,Wednesday,Dadar,Kurla,6.98,DW055,Residential,Veg,1.82,40,Delivered,Monthly-Pre-paid,68.32,No,Good,
DBW00750,2022-04-26,Tuesday,Chembur,Worli,16.93,DW136,Corporate,Veg,1.82,53,Delivered,Monthly-Pre-paid,146.25,Yes,Poor,
DBW00751,2023-12-03,Sunday,Bandra,Andheri,9.81,DW008,Hospital,Non-Veg,2.25,31,Delivered,Monthly-Pre-paid,98.75,No,Average,
DBW00752,2022-04-18,Monday,Sion,Lower Parel,14.24,DW092,Corporate,Non-Veg,2.83,65,Delivered,Monthly-Pre-paid,148.59,No,Excellent,
DBW00753,2022-03-04,Friday,Andheri,Dadar,5.63,DW067,School,Mix,2.14,32,Delivered,Digital,61.85,No,Average,
DBW00754,2023-11-15,Wednesday,Borivali,Worli,5.08,DW138,Corporate,Mix,1.71,39,Delayed,Digital,70.39,No,Excellent,
DBW00755,2023-02-10,Friday,Andheri,Bandra,9.84,DW077,Corporate,Veg,2.7,58,Delivered,Cash,78.61,No,Excellent,
DBW00756,2022-11-16,Wednesday,Malad,Malad,0.67,DW085,Corporate,Non-Veg,1.01,20,Delivered,Digital,44.63,No,Good,
DBW00757,2023-06-23,Friday,Chembur,Lower Parel,18.76,DW109,Residential,Non-Veg,0.76,70,Delivered,Digital,201.69,No,Average,
DBW00758,2022-10-07,Friday,Sion,Worli,8.14,DW124,Corporate,Veg,1.36,41,Delivered,Monthly-Pre-paid,81.46,No,Excellent,
DBW00759,2022-04-04,Monday,Worli,Kurla,9.48,DW078,Hospital,Mix,2.21,43,Delivered,Monthly-Pre-paid,112.52,Yes,Average,
DBW00760,2023-06-17,Saturday,Goregaon,Sion,19.22,DW109,Residential,Non-Veg,1.88,65,Delivered,Digital,180.6,Yes,Average,
DBW00761,2022-05-09,Monday,Borivali,Chembur,11.09,DW121,Corporate,Mix,1.24,48,Delivered,Cash,120.34,No,Good,
DBW00762,2023-02-08,Wednesday,Worli,Bandra,19.67,DW079,Residential,Non-Veg,1.44,81,Delayed,Cash,183.71,No,Excellent,
DBW00763,2023-11-24,Friday,Ghatkopar,Ghatkopar,0.75,DW108,Residential,Non-Veg,1.18,28,Delivered,Digital,31.47,No,Good,
DBW00764,2023-11-15,Wednesday,Kurla,Malad,4.6,DW055,Hospital,Veg,1.18,33,Delivered,Digital,54.32,Yes,Excellent,
DBW00765,2022-09-21,Wednesday,Chembur,Dadar,11.56,DW054,Corporate,Non-Veg,2.58,45,Delivered,Monthly-Pre-paid,106.09,No,Excellent,
DBW00766,2023-07-24,Monday,Malad,Andheri,1.12,DW001,School,Mix,1.73,31,Delivered,Cash,55.46,Yes,Excellent,
DBW00767,2023-03-24,Friday,Andheri,Sion,12.01,DW101,Corporate,Non-Veg,2.68,54,Delivered,Digital,100.9,No,Good,
DBW00768,2022-12-16,Friday,Vikhroli,Thane,5.43,DW038,Residential,Non-Veg,1.35,38,Delivered,Monthly-Pre-paid,73.15,No,Average,
DBW00769,2022-04-13,Wednesday,Chembur,Andheri,5.35,DW123,Residential,Veg,2.05,37,Delivered,Digital,71.83,No,Good,
DBW00770,2022-10-02,Sunday,Lower Parel,Ghatkopar,4.35,DW143,Corporate,Veg,1.91,47,Delayed,Cash,64.07,No,nan,
DBW00771,2023-04-21,Friday,Vikhroli,Ghatkopar,13.62,DW132,Corporate,Mix,2.24,54,Delivered,Cash,148.95,No,Average,
DBW00772,2023-12-22,Friday,Bandra,Malad,9.03,DW042,Residential,Mix,1.93,51,Delivered,Digital,96.67,Yes,nan,
DBW00773,2022-01-04,Tuesday,Goregaon,Chembur,24.89,DW098,Corporate,Non-Veg,2.29,92,Delivered,Digital,238.91,No,Average,
DBW00774,2023-06-08,Thursday,Vikhroli,Worli,7.22,DW113,Corporate,Non-Veg,2.08,43,Delivered,Monthly-Pre-paid,117.56,Yes,Excellent,
DBW00775,2023-09-10,Sunday,Goregaon,Ghatkopar,12.12,DW076,Corporate,Mix,1.25,34,Delivered,Monthly-Pre-paid,124.7,Yes,Excellent,
DBW00776,2023-11-26,Sunday,Goregaon,Churchgate,9.28,DW077,Residential,Veg,2.17,44,Returned,Monthly-Pre-paid,73.79,No,Good,nan
DBW00777,2022-11-06,Sunday,Chembur,Malad,5.87,DW066,Corporate,Non-Veg,1.75,21,Delivered,Cash,74.86,Yes,Average,
DBW00778,2022-03-28,Monday,Sion,Goregaon,17.44,DW047,Residential,Veg,1.41,64,Delivered,Digital,165.89,No,Average,
DBW00779,2022-07-17,Sunday,Ghatkopar,Dadar,8.34,DW086,School,Veg,2.15,28,Delivered,Cash,102.71,No,Excellent,
DBW00780,2023-09-13,Wednesday,Worli,Lower Parel,13.78,DW149,Residential,Non-Veg,2.26,60,Delivered,Monthly-Pre-paid,110.32,Yes,Average,
DBW00781,2023-10-03,Tuesday,Malad,Sion,10.82,DW033,Residential,Mix,1.56,38,Delivered,Cash,121.45,Yes,Good,
DBW00782,2023-04-11,Tuesday,Ghatkopar,Ghatkopar,0.66,DW008,Residential,Veg,1.62,24,Delivered,Digital,28.93,Yes,Average,
DBW00783,2022-03-31,Thursday,Dadar,Vikhroli,7.94,DW009,Corporate,Non-Veg,1.11,36,Delivered,Cash,105.56,Yes,Good,
DBW00784,2022-03-31,Thursday,Bandra,Andheri,9.0,DW088,Corporate,Veg,0.9,36,Delivered,Cash,94.2,No,Excellent,
DBW00785,2022-12-16,Friday,Lower Parel,Goregaon,10.52,DW041,Corporate,Veg,1.68,76,Delayed,Digital,127.18,No,Good,
DBW00786,2023-03-06,Monday,Goregaon,Worli,14.22,DW070,Corporate,Mix,2.2,63,Delivered,Digital,121.1,No,nan,
DBW00787,2022-01-24,Monday,Andheri,Ghatkopar,15.33,DW143,Corporate,Mix,1.51,67,Delivered,Monthly-Pre-paid,152.92,No,Average,
DBW00788,2023-05-16,Tuesday,Borivali,Ghatkopar,20.57,DW012,Residential,Non-Veg,2.51,70,Delivered,Digital,179.97,No,Good,
DBW00789,2023-02-02,Thursday,Lower Parel,Dadar,8.72,DW027,Corporate,Non-Veg,1.7,32,Delivered,Cash,92.43,No,Good,
DBW00790,2022-01-09,Sunday,Thane,Andheri,7.53,DW033,Corporate,Veg,1.7,23,Delivered,Cash,131.07,No,Good,
DBW00791,2022-03-11,Friday,Kurla,Borivali,5.0,DW069,Hospital,Non-Veg,1.66,41,Delayed,Cash,55.74,No,Excellent,
DBW00792,2022-11-28,Monday,Malad,Thane,8.1,DW105,Corporate,Mix,2.29,47,Delivered,Digital,89.25,Yes,Average,
DBW00793,2023-06-12,Monday,Kurla,Sion,6.38,DW028,Residential,Non-Veg,1.32,41,Delivered,Cash,63.88,Yes,Excellent,
DBW00794,2023-08-26,Saturday,Churchgate,Thane,13.96,DW017,Corporate,Mix,1.74,46,Delivered,Cash,137.08,Yes,Good,
DBW00795,2022-11-11,Friday,Bandra,Sion,19.45,DW013,Residential,Veg,1.53,61,Delivered,Cash,183.33,No,Excellent,
DBW00796,2022-08-04,Thursday,Churchgate,Ghatkopar,18.52,DW121,Corporate,Non-Veg,1.52,67,Delivered,Monthly-Pre-paid,167.17,No,Average,
DBW00797,2023-12-08,Friday,Churchgate,Borivali,9.45,DW005,Corporate,Non-Veg,1.82,43,Delivered,Monthly-Pre-paid,129.22,No,Excellent,
DBW00798,2022-12-01,Thursday,Bandra,Vikhroli,14.11,DW094,Hospital,Mix,1.74,55,Delivered,Digital,160.21,Yes,Good,
DBW00799,2022-08-19,Friday,Chembur,Vikhroli,9.74,DW087,Residential,Veg,2.33,47,Delivered,Digital,93.74,Yes,Good,
DBW00800,2022-11-19,Saturday,Andheri,Kurla,6.16,DW016,Corporate,Veg,1.79,27,Delivered,Cash,91.5,Yes,Average,
DBW00801,2022-01-09,Sunday,Kurla,Malad,5.55,DW083,Corporate,Mix,2.08,22,Delivered,Digital,67.24,No,nan,
DBW00802,2022-08-09,Tuesday,Churchgate,Ghatkopar,16.79,DW044,Residential,Veg,1.89,61,Delivered,Digital,145.88,No,Excellent,
DBW00803,2023-01-12,Thursday,Chembur,Worli,17.23,DW078,Corporate,Non-Veg,2.5,58,Delivered,Cash,157.05,No,Excellent,
DBW00804,2023-11-02,Thursday,Kurla,Lower Parel,12.57,DW021,Residential,Veg,1.65,56,Delivered,Monthly-Pre-paid,111.74,No,Average,
DBW00805,2023-06-23,Friday,Sion,Churchgate,9.56,DW101,Residential,Non-Veg,1.65,46,Delivered,Monthly-Pre-paid,120.61,Yes,Excellent,
DBW00806,2023-07-25,Tuesday,Chembur,Borivali,13.07,DW120,Residential,Veg,2.17,63,Delivered,Monthly-Pre-paid,121.43,No,Excellent,
DBW00807,2023-02-02,Thursday,Chembur,Churchgate,16.24,DW001,Hospital,Veg,1.64,68,Delivered,Cash,179.28,No,Excellent,
DBW00808,2022-03-22,Tuesday,Malad,Chembur,4.47,DW080,Corporate,Non-Veg,2.05,29,Delivered,Monthly-Pre-paid,67.87,No,Excellent,
DBW00809,2022-10-13,Thursday,Borivali,Ghatkopar,20.79,DW098,Hospital,Veg,2.97,76,Delivered,Cash,190.24,Yes,Good,
DBW00810,2023-12-29,Friday,Malad,Ghatkopar,17.11,DW001,Residential,Veg,1.31,75,Delivered,Monthly-Pre-paid,159.32,No,Good,
DBW00811,2022-02-02,Wednesday,Kurla,Churchgate,11.67,DW109,Residential,Non-Veg,2.57,51,Delivered,Cash,149.64,No,Good,
DBW00812,2023-10-04,Wednesday,Kurla,Bandra,14.27,DW082,Residential,Non-Veg,1.55,56,Delivered,Digital,144.29,No,Good,
DBW00813,2023-05-15,Monday,Sion,Andheri,11.11,DW046,Residential,Non-Veg,2.47,52,Delivered,Monthly-Pre-paid,111.3,Yes,Good,
DBW00814,2022-07-27,Wednesday,Chembur,Goregaon,24.42,DW073,Corporate,Mix,2.14,70,Delivered,Digital,238.15,No,Poor,
DBW00815,2023-07-22,Saturday,Dadar,Churchgate,13.64,DW103,School,Mix,2.1,46,Delivered,Cash,147.93,No,Good,
DBW00816,2023-09-03,Sunday,Lower Parel,Lower Parel,0.5,DW097,School,Mix,1.72,10,Delivered,Digital,19.18,Yes,Poor,
DBW00817,2022-02-01,Tuesday,Malad,Sion,10.08,DW117,Corporate,Non-Veg,1.67,70,Delayed,Cash,110.74,No,nan,
DBW00818,2022-03-19,Saturday,Chembur,Andheri,4.78,DW006,Residential,Mix,1.44,23,Delivered,Monthly-Pre-paid,41.09,Yes,Good,
DBW00819,2023-05-01,Monday,Bandra,Churchgate,18.5,DW119,Residential,Mix,1.8,67,Delivered,Digital,177.54,Yes,nan,
DBW00820,2023-12-31,Sunday,Churchgate,Lower Parel,13.27,DW006,School,Non-Veg,1.71,41,Delivered,Cash,140.87,No,Excellent,
DBW00821,2022-01-18,Tuesday,Thane,Sion,3.76,DW098,Residential,Non-Veg,1.9,41,Delivered,Cash,66.77,Yes,Good,
DBW00822,2023-05-01,Monday,Andheri,Borivali,11.5,DW053,Corporate,Mix,1.09,65,Delayed,Digital,106.98,Yes,Average,
DBW00823,2022-04-10,Sunday,Goregaon,Dadar,14.23,DW010,Residential,Mix,1.81,53,Delayed,Cash,132.74,No,Excellent,
DBW00824,2023-04-20,Thursday,Ghatkopar,Thane,19.03,DW104,Corporate,Non-Veg,2.43,67,Delivered,Cash,185.95,No,Good,
DBW00825,2023-04-01,Saturday,Vikhroli,Chembur,11.91,DW083,Residential,Veg,2.27,35,Delivered,Digital,144.02,Yes,Poor,
DBW00826,2022-03-08,Tuesday,Chembur,Sion,9.91,DW100,Residential,Non-Veg,1.81,54,Delivered,Monthly-Pre-paid,110.63,Yes,nan,
DBW00827,2023-05-12,Friday,Vikhroli,Chembur,9.84,DW057,Residential,Veg,3.08,50,Delivered,Cash,100.35,Yes,Good,
DBW00828,2023-10-17,Tuesday,Borivali,Goregaon,18.29,DW042,Corporate,Veg,1.51,81,Delayed,Digital,190.86,Yes,Average,
DBW00829,2023-09-23,Saturday,Chembur,Chembur,0.5,DW094,Residential,Mix,1.76,20,Delivered,Digital,35.94,No,Average,
DBW00830,2022-01-22,Saturday,Worli,Vikhroli,7.8,DW033,Residential,Veg,1.07,34,Delivered,Monthly-Pre-paid,95.07,No,Good,
DBW00831,2022-06-29,Wednesday,Andheri,Malad,2.64,DW122,Corporate,Mix,1.6,23,Delivered,Monthly-Pre-paid,63.06,No,Good,
DBW00832,2022-06-25,Saturday,Lower Parel,Ghatkopar,5.46,DW103,Corporate,Non-Veg,2.69,31,Delivered,Monthly-Pre-paid,72.21,No,Average,
DBW00833,2022-11-27,Sunday,Sion,Churchgate,10.4,DW150,Corporate,Veg,1.62,45,Delivered,Digital,99.18,No,Good,
DBW00834,2022-04-15,Friday,Andheri,Sion,11.65,DW005,Hospital,Non-Veg,1.04,47,Delivered,Cash,120.86,No,Average,
DBW00835,2023-09-16,Saturday,Borivali,Worli,7.81,DW088,Residential,Mix,2.24,42,Delivered,Monthly-Pre-paid,109.18,No,Excellent,
DBW00836,2023-07-22,Saturday,Thane,Lower Parel,13.52,DW084,Residential,Veg,1.99,51,Delivered,Monthly-Pre-paid,166.56,No,Average,
DBW00837,2023-08-14,Monday,Bandra,Churchgate,19.15,DW129,Residential,Non-Veg,2.22,66,Delivered,Digital,164.94,No,Good,
DBW00838,2022-05-25,Wednesday,Borivali,Malad,12.68,DW064,Hospital,Veg,1.65,49,Delivered,Digital,156.03,No,Excellent,
DBW00839,2022-01-11,Tuesday,Borivali,Andheri,11.52,DW141,Residential,Non-Veg,1.3,39,Delivered,Monthly-Pre-paid,116.65,No,Poor,
DBW00840,2023-10-27,Friday,Kurla,Bandra,13.82,DW036,Corporate,Mix,1.71,61,Delivered,Digital,140.89,Yes,Good,
DBW00841,2022-07-30,Saturday,Worli,Churchgate,4.1,DW129,Corporate,Mix,2.08,15,Delivered,Cash,88.31,No,Average,
DBW00842,2023-04-25,Tuesday,Kurla,Dadar,6.48,DW079,Corporate,Veg,1.76,31,Delivered,Cash,75.7,No,Excellent,
DBW00843,2023-10-26,Thursday,Chembur,Andheri,5.02,DW142,Hospital,Non-Veg,1.99,40,Delivered,Digital,66.03,No,Excellent,
DBW00844,2022-01-27,Thursday,Dadar,Chembur,10.47,DW033,Residential,Non-Veg,1.53,37,Delivered,Digital,104.08,No,Poor,
DBW00845,2022-01-04,Tuesday,Worli,Bandra,20.21,DW040,Residential,Non-Veg,2.01,76,Delivered,Cash,192.23,Yes,Good,
DBW00846,2022-01-04,Tuesday,Andheri,Bandra,9.16,DW085,Residential,Veg,1.8,47,Delivered,Digital,107.95,No,Good,
DBW00847,2022-04-25,Monday,Churchgate,Sion,8.88,DW083,Hospital,Mix,1.45,43,Delivered,Cash,90.77,No,Good,
DBW00848,2022-02-07,Monday,Sion,Thane,4.7,DW023,School,Veg,1.87,29,Delivered,Monthly-Pre-paid,89.34,Yes,Good,
DBW00849,2023-08-22,Tuesday,Dadar,Lower Parel,7.8,DW098,Residential,Veg,1.61,47,Delivered,Digital,81.21,No,nan,
DBW00850,2023-03-19,Sunday,Ghatkopar,Churchgate,17.68,DW061,Corporate,Mix,2.11,47,Delivered,Monthly-Pre-paid,178.9,No,Excellent,
DBW00851,2023-12-17,Sunday,Dadar,Malad,5.74,DW023,Corporate,Non-Veg,2.24,23,Delivered,Cash,76.3,Yes,Good,
DBW00852,2023-08-09,Wednesday,Chembur,Borivali,10.44,DW077,Residential,Veg,2.05,49,Delivered,Digital,132.16,Yes,Good,
DBW00853,2023-12-05,Tuesday,Bandra,Worli,20.75,DW105,Residential,Mix,0.98,66,Delivered,Cash,183.95,No,Excellent,
DBW00854,2022-06-24,Friday,Churchgate,Churchgate,2.9,DW005,Residential,Veg,1.32,34,Delivered,Cash,61.78,No,Average,
DBW00855,2022-07-30,Saturday,Malad,Lower Parel,15.28,DW139,Corporate,Mix,1.48,44,Delivered,Cash,188.55,Yes,Excellent,
DBW00856,2023-09-13,Wednesday,Malad,Dadar,6.31,DW092,Residential,Mix,1.4,35,Delivered,Cash,58.87,Yes,Good,
DBW00857,2022-06-28,Tuesday,Bandra,Churchgate,20.04,DW040,Corporate,Non-Veg,1.53,63,Delivered,Monthly-Pre-paid,176.82,No,Good,
DBW00858,2022-02-11,Friday,Malad,Chembur,5.01,DW113,Corporate,Non-Veg,2.26,41,Delivered,Cash,101.32,Yes,Good,
DBW00859,2023-05-04,Thursday,Sion,Malad,9.5,DW127,Hospital,Non-Veg,2.15,39,Delivered,Digital,103.96,No,nan,
DBW00860,2023-08-08,Tuesday,Kurla,Ghatkopar,16.1,DW144,Residential,Non-Veg,1.59,64,Delivered,Monthly-Pre-paid,160.52,No,Average,
DBW00861,2023-12-08,Friday,Bandra,Malad,9.57,DW119,Corporate,Mix,2.1,40,Delivered,Digital,101.56,No,Excellent,
DBW00862,2023-11-09,Thursday,Vikhroli,Sion,5.04,DW031,Corporate,Non-Veg,1.96,35,Delivered,Digital,95.12,Yes,Excellent,
DBW00863,2022-03-29,Tuesday,Ghatkopar,Vikhroli,14.31,DW025,Residential,Veg,1.78,58,Delivered,Monthly-Pre-paid,120.27,Yes,Good,
DBW00864,2023-07-18,Tuesday,Vikhroli,Sion,6.27,DW032,Corporate,Veg,2.37,41,Delivered,Monthly-Pre-paid,98.74,No,Excellent,
DBW00865,2023-09-10,Sunday,Malad,Worli,15.19,DW132,Corporate,Non-Veg,1.47,62,Delayed,Cash,129.38,Yes,Excellent,
DBW00866,2023-05-25,Thursday,Goregaon,Churchgate,7.66,DW046,Residential,Non-Veg,1.83,41,Delivered,Monthly-Pre-paid,67.78,Yes,nan,
DBW00867,2023-08-22,Tuesday,Sion,Vikhroli,5.45,DW050,Residential,Non-Veg,1.27,33,Delivered,Cash,57.31,No,Average,
DBW00868,2023-09-04,Monday,Lower Parel,Malad,11.97,DW134,Corporate,Non-Veg,1.3,49,Delivered,Digital,123.84,No,Good,
DBW00869,2022-11-22,Tuesday,Thane,Chembur,7.0,DW031,Residential,Non-Veg,1.12,43,Delivered,Monthly-Pre-paid,75.27,Yes,Excellent,
DBW00870,2022-01-30,Sunday,Churchgate,Vikhroli,9.12,DW062,Residential,Veg,1.31,37,Delivered,Digital,91.35,Yes,Average,
DBW00871,2022-11-30,Wednesday,Ghatkopar,Andheri,14.8,DW045,Corporate,Veg,1.84,50,Delivered,Digital,134.46,Yes,Good,
DBW00872,2022-05-28,Saturday,Vikhroli,Dadar,8.15,DW046,Corporate,Veg,1.65,22,Delivered,Monthly-Pre-paid,81.51,No,Good,
DBW00873,2022-03-25,Friday,Goregaon,Churchgate,9.99,DW090,Corporate,Mix,1.67,55,Delivered,Digital,95.91,Yes,Good,
DBW00874,2022-04-02,Saturday,Worli,Chembur,19.58,DW112,Corporate,Non-Veg,1.65,56,Delivered,Digital,190.19,No,Poor,
DBW00875,2023-05-25,Thursday,Sion,Malad,10.28,DW040,Hospital,Mix,2.69,49,Delivered,Digital,102.67,No,Excellent,
DBW00876,2023-01-04,Wednesday,Worli,Worli,0.5,DW006,Residential,Veg,1.23,21,Delivered,Cash,-5.98,No,Average,
DBW00877,2023-01-30,Monday,Sion,Malad,10.43,DW096,School,Veg,1.18,45,Delivered,Cash,112.85,No,Poor,
DBW00878,2023-06-28,Wednesday,Borivali,Kurla,7.28,DW083,Corporate,Veg,1.38,39,Delivered,Monthly-Pre-paid,99.49,No,Good,
DBW00879,2023-02-05,Sunday,Vikhroli,Lower Parel,11.03,DW099,Residential,Non-Veg,1.76,39,Delivered,Cash,114.08,Yes,nan,
DBW00880,2023-04-05,Wednesday,Vikhroli,Vikhroli,1.72,DW068,Residential,Non-Veg,2.06,19,Delivered,Monthly-Pre-paid,24.84,Yes,Excellent,
DBW00881,2022-03-04,Friday,Worli,Thane,9.48,DW117,Residential,Veg,2.11,54,Delivered,Monthly-Pre-paid,117.03,No,Average,
DBW00882,2023-09-14,Thursday,Lower Parel,Chembur,19.53,DW094,Hospital,Non-Veg,2.27,69,Delivered,Monthly-Pre-paid,165.61,No,Good,
DBW00883,2022-11-24,Thursday,Thane,Bandra,16.39,DW114,Residential,Veg,1.75,54,Delivered,Cash,156.3,Yes,Good,
DBW00884,2022-04-24,Sunday,Ghatkopar,Malad,15.2,DW110,Residential,Non-Veg,1.6,31,Delivered,Monthly-Pre-paid,151.3,No,Average,
DBW00885,2023-08-17,Thursday,Borivali,Andheri,12.4,DW075,School,Non-Veg,2.62,57,Delivered,Monthly-Pre-paid,145.38,No,Average,
DBW00886,2023-06-21,Wednesday,Borivali,Kurla,6.59,DW049,School,Veg,0.5,42,Delayed,Monthly-Pre-paid,91.35,No,Good,
DBW00887,2022-02-08,Tuesday,Malad,Kurla,6.46,DW088,School,Veg,1.83,34,Delivered,Digital,85.28,Yes,Good,
DBW00888,2022-05-21,Saturday,Dadar,Kurla,6.14,DW096,Corporate,Mix,2.02,30,Delivered,Digital,93.09,No,Good,
DBW00889,2022-01-12,Wednesday,Churchgate,Kurla,10.23,DW086,Corporate,Mix,2.74,49,Delivered,Digital,94.51,No,nan,
DBW00890,2022-07-17,Sunday,Malad,Lower Parel,13.68,DW079,Corporate,Mix,0.97,26,Delivered,Cash,163.12,Yes,Average,
DBW00891,2022-03-14,Monday,Ghatkopar,Borivali,17.9,DW052,Residential,Non-Veg,1.59,74,Delivered,Digital,127.24,Yes,Good,
DBW00892,2023-06-03,Saturday,Dadar,Ghatkopar,9.65,DW021,Corporate,Non-Veg,1.12,51,Delayed,Monthly-Pre-paid,128.61,Yes,Good,
DBW00893,2023-01-17,Tuesday,Borivali,Lower Parel,15.03,DW065,Corporate,Mix,0.9,53,Delivered,Cash,137.64,No,Poor,
DBW00894,2023-12-17,Sunday,Bandra,Bandra,0.5,DW133,Residential,Mix,1.7,10,Delivered,Cash,39.7,No,Average,
DBW00895,2023-07-02,Sunday,Bandra,Chembur,14.39,DW108,Corporate,Mix,2.22,40,Delivered,Monthly-Pre-paid,166.85,No,Average,
DBW00896,2023-03-23,Thursday,Thane,Chembur,8.14,DW114,Residential,Non-Veg,2.4,46,Delivered,Monthly-Pre-paid,103.53,Yes,Average,
DBW00897,2023-01-07,Saturday,Lower Parel,Borivali,14.49,DW111,Corporate,Non-Veg,1.53,42,Delivered,Digital,151.53,No,Excellent,
DBW00898,2022-02-09,Wednesday,Worli,Bandra,20.66,DW139,Hospital,Veg,2.13,86,Delayed,Digital,208.3,No,Excellent,
DBW00899,2022-02-21,Monday,Goregaon,Dadar,15.25,DW034,Corporate,Veg,1.7,69,Delivered,Cash,129.83,No,Good,
DBW00900,2023-03-26,Sunday,Kurla,Thane,3.85,DW109,Residential,Non-Veg,2.08,47,Delayed,Monthly-Pre-paid,40.83,Yes,Good,
DBW00901,2022-01-04,Tuesday,Borivali,Churchgate,10.17,DW011,Residential,Mix,2.38,52,Delivered,Digital,115.44,Yes,Average,
DBW00902,2022-01-31,Monday,Bandra,Worli,19.93,DW037,Corporate,Non-Veg,1.7,69,Delivered,Monthly-Pre-paid,186.5,No,Average,
DBW00903,2022-06-09,Thursday,Kurla,Borivali,4.28,DW005,Corporate,Non-Veg,2.34,30,Delivered,Digital,59.51,No,Poor,
DBW00904,2023-10-08,Sunday,Vikhroli,Worli,8.06,DW065,Hospital,Mix,1.19,22,Delivered,Monthly-Pre-paid,113.06,No,Good,
DBW00905,2022-12-02,Friday,Andheri,Malad,0.5,DW022,Residential,Non-Veg,2.13,40,Delivered,Monthly-Pre-paid,51.27,Yes,Average,
DBW00906,2023-06-02,Friday,Borivali,Chembur,10.38,DW059,Corporate,Non-Veg,2.32,44,Delivered,Cash,99.22,Yes,nan,
DBW00907,2022-10-28,Friday,Borivali,Sion,0.95,DW021,Residential,Mix,2.27,32,Delivered,Monthly-Pre-paid,44.26,Yes,Excellent,
DBW00908,2022-05-07,Saturday,Borivali,Worli,6.79,DW006,Corporate,Veg,1.21,44,Delayed,Digital,60.86,Yes,Excellent,
DBW00909,2022-09-28,Wednesday,Ghatkopar,Lower Parel,2.57,DW072,Residential,Non-Veg,1.7,29,Delivered,Digital,26.77,No,Poor,
DBW00910,2022-03-08,Tuesday,Goregaon,Bandra,21.45,DW062,Residential,Mix,1.95,77,Delivered,Cash,188.2,No,Excellent,
DBW00911,2023-07-17,Monday,Andheri,Goregaon,19.33,DW063,Residential,Non-Veg,2.02,74,Delivered,Cash,183.81,No,Average,
DBW00912,2022-05-14,Saturday,Thane,Thane,0.5,DW052,Corporate,Veg,1.86,11,Delivered,Cash,24.2,Yes,Good,
DBW00913,2022-10-02,Sunday,Worli,Thane,8.79,DW062,Corporate,Mix,2.51,30,Delivered,Cash,107.12,Yes,Good,
DBW00914,2023-12-17,Sunday,Goregaon,Chembur,24.46,DW001,Corporate,Non-Veg,1.15,71,Delivered,Digital,225.42,No,nan,
DBW00915,2023-03-09,Thursday,Ghatkopar,Churchgate,16.44,DW072,Corporate,Mix,1.68,57,Delivered,Digital,178.27,No,Good,
DBW00916,2022-12-01,Thursday,Malad,Bandra,8.25,DW128,Residential,Veg,0.96,45,Delivered,Monthly-Pre-paid,104.15,No,Good,
DBW00917,2023-02-01,Wednesday,Borivali,Kurla,9.15,DW021,Residential,Mix,2.11,57,Delivered,Monthly-Pre-paid,87.63,No,Excellent,
DBW00918,2023-07-27,Thursday,Borivali,Chembur,11.64,DW022,Corporate,Mix,2.08,75,Delayed,Monthly-Pre-paid,136.65,No,Excellent,
DBW00919,2022-07-05,Tuesday,Churchgate,Churchgate,0.5,DW118,Corporate,Veg,3.47,30,Delivered,Monthly-Pre-paid,21.07,Yes,Good,
DBW00920,2023-04-10,Monday,Thane,Bandra,16.77,DW076,Residential,Veg,2.31,67,Delivered,Digital,170.29,No,Average,
DBW00921,2023-09-30,Saturday,Lower Parel,Malad,15.83,DW039,Residential,Non-Veg,1.97,59,Returned,Monthly-Pre-paid,149.23,No,Excellent,nan
DBW00922,2023-02-22,Wednesday,Sion,Lower Parel,17.34,DW118,Hospital,Mix,1.93,57,Delivered,Monthly-Pre-paid,188.55,Yes,Good,
DBW00923,2022-11-22,Tuesday,Chembur,Ghatkopar,18.3,DW049,Corporate,Veg,1.64,86,Delayed,Monthly-Pre-paid,187.41,Yes,Good,
DBW00924,2022-04-16,Saturday,Thane,Thane,0.5,DW091,Corporate,Non-Veg,1.87,28,Delayed,Cash,23.61,Yes,Average,
DBW00925,2022-07-01,Friday,Dadar,Worli,12.06,DW084,Corporate,Veg,1.94,50,Delivered,Monthly-Pre-paid,120.72,No,Good,
DBW00926,2023-11-22,Wednesday,Borivali,Bandra,19.7,DW026,Residential,Mix,0.82,58,Delivered,Cash,236.6,No,Poor,
DBW00927,2023-01-31,Tuesday,Dadar,Bandra,5.19,DW114,Residential,Mix,1.9,38,Delivered,Cash,52.6,Yes,nan,
DBW00928,2022-08-08,Monday,Worli,Lower Parel,14.68,DW093,Corporate,Mix,1.85,41,Delivered,Monthly-Pre-paid,136.67,Yes,Excellent,
DBW00929,2022-11-02,Wednesday,Bandra,Borivali,18.79,DW032,Corporate,Veg,2.68,73,Delivered,Digital,170.26,No,Good,
DBW00930,2023-02-26,Sunday,Thane,Vikhroli,5.93,DW114,Residential,Mix,1.73,14,Delivered,Monthly-Pre-paid,60.09,No,Average,
DBW00931,2023-01-28,Saturday,Churchgate,Sion,9.4,DW094,Corporate,Non-Veg,1.42,46,Delivered,Monthly-Pre-paid,89.38,Yes,Good,
DBW00932,2023-05-26,Friday,Thane,Kurla,5.31,DW129,Residential,Veg,1.93,29,Delivered,Monthly-Pre-paid,70.88,No,Poor,
DBW00933,2022-07-07,Thursday,Churchgate,Dadar,13.84,DW124,Corporate,Non-Veg,1.84,50,Delivered,Cash,147.84,Yes,nan,
DBW00934,2023-04-19,Wednesday,Andheri,Lower Parel,13.66,DW048,Corporate,Non-Veg,1.73,43,Delivered,Cash,115.38,Yes,Average,
DBW00935,2022-11-20,Sunday,Dadar,Kurla,5.12,DW141,Corporate,Non-Veg,1.16,26,Delivered,Cash,63.43,Yes,Excellent,
DBW00936,2023-11-18,Saturday,Worli,Thane,11.71,DW006,School,Mix,1.72,41,Delivered,Digital,111.64,Yes,Excellent,
DBW00937,2022-04-26,Tuesday,Chembur,Andheri,4.49,DW051,Corporate,Veg,1.51,32,Delivered,Monthly-Pre-paid,48.36,Yes,Good,
DBW00938,2022-04-19,Tuesday,Worli,Goregaon,15.23,DW092,Corporate,Non-Veg,1.69,64,Delivered,Cash,166.74,Yes,Excellent,
DBW00939,2022-12-04,Sunday,Thane,Thane,2.02,DW081,Hospital,Veg,2.17,15,Delivered,Digital,34.7,Yes,Average,
DBW00940,2023-01-07,Saturday,Goregaon,Kurla,17.09,DW034,Corporate,Mix,1.46,46,Delivered,Monthly-Pre-paid,146.2,No,Good,
DBW00941,2023-05-20,Saturday,Kurla,Thane,4.83,DW030,Corporate,Non-Veg,1.69,24,Delivered,Digital,81.82,No,Average,
DBW00942,2022-10-22,Saturday,Sion,Sion,0.5,DW118,Corporate,Mix,2.07,19,Delivered,Cash,52.77,Yes,Average,
DBW00943,2023-10-30,Monday,Chembur,Borivali,11.94,DW132,Residential,Veg,1.67,57,Delivered,Cash,129.1,No,Excellent,
DBW00944,2022-12-13,Tuesday,Sion,Andheri,12.04,DW102,Corporate,Veg,3.1,53,Delivered,Digital,112.22,Yes,Average,
DBW00945,2022-04-05,Tuesday,Thane,Thane,0.92,DW080,Hospital,Mix,1.92,22,Delivered,Digital,33.23,No,Poor,
DBW00946,2022-03-29,Tuesday,Vikhroli,Goregaon,12.8,DW116,Residential,Veg,1.18,45,Delivered,Digital,122.59,Yes,Good,
DBW00947,2023-12-12,Tuesday,Chembur,Bandra,13.45,DW037,Residential,Non-Veg,1.38,68,Delayed,Monthly-Pre-paid,136.85,Yes,Good,
DBW00948,2022-04-08,Friday,Sion,Vikhroli,2.59,DW146,Corporate,Veg,1.33,26,Delivered,Cash,61.48,No,Excellent,
DBW00949,2023-11-23,Thursday,Dadar,Vikhroli,7.52,DW019,Residential,Non-Veg,1.39,42,Delivered,Cash,89.76,Yes,Average,
DBW00950,2022-07-22,Friday,Vikhroli,Churchgate,6.05,DW088,Hospital,Mix,2.07,41,Delivered,Digital,78.34,Yes,nan,
DBW00951,2022-03-10,Thursday,Bandra,Borivali,19.92,DW052,Hospital,Mix,1.25,63,Delivered,Digital,181.69,Yes,Average,
DBW00952,2022-08-11,Thursday,Sion,Borivali,2.29,DW136,Corporate,Non-Veg,1.63,45,Delayed,Monthly-Pre-paid,58.32,No,Excellent,
DBW00953,2023-03-25,Saturday,Kurla,Malad,5.63,DW037,Residential,Non-Veg,2.37,50,Delayed,Cash,80.59,Yes,Good,
DBW00954,2022-11-09,Wednesday,Kurla,Thane,4.32,DW097,Residential,Veg,1.54,29,Delivered,Cash,36.96,Yes,nan,
DBW00955,2023-07-28,Friday,Sion,Lower Parel,15.99,DW024,School,Veg,2.14,56,Delivered,Cash,131.22,No,Average,
DBW00956,2023-03-23,Thursday,Malad,Sion,11.11,DW028,Corporate,Mix,0.96,49,Delivered,Digital,113.88,Yes,Good,
DBW00957,2022-10-20,Thursday,Ghatkopar,Chembur,18.36,DW063,Residential,Non-Veg,1.61,70,Delivered,Monthly-Pre-paid,191.43,Yes,Average,
DBW00958,2023-04-09,Sunday,Malad,Lower Parel,14.64,DW120,Residential,Veg,1.36,41,Delivered,Monthly-Pre-paid,164.58,No,Excellent,
DBW00959,2023-12-11,Monday,Worli,Sion,4.96,DW042,Hospital,Mix,1.95,45,Delivered,Cash,81.09,Yes,nan,
DBW00960,2022-10-28,Friday,Vikhroli,Dadar,5.27,DW105,Residential,Non-Veg,1.28,58,Delayed,Cash,69.93,No,Good,
DBW00961,2022-04-23,Saturday,Worli,Bandra,20.63,DW086,Hospital,Veg,2.83,53,Delivered,Digital,217.04,Yes,Excellent,
DBW00962,2022-10-26,Wednesday,Sion,Thane,3.53,DW147,Corporate,Non-Veg,0.98,26,Delivered,Cash,47.43,Yes,Excellent,
DBW00963,2023-09-06,Wednesday,Dadar,Churchgate,13.39,DW046,Corporate,Non-Veg,2.37,51,Delivered,Cash,131.97,No,Excellent,
DBW00964,2022-06-08,Wednesday,Bandra,Sion,17.52,DW037,Corporate,Non-Veg,2.24,66,Delivered,Monthly-Pre-paid,148.82,No,Average,
DBW00965,2023-11-24,Friday,Churchgate,Goregaon,11.25,DW136,Hospital,Veg,1.95,58,Delivered,Cash,114.84,No,Average,
DBW00966,2023-03-06,Monday,Kurla,Malad,6.27,DW050,Corporate,Veg,1.83,49,Delivered,Digital,67.22,Yes,Average,
DBW00967,2023-03-16,Thursday,Malad,Thane,7.67,DW033,Residential,Mix,2.73,48,Delivered,Cash,114.46,No,Good,
DBW00968,2022-08-20,Saturday,Vikhroli,Thane,5.69,DW124,School,Mix,3.04,49,Delayed,Monthly-Pre-paid,95.6,No,Average,
DBW00969,2023-11-03,Friday,Vikhroli,Borivali,6.33,DW122,Hospital,Non-Veg,1.7,40,Delivered,Cash,81.61,No,Poor,
DBW00970,2022-01-27,Thursday,Bandra,Goregaon,19.69,DW010,Residential,Mix,1.88,76,Delivered,Cash,194.52,No,Average,
DBW00971,2022-08-07,Sunday,Ghatkopar,Thane,18.97,DW129,Residential,Mix,1.52,64,Delayed,Digital,172.67,No,Average,
DBW00972,2022-11-02,Wednesday,Thane,Malad,8.18,DW095,Corporate,Mix,1.22,41,Delivered,Monthly-Pre-paid,57.37,No,Excellent,
DBW00973,2022-12-15,Thursday,Lower Parel,Malad,12.19,DW042,Residential,Mix,2.03,53,Delivered,Digital,116.07,Yes,Poor,
DBW00974,2022-12-13,Tuesday,Bandra,Lower Parel,7.85,DW081,Residential,Mix,1.92,31,Delivered,Digital,104.04,No,Excellent,
DBW00975,2022-04-18,Monday,Worli,Borivali,5.48,DW036,Residential,Mix,0.99,41,Delivered,Cash,80.44,No,Poor,
DBW00976,2022-06-14,Tuesday,Thane,Andheri,7.51,DW026,Corporate,Veg,2.03,24,Delivered,Cash,84.17,No,Good,
DBW00977,2022-03-11,Friday,Thane,Sion,4.32,DW020,Corporate,Mix,1.94,32,Delivered,Digital,75.69,No,Excellent,
DBW00978,2023-02-22,Wednesday,Lower Parel,Borivali,16.29,DW025,Residential,Veg,1.5,72,Delivered,Digital,153.24,No,Excellent,
DBW00979,2022-09-14,Wednesday,Andheri,Worli,16.26,DW088,Residential,Non-Veg,1.47,54,Delivered,Digital,142.99,No,nan,
DBW00980,2023-02-18,Saturday,Chembur,Goregaon,23.17,DW122,Hospital,Veg,2.01,72,Delivered,Digital,226.45,No,Good,
DBW00981,2023-03-07,Tuesday,Worli,Dadar,13.93,DW073,Residential,Veg,2.6,51,Delivered,Cash,132.29,No,Good,
DBW00982,2023-05-28,Sunday,Vikhroli,Lower Parel,9.75,DW003,Hospital,Mix,2.0,39,Delivered,Cash,123.42,No,nan,
DBW00983,2023-02-04,Saturday,Goregaon,Andheri,20.55,DW065,Residential,Non-Veg,2.19,59,Delivered,Cash,164.44,No,Good,
DBW00984,2023-04-19,Wednesday,Borivali,Andheri,9.98,DW113,Residential,Veg,1.38,46,Delivered,Cash,101.29,No,Poor,
DBW00985,2023-03-05,Sunday,Goregaon,Worli,13.84,DW126,Residential,Mix,1.59,39,Delivered,Digital,149.65,No,Poor,
DBW00986,2023-04-22,Saturday,Kurla,Kurla,0.5,DW110,Corporate,Mix,2.1,8,Delivered,Cash,41.41,Yes,Average,
DBW00987,2023-03-27,Monday,Chembur,Vikhroli,10.74,DW056,Corporate,Veg,1.12,48,Delivered,Monthly-Pre-paid,112.64,No,Excellent,
DBW00988,2022-08-19,Friday,Andheri,Ghatkopar,15.11,DW098,Hospital,Non-Veg,1.9,59,Delivered,Digital,155.21,No,nan,
DBW00989,2022-06-29,Wednesday,Dadar,Worli,14.17,DW011,Corporate,Veg,2.05,63,Delivered,Cash,145.48,No,Average,
DBW00990,2023-07-29,Saturday,Churchgate,Kurla,9.29,DW062,Residential,Mix,1.78,33,Delivered,Cash,81.99,Yes,Good,
DBW00991,2022-09-08,Thursday,Vikhroli,Churchgate,7.26,DW081,Corporate,Mix,1.96,29,Delivered,Cash,82.63,No,Average,
DBW00992,2023-02-05,Sunday,Kurla,Borivali,4.82,DW005,Residential,Non-Veg,1.83,20,Delivered,Cash,72.0,Yes,Excellent,
DBW00993,2022-05-24,Tuesday,Lower Parel,Andheri,11.32,DW003,Corporate,Mix,1.49,46,Delivered,Cash,128.15,No,Excellent,
DBW00994,2022-11-11,Friday,Bandra,Sion,18.28,DW121,Residential,Mix,1.21,76,Delivered,Cash,175.29,No,Average,
DBW00995,2023-01-22,Sunday,Thane,Lower Parel,16.42,DW034,Residential,Veg,1.75,50,Delivered,Cash,153.05,No,Average,
DBW00996,2023-04-02,Sunday,Thane,Chembur,7.74,DW019,Corporate,Non-Veg,2.45,28,Delivered,Monthly-Pre-paid,71.9,No,Good,
DBW00997,2023-01-20,Friday,Dadar,Ghatkopar,9.41,DW089,Residential,Mix,2.31,52,Delivered,Digital,116.57,Yes,Average,
DBW00998,2022-09-21,Wednesday,Dadar,Dadar,0.5,DW043,Hospital,Non-Veg,1.63,26,Delivered,Monthly-Pre-paid,43.64,No,nan,
DBW00999,2023-12-04,Monday,Sion,Lower Parel,15.94,DW147,Residential,Veg,1.62,62,Delivered,Monthly-Pre-paid,172.3,No,Excellent,
DBW01000,2023-01-10,Tuesday,Kurla,Vikhroli,1.94,DW143,School,Mix,1.58,23,Delivered,Cash,29.32,No,Good,
DBW01001,2023-08-14,Monday,Malad,Bandra,9.3,DW124,Residential,Non-Veg,1.58,62,Delayed,Monthly-Pre-paid,106.19,Yes,Good,
DBW01002,2023-06-22,Thursday,Sion,Malad,9.54,DW046,Residential,Veg,1.94,51,Delivered,Monthly-Pre-paid,95.96,No,nan,
DBW01003,2023-02-12,Sunday,Goregaon,Churchgate,8.52,DW132,Residential,Mix,2.33,36,Delivered,Monthly-Pre-paid,98.87,No,Excellent,
DBW01004,2023-10-10,Tuesday,Vikhroli,Worli,7.34,DW039,School,Mix,2.93,39,Delivered,Monthly-Pre-paid,132.32,No,Good,
DBW01005,2022-04-04,Monday,Dadar,Lower Parel,7.03,DW036,Residential,Non-Veg,1.39,43,Delivered,Cash,99.81,No,nan,
DBW01006,2023-11-04,Saturday,Borivali,Vikhroli,8.39,DW147,Corporate,Mix,2.13,31,Delivered,Monthly-Pre-paid,85.82,No,Average,
DBW01007,2023-09-13,Wednesday,Andheri,Chembur,3.95,DW102,Hospital,Veg,2.07,34,Delivered,Monthly-Pre-paid,57.78,No,Excellent,
DBW01008,2023-01-03,Tuesday,Andheri,Malad,0.89,DW013,School,Mix,1.64,20,Delivered,Digital,31.72,Yes,nan,
DBW01009,2023-06-20,Tuesday,Goregaon,Malad,19.59,DW133,Residential,Mix,1.29,66,Delivered,Monthly-Pre-paid,188.54,No,Excellent,
DBW01010,2023-01-15,Sunday,Bandra,Thane,15.41,DW025,Corporate,Veg,1.94,56,Delivered,Digital,130.41,No,Good,
DBW01011,2022-07-16,Saturday,Borivali,Ghatkopar,19.24,DW103,Residential,Mix,2.86,73,Delivered,Digital,188.76,No,Excellent,
DBW01012,2023-08-07,Monday,Vikhroli,Borivali,6.17,DW066,Residential,Veg,1.93,42,Delivered,Monthly-Pre-paid,47.63,Yes,Average,
DBW01013,2022-06-29,Wednesday,Thane,Malad,6.99,DW003,Corporate,Non-Veg,1.41,53,Delayed,Monthly-Pre-paid,60.84,Yes,Good,
DBW01014,2022-08-18,Thursday,Chembur,Goregaon,24.22,DW119,Residential,Veg,1.72,85,Delivered,Digital,253.82,No,Poor,
DBW01015,2023-01-15,Sunday,Sion,Lower Parel,15.78,DW103,Residential,Non-Veg,1.23,55,Delivered,Monthly-Pre-paid,150.83,No,Good,
DBW01016,2023-09-04,Monday,Kurla,Borivali,4.92,DW133,Corporate,Non-Veg,1.81,44,Delivered,Monthly-Pre-paid,90.78,Yes,Good,
DBW01017,2022-10-08,Saturday,Andheri,Bandra,8.24,DW092,Residential,Mix,2.14,48,Returned,Digital,83.74,No,Poor,Wrong Address
DBW01018,2022-12-27,Tuesday,Bandra,Vikhroli,13.5,DW114,Corporate,Veg,1.45,52,Delivered,Monthly-Pre-paid,106.47,Yes,Average,
DBW01019,2022-01-31,Monday,Sion,Malad,10.94,DW136,Residential,Mix,0.5,59,Delayed,Digital,101.75,Yes,Good,
DBW01020,2022-03-26,Saturday,Worli,Vikhroli,7.81,DW147,Corporate,Mix,1.94,25,Delivered,Digital,132.8,Yes,Good,
DBW01021,2022-02-10,Thursday,Chembur,Thane,7.07,DW085,Hospital,Veg,1.55,36,Delivered,Digital,65.36,Yes,Good,
DBW01022,2022-02-22,Tuesday,Goregaon,Thane,19.23,DW003,Corporate,Mix,1.42,63,Delivered,Digital,210.5,Yes,Good,
DBW01023,2023-09-27,Wednesday,Andheri,Borivali,10.14,DW052,School,Mix,1.42,41,Delivered,Cash,116.27,Yes,Poor,
DBW01024,2023-09-07,Thursday,Bandra,Ghatkopar,8.77,DW093,Residential,Veg,2.0,48,Delivered,Digital,101.94,Yes,Excellent,
DBW01025,2023-08-23,Wednesday,Churchgate,Thane,11.7,DW017,Corporate,Veg,1.6,50,Delivered,Cash,112.33,No,Good,
DBW01026,2022-02-10,Thursday,Goregaon,Ghatkopar,13.28,DW018,School,Mix,2.27,49,Delivered,Monthly-Pre-paid,122.7,No,Average,
DBW01027,2022-02-26,Saturday,Lower Parel,Lower Parel,1.32,DW060,Residential,Non-Veg,2.28,19,Delivered,Monthly-Pre-paid,48.99,No,nan,
DBW01028,2022-07-24,Sunday,Goregaon,Thane,19.3,DW137,Residential,Veg,1.66,55,Delivered,Monthly-Pre-paid,204.16,No,Excellent,
DBW01029,2023-02-17,Friday,Sion,Lower Parel,15.19,DW049,Hospital,Non-Veg,1.54,63,Returned,Monthly-Pre-paid,154.44,No,Excellent,Customer Unavailable
DBW01030,2022-09-01,Thursday,Malad,Ghatkopar,15.22,DW141,Hospital,Non-Veg,1.86,60,Delivered,Digital,162.85,No,Poor,
DBW01031,2022-12-22,Thursday,Malad,Borivali,12.18,DW121,Residential,Mix,1.73,70,Delayed,Digital,121.09,Yes,nan,
DBW01032,2022-05-07,Saturday,Thane,Chembur,6.98,DW046,School,Veg,0.92,25,Delivered,Cash,118.47,No,Average,
DBW01033,2023-06-18,Sunday,Malad,Andheri,0.5,DW035,Corporate,Veg,2.76,14,Delivered,Cash,37.58,Yes,Good,
DBW01034,2022-08-18,Thursday,Andheri,Bandra,9.45,DW125,Corporate,Mix,2.16,39,Delivered,Monthly-Pre-paid,136.11,No,Excellent,
DBW01035,2022-02-18,Friday,Kurla,Malad,6.6,DW114,Corporate,Mix,1.57,39,Delivered,Monthly-Pre-paid,68.36,No,nan,
DBW01036,2023-06-27,Tuesday,Ghatkopar,Andheri,13.87,DW095,Corporate,Mix,0.84,43,Delivered,Digital,140.3,Yes,Average,
DBW01037,2023-10-22,Sunday,Churchgate,Thane,10.74,DW147,Residential,Mix,1.71,37,Delivered,Monthly-Pre-paid,131.97,No,Average,
DBW01038,2022-01-11,Tuesday,Vikhroli,Lower Parel,11.55,DW016,Corporate,Veg,1.51,60,Delayed,Cash,124.53,No,Poor,
DBW01039,2022-11-15,Tuesday,Kurla,Dadar,5.58,DW058,Residential,Mix,1.77,38,Returned,Monthly-Pre-paid,82.42,No,Poor,nan
DBW01040,2023-08-27,Sunday,Thane,Worli,10.23,DW091,Corporate,Veg,0.72,27,Delivered,Cash,97.15,No,Excellent,
DBW01041,2023-05-31,Wednesday,Chembur,Borivali,12.29,DW011,Corporate,Non-Veg,1.56,54,Delivered,Monthly-Pre-paid,122.23,No,Excellent,
DBW01042,2023-09-18,Monday,Chembur,Goregaon,22.53,DW147,Residential,Non-Veg,1.59,74,Delivered,Cash,197.08,No,Excellent,
DBW01043,2022-10-31,Monday,Andheri,Lower Parel,13.1,DW086,Corporate,Mix,1.7,56,Delivered,Monthly-Pre-paid,133.48,Yes,nan,
DBW01044,2022-09-29,Thursday,Malad,Sion,11.38,DW047,Residential,Non-Veg,1.68,55,Delivered,Digital,118.21,No,Good,
DBW01045,2023-06-02,Friday,Kurla,Dadar,6.99,DW036,Residential,Veg,1.83,45,Delivered,Digital,77.95,Yes,Average,
DBW01046,2022-04-23,Saturday,Churchgate,Borivali,8.94,DW001,Residential,Veg,2.56,48,Delivered,Cash,111.04,No,Good,
DBW01047,2022-06-24,Friday,Vikhroli,Malad,7.0,DW089,Hospital,Non-Veg,1.54,40,Delivered,Digital,70.02,Yes,Good,
DBW01048,2023-03-15,Wednesday,Dadar,Lower Parel,8.43,DW147,School,Mix,1.34,46,Delayed,Cash,65.17,No,Good,
DBW01049,2023-05-03,Wednesday,Thane,Churchgate,12.8,DW006,Corporate,Mix,0.94,44,Delivered,Digital,123.84,No,nan,
DBW01050,2022-03-29,Tuesday,Chembur,Dadar,9.78,DW063,Residential,Mix,1.54,48,Delivered,Cash,140.56,Yes,Good,
DBW01051,2023-01-07,Saturday,Goregaon,Ghatkopar,11.74,DW100,Corporate,Veg,1.1,40,Delivered,Monthly-Pre-paid,131.58,No,Poor,
DBW01052,2022-09-24,Saturday,Sion,Goregaon,18.11,DW065,Corporate,Non-Veg,2.28,54,Delivered,Cash,162.2,No,Excellent,
DBW01053,2023-01-02,Monday,Bandra,Ghatkopar,8.91,DW098,Residential,Non-Veg,1.75,56,Delivered,Digital,107.94,No,Good,
DBW01054,2023-12-01,Friday,Churchgate,Worli,3.65,DW107,Residential,Mix,2.27,39,Delivered,Monthly-Pre-paid,57.21,Yes,Excellent,
DBW01055,2022-02-25,Friday,Malad,Worli,16.77,DW145,Hospital,Veg,2.53,75,Delivered,Digital,170.0,No,Good,
DBW01056,2023-12-28,Thursday,Ghatkopar,Borivali,17.79,DW091,Residential,Mix,1.37,60,Delivered,Digital,185.55,No,Average,
DBW01057,2022-11-25,Friday,Dadar,Borivali,11.16,DW107,Residential,Veg,1.63,48,Delivered,Monthly-Pre-paid,122.21,Yes,Excellent,
DBW01058,2023-07-18,Tuesday,Kurla,Chembur,6.08,DW046,Residential,Non-Veg,2.47,36,Delivered,Cash,80.47,No,Good,
DBW01059,2022-11-06,Sunday,Goregaon,Lower Parel,8.67,DW023,Corporate,Mix,1.89,24,Delivered,Digital,121.63,Yes,Excellent,
DBW01060,2022-08-16,Tuesday,Chembur,Churchgate,20.48,DW015,Corporate,Mix,2.06,64,Delivered,Digital,201.9,No,nan,
DBW01061,2023-07-17,Monday,Chembur,Worli,19.23,DW017,Residential,Non-Veg,2.32,77,Delivered,Monthly-Pre-paid,186.77,No,Excellent,
DBW01062,2023-05-17,Wednesday,Borivali,Worli,5.79,DW125,Residential,Non-Veg,2.25,32,Delivered,Digital,76.99,Yes,Average,
DBW01063,2022-04-16,Saturday,Goregaon,Sion,17.24,DW007,Corporate,Mix,2.01,49,Delivered,Digital,159.45,Yes,Poor,
DBW01064,2023-05-30,Tuesday,Borivali,Goregaon,17.11,DW073,Corporate,Non-Veg,2.5,74,Delivered,Digital,148.21,Yes,nan,
DBW01065,2023-07-04,Tuesday,Borivali,Worli,6.03,DW093,Corporate,Non-Veg,1.77,46,Delayed,Cash,88.32,No,Average,
DBW01066,2022-10-11,Tuesday,Chembur,Bandra,12.18,DW101,Residential,Veg,2.06,49,Delivered,Digital,146.58,Yes,Average,
DBW01067,2023-11-07,Tuesday,Borivali,Thane,4.27,DW010,Corporate,Mix,1.71,22,Delivered,Monthly-Pre-paid,70.55,No,Good,
DBW01068,2023-04-13,Thursday,Ghatkopar,Borivali,21.02,DW130,Corporate,Mix,2.31,71,Delivered,Digital,206.64,No,Average,
DBW01069,2022-09-01,Thursday,Andheri,Chembur,4.25,DW066,Corporate,Non-Veg,1.45,57,Delayed,Monthly-Pre-paid,50.67,Yes,Poor,
DBW01070,2022-01-08,Saturday,Bandra,Sion,17.42,DW003,Corporate,Veg,0.96,48,Delivered,Cash,160.39,No,Good,
DBW01071,2023-05-08,Monday,Worli,Chembur,17.19,DW020,Residential,Veg,2.13,63,Delivered,Digital,148.26,No,Average,
DBW01072,2022-06-02,Thursday,Thane,Ghatkopar,18.81,DW129,School,Veg,1.29,73,Returned,Cash,176.72,Yes,nan,nan
DBW01073,2023-07-07,Friday,Andheri,Sion,10.31,DW142,Corporate,Veg,1.24,46,Delivered,Monthly-Pre-paid,127.26,No,Excellent,
DBW01074,2023-01-19,Thursday,Lower Parel,Churchgate,12.82,DW113,Residential,Non-Veg,2.43,64,Delivered,Monthly-Pre-paid,122.08,No,Good,
DBW01075,2022-12-07,Wednesday,Bandra,Goregaon,19.72,DW051,Residential,Non-Veg,2.28,57,Delivered,Digital,186.65,Yes,Excellent,
DBW01076,2022-04-30,Saturday,Vikhroli,Vikhroli,1.96,DW143,Residential,Non-Veg,1.63,29,Delivered,Digital,56.23,No,Good,
DBW01077,2023-06-04,Sunday,Kurla,Borivali,6.2,DW042,Corporate,Mix,0.5,34,Delivered,Monthly-Pre-paid,97.71,No,Average,
DBW01078,2022-05-02,Monday,Ghatkopar,Chembur,19.46,DW036,Corporate,Veg,2.07,72,Delivered,Cash,161.01,No,Good,
DBW01079,2022-11-01,Tuesday,Lower Parel,Malad,15.54,DW115,School,Mix,2.13,60,Delivered,Digital,147.17,Yes,Excellent,
DBW01080,2023-09-03,Sunday,Worli,Thane,9.46,DW049,School,Veg,2.06,25,Delivered,Cash,94.64,No,Poor,
DBW01081,2023-11-03,Friday,Dadar,Worli,12.62,DW078,Corporate,Non-Veg,2.04,54,Delivered,Digital,117.81,Yes,Excellent,
DBW01082,2023-12-24,Sunday,Malad,Malad,0.5,DW100,Residential,Mix,1.71,17,Delivered,Monthly-Pre-paid,28.26,No,Good,
DBW01083,2023-12-01,Friday,Bandra,Ghatkopar,9.3,DW025,Corporate,Mix,1.59,63,Delayed,Monthly-Pre-paid,75.22,Yes,Excellent,
DBW01084,2023-02-10,Friday,Vikhroli,Lower Parel,11.45,DW139,Corporate,Non-Veg,1.25,50,Delivered,Cash,116.13,No,nan,
DBW01085,2022-05-27,Friday,Vikhroli,Ghatkopar,14.19,DW025,Corporate,Veg,1.45,82,Delayed,Cash,144.03,No,Good,
DBW01086,2023-09-05,Tuesday,Malad,Malad,0.5,DW149,Residential,Non-Veg,1.96,52,Delayed,Digital,18.35,Yes,Poor,
DBW01087,2023-08-09,Wednesday,Sion,Bandra,18.11,DW042,Corporate,Non-Veg,1.97,76,Delivered,Monthly-Pre-paid,167.63,Yes,Good,
DBW01088,2023-12-24,Sunday,Lower Parel,Chembur,19.35,DW063,Corporate,Mix,2.19,48,Delivered,Cash,185.1,No,Good,
DBW01089,2023-04-21,Friday,Ghatkopar,Bandra,6.99,DW038,Corporate,Non-Veg,1.1,30,Delivered,Digital,87.75,Yes,Excellent,
DBW01090,2022-04-14,Thursday,Worli,Lower Parel,15.24,DW081,Corporate,Mix,0.97,50,Delivered,Cash,127.42,Yes,Good,
DBW01091,2023-01-03,Tuesday,Andheri,Churchgate,15.96,DW001,Corporate,Mix,1.61,65,Delivered,Digital,168.16,No,Poor,
DBW01092,2022-11-24,Thursday,Chembur,Kurla,7.45,DW026,Residential,Veg,1.29,38,Delivered,Digital,100.46,No,Average,
DBW01093,2023-09-08,Friday,Sion,Goregaon,18.13,DW078,Residential,Mix,1.89,86,Delayed,Cash,163.89,Yes,Excellent,
DBW01094,2022-10-14,Friday,Chembur,Borivali,12.58,DW105,Residential,Non-Veg,1.15,50,Delivered,Cash,155.82,No,Good,
DBW01095,2022-08-28,Sunday,Goregaon,Borivali,17.77,DW145,Residential,Non-Veg,2.39,59,Delivered,Cash,178.97,Yes,Good,
DBW01096,2022-02-28,Monday,Goregaon,Vikhroli,13.04,DW126,Residential,Veg,1.39,67,Delayed,Digital,139.02,No,Average,
DBW01097,2023-09-02,Saturday,Ghatkopar,Borivali,17.94,DW139,Corporate,Non-Veg,2.6,56,Delivered,Cash,183.75,No,Average,
DBW01098,2023-07-06,Thursday,Churchgate,Bandra,19.88,DW120,Corporate,Non-Veg,2.06,66,Delivered,Cash,173.54,Yes,Good,
DBW01099,2022-01-31,Monday,Lower Parel,Goregaon,9.06,DW117,Hospital,Veg,1.27,32,Delivered,Monthly-Pre-paid,97.17,No,Poor,
DBW01100,2022-11-13,Sunday,Kurla,Worli,11.69,DW052,Residential,Mix,2.85,62,Delayed,Monthly-Pre-paid,132.77,No,Average,
DBW01101,2022-12-17,Saturday,Sion,Worli,8.48,DW136,Residential,Mix,1.93,39,Delivered,Digital,85.89,No,Good,
DBW01102,2022-12-09,Friday,Kurla,Kurla,1.99,DW145,Corporate,Veg,1.88,30,Delivered,Digital,40.64,No,Good,
DBW01103,2023-11-02,Thursday,Andheri,Dadar,4.93,DW078,Corporate,Veg,1.77,36,Delivered,Cash,78.49,Yes,Poor,
DBW01104,2022-04-20,Wednesday,Vikhroli,Lower Parel,11.66,DW019,Corporate,Non-Veg,2.03,38,Delivered,Cash,127.95,No,Good,
DBW01105,2022-08-12,Friday,Worli,Churchgate,5.01,DW007,Hospital,Mix,2.06,31,Delivered,Cash,70.41,No,Excellent,
DBW01106,2022-05-13,Friday,Dadar,Kurla,7.11,DW075,Residential,Veg,1.37,44,Delivered,Cash,87.8,No,Average,
DBW01107,2022-06-28,Tuesday,Ghatkopar,Malad,14.88,DW096,Corporate,Mix,1.69,58,Delivered,Cash,146.43,No,Good,
DBW01108,2023-10-25,Wednesday,Chembur,Churchgate,20.25,DW084,Corporate,Non-Veg,1.86,64,Delivered,Monthly-Pre-paid,204.76,No,Excellent,
DBW01109,2023-11-18,Saturday,Worli,Kurla,9.85,DW135,Corporate,Non-Veg,2.09,42,Delivered,Monthly-Pre-paid,140.16,Yes,Poor,
DBW01110,2022-02-02,Wednesday,Worli,Ghatkopar,19.37,DW081,Corporate,Veg,2.1,59,Delivered,Monthly-Pre-paid,189.33,No,Excellent,
DBW01111,2023-04-07,Friday,Borivali,Ghatkopar,18.05,DW100,Residential,Non-Veg,1.88,93,Delayed,Cash,193.6,Yes,Average,
DBW01112,2022-06-19,Sunday,Thane,Dadar,10.66,DW114,Corporate,Mix,1.52,40,Delivered,Digital,108.76,Yes,Good,
DBW01113,2022-05-21,Saturday,Goregaon,Sion,17.62,DW135,Hospital,Veg,1.5,46,Delivered,Digital,160.74,Yes,Average,
DBW01114,2022-08-02,Tuesday,Chembur,Kurla,8.61,DW092,Residential,Non-Veg,1.2,42,Delivered,Cash,87.07,No,Average,
DBW01115,2022-05-22,Sunday,Vikhroli,Bandra,14.12,DW084,Hospital,Veg,2.1,43,Delivered,Digital,129.16,No,Excellent,
DBW01116,2022-12-24,Saturday,Malad,Ghatkopar,15.42,DW012,Hospital,Veg,1.49,37,Delivered,Digital,148.93,No,Poor,
DBW01117,2023-12-28,Thursday,Chembur,Vikhroli,11.08,DW097,School,Veg,1.7,50,Delivered,Cash,131.95,No,Average,
DBW01118,2023-03-05,Sunday,Andheri,Malad,1.81,DW027,School,Mix,1.92,9,Delivered,Cash,59.49,Yes,Poor,
DBW01119,2023-06-12,Monday,Sion,Andheri,10.74,DW056,Corporate,Mix,1.8,48,Delivered,Digital,108.28,Yes,Excellent,
DBW01120,2022-12-27,Tuesday,Chembur,Lower Parel,16.66,DW080,Corporate,Veg,1.8,56,Delivered,Cash,158.44,Yes,Average,
DBW01121,2022-01-11,Tuesday,Chembur,Churchgate,19.54,DW013,Corporate,Mix,1.35,58,Delivered,Digital,186.26,No,nan,
DBW01122,2022-03-03,Thursday,Bandra,Sion,17.36,DW105,Residential,Non-Veg,1.93,68,Delivered,Digital,172.37,No,Average,
DBW01123,2022-07-16,Saturday,Andheri,Chembur,3.97,DW043,Residential,Mix,1.64,26,Delivered,Monthly-Pre-paid,70.55,Yes,nan,
DBW01124,2022-06-27,Monday,Chembur,Dadar,9.97,DW078,Corporate,Non-Veg,1.76,57,Delivered,Monthly-Pre-paid,103.74,Yes,Good,
DBW01125,2023-09-06,Wednesday,Churchgate,Churchgate,0.5,DW053,Hospital,Mix,2.38,23,Delivered,Digital,30.99,Yes,Average,
DBW01126,2023-09-08,Friday,Malad,Churchgate,16.75,DW054,Residential,Veg,2.05,68,Delivered,Digital,184.33,Yes,Good,
DBW01127,2023-09-16,Saturday,Malad,Chembur,2.15,DW060,Residential,Veg,1.51,11,Delivered,Digital,43.0,No,Good,
DBW01128,2023-04-11,Tuesday,Ghatkopar,Goregaon,12.15,DW008,Corporate,Veg,1.73,44,Delivered,Cash,118.55,No,Average,
DBW01129,2023-02-11,Saturday,Worli,Vikhroli,8.42,DW030,Corporate,Mix,2.6,42,Delivered,Cash,96.08,Yes,Good,
DBW01130,2023-04-19,Wednesday,Goregaon,Sion,17.43,DW118,Residential,Veg,1.65,63,Delivered,Cash,170.61,Yes,nan,
DBW01131,2022-10-24,Monday,Worli,Malad,15.78,DW019,Corporate,Veg,1.82,56,Delivered,Cash,133.15,No,Average,
DBW01132,2023-05-05,Friday,Kurla,Bandra,13.63,DW075,Residential,Mix,2.13,63,Delivered,Digital,132.35,No,Poor,
DBW01133,2023-08-03,Thursday,Thane,Bandra,16.59,DW022,Corporate,Non-Veg,1.91,67,Delivered,Cash,169.03,No,Average,
DBW01134,2023-07-11,Tuesday,Kurla,Vikhroli,4.03,DW081,Corporate,Mix,1.61,21,Delivered,Digital,92.33,No,Poor,
DBW01135,2023-03-25,Saturday,Borivali,Thane,2.07,DW097,Corporate,Non-Veg,1.43,16,Delivered,Monthly-Pre-paid,38.6,No,Good,
DBW01136,2022-02-12,Saturday,Chembur,Chembur,1.73,DW071,Residential,Veg,1.79,20,Delivered,Monthly-Pre-paid,55.34,No,Average,
DBW01137,2023-06-14,Wednesday,Vikhroli,Andheri,9.21,DW116,Corporate,Non-Veg,2.13,35,Delivered,Digital,106.35,Yes,Good,
DBW01138,2022-09-25,Sunday,Kurla,Andheri,8.31,DW040,School,Veg,2.46,45,Returned,Digital,113.88,No,Good,nan
DBW01139,2023-06-27,Tuesday,Lower Parel,Thane,15.07,DW084,Corporate,Non-Veg,1.07,51,Delivered,Digital,141.3,No,Excellent,
DBW01140,2023-01-29,Sunday,Worli,Malad,14.18,DW042,Hospital,Mix,2.68,41,Delivered,Digital,160.02,No,Average,
DBW01141,2023-10-06,Friday,Ghatkopar,Worli,19.25,DW077,Corporate,Veg,1.66,75,Delivered,Monthly-Pre-paid,205.0,No,Good,
DBW01142,2022-09-05,Monday,Thane,Bandra,15.52,DW010,Corporate,Veg,2.26,56,Delivered,Digital,175.84,No,nan,
DBW01143,2023-11-11,Saturday,Goregaon,Borivali,17.99,DW041,School,Mix,1.43,50,Delivered,Digital,195.31,No,Poor,
DBW01144,2023-09-09,Saturday,Ghatkopar,Chembur,20.58,DW107,Residential,Veg,0.99,54,Delivered,Monthly-Pre-paid,197.51,Yes,Average,
DBW01145,2022-08-30,Tuesday,Lower Parel,Malad,13.93,DW117,Residential,Non-Veg,1.14,50,Delivered,Monthly-Pre-paid,150.18,No,Good,
DBW01146,2022-12-19,Monday,Worli,Andheri,15.44,DW041,Residential,Mix,1.63,59,Delivered,Monthly-Pre-paid,147.24,Yes,Average,
DBW01147,2023-01-23,Monday,Malad,Worli,16.47,DW039,Corporate,Veg,2.06,65,Delivered,Monthly-Pre-paid,128.42,No,Average,
DBW01148,2023-07-16,Sunday,Sion,Andheri,10.68,DW045,Residential,Veg,1.82,34,Delivered,Digital,119.3,Yes,Good,
DBW01149,2023-05-19,Friday,Worli,Dadar,13.6,DW042,Corporate,Mix,1.67,57,Delivered,Monthly-Pre-paid,136.42,No,Good,
DBW01150,2023-09-14,Thursday,Worli,Sion,7.63,DW150,Residential,Mix,2.36,57,Delivered,Digital,105.52,No,Poor,
DBW01151,2022-09-28,Wednesday,Vikhroli,Lower Parel,12.35,DW098,School,Mix,1.8,71,Delayed,Monthly-Pre-paid,141.76,Yes,Excellent,
DBW01152,2023-01-04,Wednesday,Dadar,Andheri,6.96,DW058,Hospital,Veg,1.94,23,Delivered,Cash,69.73,Yes,Good,
DBW01153,2022-11-11,Friday,Ghatkopar,Ghatkopar,0.5,DW070,Residential,Non-Veg,3.36,39,Delivered,Cash,69.09,No,Poor,
DBW01154,2023-10-26,Thursday,Kurla,Sion,3.46,DW077,Residential,Mix,1.8,36,Delivered,Cash,63.5,No,Good,
DBW01155,2022-08-11,Thursday,Sion,Goregaon,17.73,DW083,Residential,Mix,1.45,62,Delivered,Monthly-Pre-paid,152.6,Yes,Poor,
DBW01156,2023-03-05,Sunday,Lower Parel,Thane,15.1,DW058,Corporate,Non-Veg,2.04,32,Delivered,Cash,133.62,Yes,Good,
DBW01157,2022-03-29,Tuesday,Bandra,Sion,18.04,DW147,Hospital,Non-Veg,2.17,60,Delivered,Cash,141.62,Yes,Good,
DBW01158,2023-09-13,Wednesday,Thane,Goregaon,18.81,DW044,Residential,Veg,1.95,63,Delivered,Monthly-Pre-paid,191.96,Yes,nan,
DBW01159,2022-10-08,Saturday,Ghatkopar,Borivali,19.56,DW065,Corporate,Veg,1.88,57,Delivered,Monthly-Pre-paid,178.61,No,Excellent,
DBW01160,2022-09-06,Tuesday,Churchgate,Goregaon,8.33,DW001,Residential,Non-Veg,2.54,51,Delivered,Monthly-Pre-paid,84.02,Yes,Good,
DBW01161,2023-03-02,Thursday,Borivali,Dadar,10.93,DW074,Corporate,Veg,2.48,51,Delivered,Digital,107.74,No,Excellent,
DBW01162,2022-12-31,Saturday,Thane,Kurla,5.02,DW129,Hospital,Mix,1.74,21,Delivered,Monthly-Pre-paid,65.63,Yes,nan,
DBW01163,2023-09-12,Tuesday,Andheri,Goregaon,19.19,DW150,Hospital,Veg,1.48,65,Delivered,Digital,192.19,No,Excellent,
DBW01164,2023-01-23,Monday,Thane,Andheri,7.7,DW071,Corporate,Non-Veg,2.01,28,Delivered,Monthly-Pre-paid,66.97,No,Excellent,
DBW01165,2023-01-13,Friday,Andheri,Andheri,0.95,DW021,Corporate,Non-Veg,1.48,35,Delivered,Digital,21.59,No,Good,
DBW01166,2022-03-18,Friday,Sion,Thane,4.66,DW108,Residential,Veg,2.24,39,Delivered,Cash,74.25,No,Average,
DBW01167,2022-01-17,Monday,Vikhroli,Lower Parel,11.89,DW097,Corporate,Non-Veg,2.01,68,Delayed,Cash,116.2,Yes,Good,
DBW01168,2022-10-18,Tuesday,Bandra,Ghatkopar,8.53,DW144,School,Mix,3.14,51,Delivered,Monthly-Pre-paid,106.98,Yes,Good,
DBW01169,2023-12-30,Saturday,Dadar,Dadar,0.72,DW076,Corporate,Veg,2.54,10,Delivered,Cash,28.33,No,Good,
DBW01170,2023-11-01,Wednesday,Malad,Chembur,5.65,DW001,Corporate,Veg,1.26,38,Delivered,Cash,98.85,No,Average,
DBW01171,2023-04-05,Wednesday,Malad,Thane,7.87,DW136,Corporate,Veg,1.54,39,Delivered,Monthly-Pre-paid,96.06,Yes,Good,
DBW01172,2023-04-06,Thursday,Kurla,Lower Parel,10.26,DW102,Residential,Veg,0.84,67,Delayed,Monthly-Pre-paid,130.5,No,Average,
DBW01173,2022-10-13,Thursday,Goregaon,Vikhroli,13.49,DW121,Residential,Mix,0.73,53,Delivered,Digital,145.71,No,Average,
DBW01174,2022-05-10,Tuesday,Dadar,Borivali,12.9,DW018,Hospital,Veg,1.86,30,Delivered,Cash,141.9,No,Poor,
DBW01175,2022-01-07,Friday,Churchgate,Borivali,8.2,DW069,School,Veg,1.2,51,Delayed,Digital,84.31,No,Average,
DBW01176,2022-09-05,Monday,Chembur,Goregaon,26.04,DW069,Residential,Mix,2.62,91,Delivered,Cash,255.79,No,Average,
DBW01177,2022-08-20,Saturday,Thane,Kurla,3.73,DW041,Corporate,Mix,2.38,16,Delivered,Digital,63.09,No,Good,
DBW01178,2022-05-20,Friday,Thane,Kurla,3.88,DW128,Corporate,Veg,1.66,28,Delivered,Digital,46.73,No,nan,
DBW01179,2022-07-09,Saturday,Dadar,Worli,15.07,DW029,Hospital,Non-Veg,1.64,32,Delivered,Monthly-Pre-paid,118.91,Yes,Poor,
DBW01180,2022-01-19,Wednesday,Worli,Chembur,16.99,DW011,Corporate,Veg,2.54,86,Delayed,Cash,168.02,No,Good,
DBW01181,2023-03-20,Monday,Sion,Bandra,18.34,DW036,Hospital,Veg,2.66,69,Delivered,Digital,199.35,Yes,Good,
DBW01182,2023-11-09,Thursday,Kurla,Lower Parel,13.0,DW149,Hospital,Mix,1.33,43,Delivered,Cash,120.39,No,Excellent,
DBW01183,2023-05-20,Saturday,Borivali,Thane,3.37,DW018,Residential,Non-Veg,1.27,8,Delivered,Digital,42.83,Yes,nan,
DBW01184,2022-11-24,Thursday,Worli,Bandra,20.47,DW088,Residential,Non-Veg,1.65,63,Delivered,Monthly-Pre-paid,189.02,Yes,Excellent,
DBW01185,2022-11-03,Thursday,Lower Parel,Sion,17.04,DW028,School,Veg,2.02,68,Delivered,Cash,182.83,Yes,Good,
DBW01186,2022-08-13,Saturday,Kurla,Sion,5.66,DW060,Residential,Veg,1.54,14,Delivered,Monthly-Pre-paid,47.77,No,Good,
DBW01187,2022-04-14,Thursday,Chembur,Worli,18.64,DW083,Residential,Non-Veg,2.03,64,Delivered,Monthly-Pre-paid,169.37,Yes,Good,
DBW01188,2023-03-13,Monday,Churchgate,Kurla,9.36,DW003,Corporate,Non-Veg,2.78,71,Delayed,Cash,89.8,No,Good,
DBW01189,2023-02-18,Saturday,Lower Parel,Goregaon,7.87,DW037,Residential,Mix,1.1,35,Delivered,Monthly-Pre-paid,101.43,Yes,Good,
DBW01190,2022-01-06,Thursday,Borivali,Goregaon,18.1,DW089,Corporate,Veg,1.58,60,Delivered,Digital,172.68,No,Excellent,
DBW01191,2022-10-31,Monday,Chembur,Thane,8.17,DW003,School,Non-Veg,1.11,38,Delivered,Monthly-Pre-paid,90.13,No,Excellent,
DBW01192,2022-07-22,Friday,Goregaon,Dadar,14.6,DW075,Residential,Non-Veg,1.38,55,Delivered,Digital,144.1,No,Average,
DBW01193,2022-05-05,Thursday,Vikhroli,Thane,5.89,DW091,Residential,Mix,1.65,31,Delivered,Monthly-Pre-paid,88.88,Yes,Average,
DBW01194,2023-05-29,Monday,Malad,Lower Parel,14.76,DW033,Corporate,Non-Veg,1.44,52,Returned,Cash,164.89,Yes,Average,nan
DBW01195,2023-01-19,Thursday,Thane,Malad,6.63,DW025,Hospital,Non-Veg,2.06,44,Delivered,Cash,98.39,Yes,nan,
DBW01196,2023-04-08,Saturday,Malad,Worli,15.24,DW074,Corporate,Non-Veg,1.88,51,Delivered,Digital,160.56,No,Excellent,
DBW01197,2023-06-05,Monday,Worli,Sion,6.79,DW108,Residential,Non-Veg,1.95,40,Delivered,Monthly-Pre-paid,105.06,No,Good,
DBW01198,2023-12-18,Monday,Goregaon,Churchgate,10.27,DW002,Corporate,Mix,1.65,49,Delivered,Digital,98.2,Yes,Good,
DBW01199,2023-08-10,Thursday,Lower Parel,Churchgate,11.57,DW051,Hospital,Veg,1.69,37,Delivered,Cash,128.41,No,Excellent,
DBW01200,2023-03-29,Wednesday,Sion,Dadar,11.51,DW150,Residential,Non-Veg,1.62,61,Delivered,Monthly-Pre-paid,157.3,Yes,Poor,
DBW01201,2023-10-04,Wednesday,Bandra,Vikhroli,13.64,DW051,Residential,Veg,1.68,50,Delivered,Digital,111.55,No,Excellent,
DBW01202,2022-12-15,Thursday,Worli,Borivali,5.98,DW050,Corporate,Veg,2.01,36,Delivered,Digital,69.81,No,Good,
DBW01203,2023-12-20,Wednesday,Lower Parel,Kurla,12.09,DW111,Corporate,Veg,0.84,41,Delivered,Digital,111.19,No,Excellent,
DBW01204,2023-07-10,Monday,Churchgate,Churchgate,0.5,DW073,Corporate,Non-Veg,1.94,30,Delivered,Monthly-Pre-paid,38.33,No,Good,
DBW01205,2023-04-21,Friday,Borivali,Goregaon,18.58,DW059,Corporate,Veg,1.37,64,Delivered,Monthly-Pre-paid,200.22,No,Average,
DBW01206,2023-10-22,Sunday,Chembur,Worli,16.63,DW118,Residential,Mix,1.63,46,Delivered,Digital,171.13,Yes,Average,
DBW01207,2023-01-12,Thursday,Goregaon,Dadar,14.5,DW005,Residential,Non-Veg,1.02,71,Delayed,Monthly-Pre-paid,142.75,Yes,Average,
DBW01208,2023-06-11,Sunday,Lower Parel,Ghatkopar,2.25,DW107,Corporate,Mix,1.62,11,Delivered,Monthly-Pre-paid,56.16,No,Excellent,
DBW01209,2022-07-27,Wednesday,Sion,Kurla,4.89,DW058,Residential,Mix,1.94,24,Delivered,Cash,64.74,Yes,Excellent,
DBW01210,2023-12-05,Tuesday,Goregaon,Bandra,19.63,DW134,Corporate,Mix,2.03,80,Delayed,Monthly-Pre-paid,189.95,No,Average,
DBW01211,2023-04-01,Saturday,Thane,Churchgate,12.71,DW109,Corporate,Non-Veg,1.21,40,Delivered,Digital,140.97,Yes,Excellent,
DBW01212,2023-07-25,Tuesday,Borivali,Churchgate,9.43,DW142,Hospital,Mix,2.0,42,Delivered,Digital,131.71,Yes,Good,
DBW01213,2022-12-03,Saturday,Chembur,Andheri,5.84,DW020,Corporate,Non-Veg,2.37,22,Delivered,Digital,83.49,No,Poor,
DBW01214,2023-09-25,Monday,Ghatkopar,Kurla,16.82,DW029,Residential,Mix,1.55,54,Delivered,Cash,167.83,Yes,Good,
DBW01215,2022-02-24,Thursday,Lower Parel,Churchgate,11.99,DW136,School,Veg,1.8,46,Delivered,Monthly-Pre-paid,156.47,No,Good,
DBW01216,2022-03-25,Friday,Lower Parel,Lower Parel,0.5,DW059,Residential,Mix,0.77,31,Delivered,Monthly-Pre-paid,4.66,No,nan,
DBW01217,2023-01-06,Friday,Andheri,Vikhroli,7.52,DW123,Residential,Veg,1.35,41,Delivered,Monthly-Pre-paid,88.78,Yes,nan,
DBW01218,2023-06-19,Monday,Ghatkopar,Churchgate,15.87,DW104,Residential,Non-Veg,1.94,70,Delayed,Digital,145.88,Yes,Excellent,
DBW01219,2023-08-14,Monday,Lower Parel,Worli,14.51,DW075,Hospital,Non-Veg,2.28,60,Delivered,Cash,142.52,Yes,Poor,
DBW01220,2022-11-18,Friday,Lower Parel,Borivali,16.36,DW007,Hospital,Veg,1.5,58,Delivered,Digital,169.95,No,Good,
DBW01221,2023-04-20,Thursday,Dadar,Chembur,12.24,DW012,Corporate,Veg,3.13,56,Delivered,Cash,142.64,No,Average,
DBW01222,2023-02-08,Wednesday,Andheri,Bandra,10.43,DW108,Residential,Non-Veg,1.96,52,Delivered,Digital,105.62,No,Good,
DBW01223,2023-12-03,Sunday,Dadar,Sion,12.21,DW015,Hospital,Veg,1.16,47,Returned,Monthly-Pre-paid,137.73,Yes,nan,nan
DBW01224,2023-04-23,Sunday,Worli,Lower Parel,17.63,DW001,Hospital,Veg,2.44,53,Delivered,Cash,157.56,Yes,Average,
DBW01225,2022-11-01,Tuesday,Chembur,Sion,10.68,DW033,Corporate,Mix,1.17,40,Delivered,Digital,96.23,Yes,Good,
DBW01226,2023-12-09,Saturday,Andheri,Chembur,3.66,DW138,Corporate,Veg,1.96,11,Delivered,Digital,60.34,Yes,Good,
DBW01227,2022-03-20,Sunday,Borivali,Ghatkopar,20.64,DW094,Residential,Mix,1.34,64,Delivered,Monthly-Pre-paid,191.82,No,Excellent,
DBW01228,2023-12-20,Wednesday,Malad,Churchgate,15.01,DW108,Corporate,Veg,1.12,57,Delivered,Digital,172.43,No,Good,
DBW01229,2022-04-23,Saturday,Malad,Ghatkopar,14.48,DW098,Residential,Veg,2.28,62,Returned,Digital,177.78,Yes,Good,Wrong Address
DBW01230,2022-07-30,Saturday,Andheri,Goregaon,20.68,DW085,Residential,Non-Veg,1.67,70,Delivered,Digital,186.34,No,Good,
DBW01231,2023-08-23,Wednesday,Vikhroli,Bandra,13.78,DW039,Corporate,Non-Veg,2.66,53,Delivered,Cash,113.06,No,Average,
DBW01232,2023-06-20,Tuesday,Bandra,Churchgate,19.43,DW065,Corporate,Mix,1.29,57,Delivered,Cash,164.9,No,Average,
DBW01233,2023-12-10,Sunday,Sion,Worli,5.42,DW082,Hospital,Mix,1.02,25,Delivered,Monthly-Pre-paid,60.8,No,Excellent,
DBW01234,2023-07-02,Sunday,Dadar,Sion,11.7,DW149,Hospital,Non-Veg,1.56,45,Delivered,Monthly-Pre-paid,126.68,No,Good,
DBW01235,2023-04-11,Tuesday,Dadar,Ghatkopar,9.81,DW135,Hospital,Veg,3.25,38,Delivered,Cash,104.57,No,Excellent,
DBW01236,2022-09-10,Saturday,Ghatkopar,Kurla,14.75,DW111,Hospital,Veg,2.22,53,Delivered,Digital,129.15,Yes,Good,
DBW01237,2022-01-04,Tuesday,Kurla,Goregaon,15.75,DW122,School,Mix,2.08,55,Delivered,Monthly-Pre-paid,182.8,Yes,Good,
DBW01238,2022-04-01,Friday,Worli,Lower Parel,14.24,DW122,Residential,Mix,2.09,62,Delivered,Monthly-Pre-paid,153.85,Yes,Excellent,
DBW01239,2022-08-06,Saturday,Worli,Borivali,4.75,DW101,Corporate,Veg,1.56,11,Delivered,Cash,94.39,No,Excellent,
DBW01240,2022-01-30,Sunday,Goregaon,Worli,13.88,DW124,Hospital,Non-Veg,3.16,48,Delivered,Cash,114.03,No,Good,
DBW01241,2023-01-06,Friday,Chembur,Vikhroli,11.47,DW011,Residential,Veg,2.03,57,Delivered,Cash,140.86,No,Good,
DBW01242,2023-07-22,Saturday,Andheri,Kurla,5.05,DW004,Corporate,Veg,1.98,21,Delivered,Digital,68.15,No,nan,
DBW01243,2023-12-05,Tuesday,Lower Parel,Dadar,4.94,DW067,School,Mix,2.29,22,Delivered,Monthly-Pre-paid,63.63,Yes,nan,
DBW01244,2022-12-24,Saturday,Worli,Worli,0.5,DW009,Corporate,Veg,1.16,14,Delivered,Cash,34.36,No,Good,
DBW01245,2023-10-01,Sunday,Bandra,Lower Parel,8.74,DW051,Hospital,Veg,1.36,8,Delivered,Monthly-Pre-paid,89.44,Yes,Good,
DBW01246,2023-12-21,Thursday,Sion,Borivali,1.8,DW030,Residential,Veg,1.68,41,Delivered,Monthly-Pre-paid,42.26,Yes,Good,
DBW01247,2023-09-20,Wednesday,Ghatkopar,Borivali,18.83,DW144,Corporate,Mix,2.3,100,Delayed,Monthly-Pre-paid,194.82,Yes,Good,
DBW01248,2022-12-06,Tuesday,Kurla,Sion,4.61,DW099,Hospital,Mix,1.15,34,Delivered,Digital,37.45,No,Poor,
DBW01249,2022-08-26,Friday,Sion,Andheri,11.09,DW007,Residential,Mix,1.77,58,Delivered,Monthly-Pre-paid,141.2,Yes,Good,
DBW01250,2023-12-15,Friday,Bandra,Borivali,21.15,DW094,Residential,Veg,1.7,99,Delayed,Digital,205.09,No,Good,
DBW01251,2022-06-26,Sunday,Dadar,Lower Parel,7.9,DW110,Residential,Veg,1.01,21,Delivered,Cash,91.53,No,nan,
DBW01252,2022-10-28,Friday,Vikhroli,Malad,9.11,DW049,Corporate,Mix,1.55,42,Delivered,Monthly-Pre-paid,116.94,No,Good,
DBW01253,2022-02-24,Thursday,Thane,Goregaon,19.84,DW133,Corporate,Non-Veg,2.07,70,Delivered,Digital,194.2,No,Good,
DBW01254,2023-08-03,Thursday,Malad,Andheri,0.5,DW146,Corporate,Veg,1.06,14,Delivered,Cash,26.8,No,Poor,
DBW01255,2023-04-20,Thursday,Lower Parel,Chembur,17.0,DW148,Corporate,Veg,2.51,51,Delivered,Digital,154.37,Yes,Good,
DBW01256,2022-03-03,Thursday,Bandra,Vikhroli,11.37,DW014,Corporate,Mix,2.03,43,Delivered,Digital,143.46,Yes,nan,
DBW01257,2022-06-12,Sunday,Malad,Dadar,8.6,DW068,Residential,Mix,1.97,23,Delivered,Monthly-Pre-paid,76.58,Yes,Excellent,
DBW01258,2023-02-10,Friday,Andheri,Lower Parel,14.54,DW117,Corporate,Veg,1.8,54,Delivered,Monthly-Pre-paid,143.38,No,Average,
DBW01259,2023-01-30,Monday,Ghatkopar,Dadar,9.2,DW067,Residential,Non-Veg,1.25,37,Delivered,Cash,82.45,Yes,Excellent,
DBW01260,2023-08-09,Wednesday,Ghatkopar,Bandra,8.36,DW073,Corporate,Non-Veg,1.48,43,Delivered,Digital,104.23,No,Good,
DBW01261,2022-07-14,Thursday,Lower Parel,Andheri,11.46,DW050,Corporate,Non-Veg,1.98,43,Delivered,Monthly-Pre-paid,120.25,Yes,Excellent,
DBW01262,2023-11-07,Tuesday,Churchgate,Bandra,19.4,DW063,School,Non-Veg,1.47,55,Delivered,Digital,166.44,No,Average,
DBW01263,2022-11-21,Monday,Thane,Andheri,9.5,DW105,School,Veg,1.89,43,Delivered,Monthly-Pre-paid,92.93,No,Average,
DBW01264,2023-08-24,Thursday,Goregaon,Borivali,17.46,DW004,Hospital,Non-Veg,1.35,54,Delivered,Monthly-Pre-paid,170.38,No,Good,
DBW01265,2022-06-24,Friday,Chembur,Andheri,4.73,DW120,Corporate,Mix,2.03,40,Delivered,Digital,72.1,No,nan,
DBW01266,2022-01-27,Thursday,Vikhroli,Malad,7.22,DW110,Residential,Mix,2.06,36,Delivered,Monthly-Pre-paid,58.69,Yes,Poor,
DBW01267,2022-02-10,Thursday,Thane,Andheri,9.08,DW021,Corporate,Veg,0.99,38,Delivered,Cash,92.09,Yes,Average,
DBW01268,2022-09-30,Friday,Sion,Vikhroli,5.06,DW116,Residential,Mix,1.83,32,Delivered,Cash,72.88,No,Average,
DBW01269,2023-11-27,Monday,Chembur,Lower Parel,16.36,DW079,Hospital,Non-Veg,1.04,47,Delivered,Monthly-Pre-paid,179.04,No,Excellent,
DBW01270,2022-02-05,Saturday,Vikhroli,Thane,4.56,DW048,Corporate,Veg,0.87,16,Delivered,Cash,79.1,Yes,Good,
DBW01271,2022-09-27,Tuesday,Worli,Sion,5.32,DW069,School,Veg,1.5,30,Delivered,Monthly-Pre-paid,65.73,No,Excellent,
DBW01272,2022-03-21,Monday,Borivali,Lower Parel,16.14,DW078,Residential,Mix,3.2,66,Delivered,Monthly-Pre-paid,174.08,No,Good,
DBW01273,2023-11-12,Sunday,Vikhroli,Chembur,11.34,DW032,Corporate,Non-Veg,2.19,41,Delivered,Monthly-Pre-paid,115.95,Yes,Excellent,
DBW01274,2023-05-08,Monday,Kurla,Churchgate,10.43,DW091,Corporate,Veg,2.5,66,Delayed,Cash,66.63,No,Good,
DBW01275,2023-07-11,Tuesday,Churchgate,Malad,17.62,DW095,Hospital,Mix,2.1,53,Delivered,Cash,192.61,No,Good,
DBW01276,2023-06-05,Monday,Lower Parel,Bandra,9.72,DW056,Residential,Mix,1.9,68,Delayed,Digital,114.61,Yes,Excellent,
DBW01277,2023-04-25,Tuesday,Lower Parel,Worli,16.55,DW070,Corporate,Non-Veg,2.25,57,Delivered,Cash,165.21,No,Excellent,
DBW01278,2023-07-19,Wednesday,Kurla,Thane,3.44,DW093,Corporate,Non-Veg,1.48,24,Delivered,Monthly-Pre-paid,57.62,Yes,Average,
DBW01279,2022-01-06,Thursday,Chembur,Borivali,15.18,DW076,School,Non-Veg,2.04,51,Delivered,Monthly-Pre-paid,156.0,No,Excellent,
DBW01280,2023-09-24,Sunday,Vikhroli,Dadar,6.54,DW066,Corporate,Veg,2.39,27,Delivered,Monthly-Pre-paid,82.42,No,Good,
DBW01281,2023-06-25,Sunday,Andheri,Andheri,0.5,DW144,School,Veg,2.15,25,Delivered,Cash,29.66,Yes,Poor,
DBW01282,2023-06-24,Saturday,Worli,Borivali,4.53,DW132,Residential,Veg,2.42,29,Delivered,Cash,56.47,No,Good,
DBW01283,2022-10-15,Saturday,Bandra,Bandra,0.5,DW057,Corporate,Non-Veg,1.89,8,Delivered,Monthly-Pre-paid,35.15,No,Excellent,
DBW01284,2023-08-08,Tuesday,Borivali,Kurla,4.61,DW108,Corporate,Veg,2.65,30,Delivered,Monthly-Pre-paid,53.62,No,Average,
DBW01285,2022-10-06,Thursday,Churchgate,Vikhroli,8.23,DW122,Residential,Veg,1.7,44,Delivered,Monthly-Pre-paid,78.68,Yes,Average,
DBW01286,2022-02-05,Saturday,Kurla,Lower Parel,10.19,DW017,Corporate,Mix,2.86,46,Delivered,Digital,115.61,Yes,Average,
DBW01287,2023-10-25,Wednesday,Andheri,Thane,7.87,DW089,Corporate,Mix,2.09,46,Delivered,Cash,107.62,No,Good,
DBW01288,2022-06-21,Tuesday,Ghatkopar,Dadar,7.46,DW120,Corporate,Veg,1.61,37,Delivered,Monthly-Pre-paid,77.71,Yes,Average,
DBW01289,2022-03-16,Wednesday,Sion,Thane,3.36,DW009,Hospital,Non-Veg,1.21,24,Delivered,Cash,47.57,Yes,Good,
DBW01290,2023-03-30,Thursday,Borivali,Andheri,12.46,DW051,Residential,Veg,1.4,46,Delivered,Digital,104.26,Yes,Good,
DBW01291,2022-06-20,Monday,Bandra,Churchgate,21.92,DW120,Residential,Mix,1.32,80,Delivered,Digital,185.62,No,Average,
DBW01292,2023-09-19,Tuesday,Thane,Churchgate,11.31,DW141,Corporate,Mix,1.76,46,Delivered,Digital,101.33,Yes,Excellent,
DBW01293,2022-11-20,Sunday,Worli,Borivali,5.41,DW149,Residential,Veg,1.16,39,Delayed,Digital,87.89,Yes,Average,
DBW01294,2022-01-04,Tuesday,Dadar,Churchgate,12.39,DW091,Residential,Veg,2.45,64,Delayed,Cash,103.07,No,Poor,
DBW01295,2023-11-26,Sunday,Lower Parel,Worli,14.62,DW007,Corporate,Veg,1.86,44,Delivered,Digital,153.82,Yes,Good,
DBW01296,2023-01-11,Wednesday,Dadar,Borivali,11.49,DW005,School,Veg,1.84,59,Returned,Cash,117.95,Yes,Excellent,nan
DBW01297,2022-07-11,Monday,Worli,Goregaon,14.31,DW122,Hospital,Non-Veg,1.22,52,Delivered,Cash,153.58,Yes,Average,
DBW01298,2023-05-10,Wednesday,Lower Parel,Malad,13.53,DW111,Corporate,Mix,1.42,63,Delivered,Digital,155.69,Yes,Poor,
DBW01299,2023-01-23,Monday,Sion,Ghatkopar,21.65,DW030,Hospital,Mix,0.69,70,Delivered,Cash,202.75,Yes,Excellent,
DBW01300,2022-01-22,Saturday,Kurla,Worli,10.27,DW020,Residential,Veg,2.61,56,Delayed,Monthly-Pre-paid,129.13,Yes,Average,
DBW01301,2023-07-09,Sunday,Thane,Thane,0.5,DW022,Residential,Non-Veg,1.09,8,Delivered,Digital,57.25,No,Excellent,
DBW01302,2022-10-20,Thursday,Worli,Andheri,15.32,DW132,Corporate,Mix,1.13,47,Delivered,Digital,172.72,Yes,Poor,
DBW01303,2023-05-26,Friday,Goregaon,Vikhroli,13.22,DW115,Hospital,Mix,2.51,59,Delivered,Digital,125.67,Yes,Good,
DBW01304,2023-10-16,Monday,Lower Parel,Goregaon,10.36,DW143,Residential,Non-Veg,1.99,59,Delivered,Monthly-Pre-paid,83.37,No,Average,
DBW01305,2023-03-22,Wednesday,Malad,Andheri,0.5,DW018,Hospital,Mix,1.86,23,Delivered,Cash,32.13,No,Good,
DBW01306,2023-05-06,Saturday,Worli,Bandra,19.41,DW105,Corporate,Veg,1.97,56,Delivered,Cash,187.99,Yes,Good,
DBW01307,2022-07-05,Tuesday,Vikhroli,Chembur,10.54,DW139,Corporate,Mix,2.28,51,Delivered,Monthly-Pre-paid,84.99,No,nan,
DBW01308,2022-06-23,Thursday,Lower Parel,Chembur,18.8,DW080,School,Non-Veg,1.85,61,Delivered,Cash,181.32,No,nan,
DBW01309,2022-10-30,Sunday,Thane,Worli,11.25,DW117,Residential,Mix,1.03,33,Delivered,Monthly-Pre-paid,81.38,No,Good,
DBW01310,2023-09-15,Friday,Worli,Chembur,18.55,DW091,Corporate,Veg,2.17,68,Delivered,Digital,201.61,No,Good,
DBW01311,2023-01-18,Wednesday,Malad,Malad,0.53,DW002,Hospital,Veg,2.01,12,Delivered,Monthly-Pre-paid,41.4,Yes,Average,
DBW01312,2022-09-12,Monday,Churchgate,Dadar,13.03,DW065,Corporate,Non-Veg,2.39,64,Delivered,Digital,121.97,No,Good,
DBW01313,2023-07-24,Monday,Chembur,Churchgate,19.76,DW040,Hospital,Non-Veg,1.18,66,Delivered,Cash,190.0,No,Good,
DBW01314,2023-09-15,Friday,Ghatkopar,Vikhroli,13.14,DW013,Hospital,Non-Veg,1.44,63,Returned,Digital,138.88,No,Excellent,Customer Unavailable
DBW01315,2023-10-21,Saturday,Malad,Thane,5.6,DW090,Corporate,Mix,2.0,25,Delivered,Cash,82.01,No,Excellent,
DBW01316,2022-08-07,Sunday,Sion,Goregaon,18.32,DW140,Residential,Mix,1.33,55,Delivered,Digital,177.58,Yes,Average,
DBW01317,2023-06-03,Saturday,Bandra,Vikhroli,12.88,DW009,School,Veg,0.62,39,Delivered,Digital,147.18,No,Good,
DBW01318,2023-03-07,Tuesday,Malad,Thane,7.38,DW050,School,Non-Veg,1.9,38,Delivered,Cash,69.99,No,Excellent,
DBW01319,2022-11-24,Thursday,Vikhroli,Lower Parel,11.21,DW101,Residential,Veg,2.25,54,Delivered,Cash,117.77,No,nan,
DBW01320,2022-10-17,Monday,Borivali,Sion,1.36,DW047,Residential,Mix,1.74,29,Delivered,Monthly-Pre-paid,67.67,No,Good,
DBW01321,2022-03-25,Friday,Lower Parel,Sion,17.15,DW018,Residential,Veg,2.07,64,Delivered,Cash,161.91,Yes,Excellent,
DBW01322,2022-07-20,Wednesday,Lower Parel,Worli,16.32,DW029,Corporate,Veg,2.0,49,Delivered,Monthly-Pre-paid,164.17,Yes,Good,
DBW01323,2023-02-06,Monday,Malad,Bandra,9.93,DW004,Residential,Non-Veg,1.81,45,Delivered,Digital,94.51,No,Poor,
DBW01324,2023-10-10,Tuesday,Malad,Malad,0.5,DW149,Corporate,Mix,1.87,24,Delivered,Monthly-Pre-paid,66.35,Yes,Poor,
DBW01325,2023-09-25,Monday,Chembur,Worli,17.28,DW074,Corporate,Non-Veg,2.47,62,Delivered,Digital,172.52,No,Good,
DBW01326,2022-05-17,Tuesday,Malad,Ghatkopar,14.64,DW142,Corporate,Veg,1.32,53,Delivered,Monthly-Pre-paid,128.24,No,Average,
DBW01327,2023-05-11,Thursday,Lower Parel,Kurla,11.9,DW103,Hospital,Veg,2.19,63,Delivered,Cash,141.58,No,Good,
DBW01328,2022-03-03,Thursday,Bandra,Kurla,15.2,DW053,Corporate,Mix,1.21,59,Delivered,Digital,135.51,Yes,Good,
DBW01329,2023-05-08,Monday,Dadar,Goregaon,14.98,DW142,Corporate,Non-Veg,1.4,61,Delivered,Cash,160.06,No,Good,
DBW01330,2022-09-07,Wednesday,Lower Parel,Lower Parel,0.5,DW040,Corporate,Non-Veg,2.4,26,Delivered,Monthly-Pre-paid,49.45,Yes,Excellent,
DBW01331,2022-11-25,Friday,Lower Parel,Bandra,8.93,DW028,Corporate,Mix,1.2,48,Delivered,Digital,131.87,No,Poor,
DBW01332,2023-06-08,Thursday,Sion,Bandra,19.19,DW121,School,Veg,1.68,67,Delivered,Monthly-Pre-paid,186.84,No,Good,
DBW01333,2022-11-07,Monday,Dadar,Thane,10.78,DW084,Corporate,Non-Veg,2.98,52,Delivered,Monthly-Pre-paid,116.97,No,Good,
DBW01334,2023-08-13,Sunday,Lower Parel,Kurla,12.87,DW064,Corporate,Non-Veg,2.31,51,Returned,Cash,102.54,No,Average,nan
DBW01335,2023-01-25,Wednesday,Dadar,Goregaon,15.01,DW089,School,Veg,1.43,53,Delivered,Cash,143.22,No,Good,
DBW01336,2023-12-31,Sunday,Churchgate,Chembur,20.0,DW146,Corporate,Mix,1.52,58,Delivered,Digital,179.3,No,Poor,
DBW01337,2023-04-11,Tuesday,Goregaon,Churchgate,10.64,DW043,Residential,Mix,1.71,46,Delivered,Digital,112.4,No,Excellent,
DBW01338,2022-08-05,Friday,Dadar,Ghatkopar,9.09,DW136,Hospital,Mix,2.46,50,Delivered,Monthly-Pre-paid,94.92,No,Excellent,
DBW01339,2023-07-20,Thursday,Churchgate,Malad,16.73,DW137,Residential,Veg,1.3,62,Returned,Digital,175.66,No,Good,Wrong Address
DBW01340,2022-10-25,Tuesday,Vikhroli,Kurla,3.91,DW114,Corporate,Mix,1.27,39,Delivered,Monthly-Pre-paid,52.85,No,Good,
DBW01341,2023-01-25,Wednesday,Malad,Borivali,10.93,DW024,Residential,Non-Veg,2.16,40,Delivered,Monthly-Pre-paid,124.58,Yes,Excellent,
DBW01342,2022-04-10,Sunday,Dadar,Dadar,0.5,DW014,Residential,Non-Veg,0.96,14,Delivered,Monthly-Pre-paid,32.27,Yes,Excellent,
DBW01343,2022-03-29,Tuesday,Kurla,Lower Parel,12.05,DW019,Residential,Veg,1.34,39,Delivered,Monthly-Pre-paid,117.03,No,Average,
DBW01344,2023-02-24,Friday,Andheri,Worli,13.94,DW106,Corporate,Non-Veg,1.76,69,Delayed,Cash,130.82,Yes,nan,
DBW01345,2022-05-17,Tuesday,Thane,Andheri,8.53,DW060,Hospital,Mix,1.78,33,Delivered,Monthly-Pre-paid,101.75,No,Average,
DBW01346,2023-12-30,Saturday,Worli,Chembur,16.21,DW149,Residential,Veg,1.12,50,Delivered,Monthly-Pre-paid,180.24,No,Average,
DBW01347,2023-09-17,Sunday,Borivali,Chembur,11.67,DW001,Residential,Non-Veg,1.98,47,Delivered,Monthly-Pre-paid,112.37,Yes,Poor,
DBW01348,2023-05-27,Saturday,Dadar,Sion,11.49,DW056,School,Non-Veg,2.08,41,Delivered,Cash,122.66,No,Poor,
DBW01349,2023-06-21,Wednesday,Malad,Andheri,1.06,DW040,Hospital,Non-Veg,1.47,20,Delivered,Monthly-Pre-paid,45.73,Yes,Good,
DBW01350,2023-03-11,Saturday,Thane,Bandra,15.45,DW133,Residential,Veg,2.63,46,Delivered,Cash,153.32,No,Excellent,
DBW01351,2022-02-14,Monday,Thane,Borivali,4.77,DW019,Corporate,Veg,1.97,34,Delivered,Monthly-Pre-paid,41.78,Yes,Average,
DBW01352,2022-10-14,Friday,Malad,Ghatkopar,15.18,DW062,Corporate,Mix,1.3,78,Delayed,Digital,158.6,Yes,nan,
DBW01353,2022-12-28,Wednesday,Dadar,Dadar,0.5,DW131,Residential,Non-Veg,2.61,32,Delivered,Monthly-Pre-paid,11.4,Yes,Poor,
DBW01354,2023-10-31,Tuesday,Worli,Sion,5.82,DW146,Corporate,Mix,1.54,35,Delivered,Digital,54.21,No,Excellent,
DBW01355,2022-06-10,Friday,Malad,Goregaon,22.09,DW138,Residential,Non-Veg,1.89,64,Delivered,Cash,187.16,No,nan,
DBW01356,2022-12-29,Thursday,Vikhroli,Malad,6.87,DW099,Residential,Non-Veg,1.56,33,Delivered,Digital,82.55,No,Excellent,
DBW01357,2022-09-09,Friday,Worli,Andheri,15.48,DW025,Residential,Veg,2.11,79,Delivered,Digital,139.36,Yes,Good,
DBW01358,2022-04-09,Saturday,Worli,Borivali,5.09,DW015,Corporate,Non-Veg,1.56,25,Delivered,Digital,49.2,No,Poor,
DBW01359,2022-03-17,Thursday,Malad,Churchgate,17.27,DW062,Hospital,Mix,1.59,73,Returned,Digital,173.83,No,Good,Wrong Address
DBW01360,2022-09-24,Saturday,Borivali,Sion,0.5,DW072,Residential,Veg,1.72,17,Delivered,Monthly-Pre-paid,33.6,No,Average,
DBW01361,2022-03-02,Wednesday,Borivali,Vikhroli,4.83,DW078,Residential,Veg,1.55,37,Delivered,Digital,80.01,Yes,Excellent,
DBW01362,2022-02-19,Saturday,Thane,Andheri,7.6,DW008,Residential,Veg,2.34,29,Delivered,Cash,79.87,No,nan,
DBW01363,2022-09-14,Wednesday,Borivali,Ghatkopar,20.65,DW102,Corporate,Non-Veg,1.17,84,Delayed,Cash,194.28,No,Excellent,
DBW01364,2022-05-28,Saturday,Ghatkopar,Malad,15.57,DW060,Residential,Veg,1.78,45,Delivered,Cash,166.55,No,Average,
DBW01365,2023-02-10,Friday,Goregaon,Chembur,23.23,DW017,Corporate,Mix,1.84,85,Delivered,Cash,196.15,No,Excellent,
DBW01366,2022-01-13,Thursday,Sion,Vikhroli,4.64,DW138,Residential,Veg,1.74,33,Delivered,Monthly-Pre-paid,57.21,Yes,Excellent,
DBW01367,2022-08-09,Tuesday,Bandra,Borivali,19.68,DW054,Corporate,Non-Veg,2.28,67,Delivered,Monthly-Pre-paid,202.33,Yes,Good,
DBW01368,2022-11-27,Sunday,Chembur,Kurla,6.95,DW035,Corporate,Veg,1.05,21,Delivered,Monthly-Pre-paid,85.86,No,Excellent,
DBW01369,2023-12-05,Tuesday,Churchgate,Vikhroli,7.85,DW074,Corporate,Non-Veg,2.08,40,Delivered,Digital,90.58,No,Excellent,
DBW01370,2023-04-09,Sunday,Ghatkopar,Lower Parel,3.83,DW143,Corporate,Mix,1.18,28,Delivered,Monthly-Pre-paid,60.05,No,Excellent,
DBW01371,2023-10-05,Thursday,Thane,Worli,9.63,DW124,Hospital,Mix,1.55,49,Delivered,Digital,125.36,No,nan,
DBW01372,2022-09-08,Thursday,Churchgate,Dadar,15.81,DW015,Hospital,Mix,1.13,52,Delivered,Cash,156.11,Yes,Excellent,
DBW01373,2022-11-25,Friday,Vikhroli,Borivali,4.92,DW104,Corporate,Non-Veg,1.63,34,Returned,Digital,70.02,Yes,Average,nan
DBW01374,2022-11-03,Thursday,Dadar,Goregaon,15.24,DW100,Corporate,Non-Veg,1.51,55,Delivered,Digital,151.69,No,Average,
DBW01375,2023-10-10,Tuesday,Dadar,Kurla,5.58,DW133,Residential,Veg,2.62,40,Delivered,Digital,50.42,Yes,Poor,
DBW01376,2023-12-02,Saturday,Goregaon,Malad,21.54,DW145,Corporate,Mix,1.92,55,Delivered,Monthly-Pre-paid,209.84,No,Good,
DBW01377,2023-12-04,Monday,Andheri,Dadar,6.75,DW112,Residential,Mix,2.02,60,Returned,Monthly-Pre-paid,71.64,Yes,Excellent,Damaged
DBW01378,2023-07-03,Monday,Andheri,Vikhroli,7.98,DW099,Corporate,Mix,1.25,35,Delivered,Cash,74.93,No,Excellent,
DBW01379,2023-01-03,Tuesday,Dadar,Sion,11.65,DW054,Residential,Mix,2.17,46,Delivered,Cash,97.02,Yes,Excellent,
DBW01380,2023-01-30,Monday,Dadar,Chembur,10.09,DW135,School,Veg,2.62,52,Delivered,Digital,87.66,No,Good,
DBW01381,2023-12-17,Sunday,Bandra,Vikhroli,12.74,DW142,Corporate,Veg,2.23,48,Returned,Cash,97.86,No,Good,nan
DBW01382,2022-07-27,Wednesday,Borivali,Sion,2.15,DW149,School,Non-Veg,1.14,26,Delivered,Digital,31.81,Yes,Average,
DBW01383,2022-09-11,Sunday,Lower Parel,Thane,15.3,DW144,Hospital,Veg,1.57,53,Delivered,Monthly-Pre-paid,145.89,No,Poor,
DBW01384,2023-10-17,Tuesday,Andheri,Borivali,9.44,DW097,School,Mix,1.85,50,Delivered,Digital,121.47,No,Poor,
DBW01385,2022-10-10,Monday,Andheri,Ghatkopar,15.98,DW144,Residential,Non-Veg,1.51,75,Delivered,Monthly-Pre-paid,158.78,No,Excellent,
DBW01386,2022-06-21,Tuesday,Churchgate,Malad,16.05,DW118,Hospital,Veg,3.07,55,Delivered,Cash,162.17,Yes,Average,
DBW01387,2023-02-14,Tuesday,Thane,Malad,7.19,DW037,Residential,Non-Veg,1.56,42,Delivered,Monthly-Pre-paid,106.75,No,Excellent,
DBW01388,2022-08-26,Friday,Vikhroli,Kurla,4.65,DW005,Hospital,Non-Veg,1.78,32,Delivered,Cash,24.44,Yes,Poor,
DBW01389,2023-10-13,Friday,Lower Parel,Dadar,7.01,DW148,Corporate,Veg,1.5,35,Delivered,Cash,91.94,Yes,Good,
DBW01390,2023-10-26,Thursday,Thane,Sion,3.58,DW065,Residential,Mix,1.92,37,Delivered,Cash,63.37,No,Average,
DBW01391,2022-08-12,Friday,Goregaon,Borivali,16.11,DW132,Residential,Mix,2.49,69,Delivered,Monthly-Pre-paid,171.2,No,Average,
DBW01392,2023-01-22,Sunday,Sion,Worli,4.96,DW044,Corporate,Mix,1.86,17,Delivered,Digital,42.76,Yes,Good,
DBW01393,2023-12-20,Wednesday,Worli,Bandra,20.59,DW055,Corporate,Veg,1.69,72,Delivered,Monthly-Pre-paid,186.1,Yes,Good,
DBW01394,2023-06-26,Monday,Worli,Dadar,14.31,DW124,Corporate,Mix,1.26,55,Delivered,Cash,130.5,Yes,nan,
DBW01395,2022-06-07,Tuesday,Vikhroli,Chembur,11.43,DW079,Corporate,Veg,2.4,47,Delivered,Digital,102.15,No,Good,
DBW01396,2023-03-08,Wednesday,Borivali,Churchgate,8.35,DW102,Corporate,Mix,1.73,55,Returned,Digital,131.46,No,Average,Damaged
DBW01397,2023-03-29,Wednesday,Chembur,Chembur,0.5,DW049,Corporate,Mix,1.71,23,Delivered,Cash,25.51,No,Good,
DBW01398,2023-04-23,Sunday,Borivali,Bandra,16.96,DW093,Corporate,Veg,0.63,44,Delivered,Digital,179.56,Yes,Excellent,
DBW01399,2022-01-19,Wednesday,Borivali,Vikhroli,5.79,DW074,Residential,Veg,1.74,45,Delivered,Digital,86.91,Yes,Good,
DBW01400,2022-08-07,Sunday,Sion,Vikhroli,5.29,DW140,Corporate,Mix,1.6,41,Delayed,Cash,50.72,No,Excellent,
DBW01401,2023-09-16,Saturday,Thane,Malad,9.41,DW074,Corporate,Veg,0.89,33,Delivered,Digital,97.44,Yes,Good,
DBW01402,2022-06-26,Sunday,Malad,Lower Parel,14.02,DW014,Corporate,Mix,2.29,48,Delivered,Cash,143.07,Yes,Excellent,
DBW01403,2022-08-07,Sunday,Churchgate,Worli,3.2,DW111,Corporate,Mix,1.53,16,Delivered,Monthly-Pre-paid,61.52,Yes,Average,
DBW01404,2022-08-24,Wednesday,Lower Parel,Andheri,12.96,DW144,Corporate,Veg,2.75,60,Delivered,Cash,138.67,No,Good,
DBW01405,2022-05-10,Tuesday,Sion,Chembur,10.71,DW133,School,Mix,2.51,46,Delivered,Cash,141.97,No,Excellent,
DBW01406,2022-04-24,Sunday,Vikhroli,Goregaon,14.46,DW016,Corporate,Veg,1.44,44,Delivered,Monthly-Pre-paid,159.3,No,Average,
DBW01407,2022-09-11,Sunday,Goregaon,Borivali,17.36,DW150,Corporate,Non-Veg,2.48,57,Delivered,Cash,178.74,Yes,nan,
DBW01408,2023-10-01,Sunday,Bandra,Churchgate,18.36,DW053,Residential,Veg,2.61,62,Delivered,Cash,191.38,No,Excellent,
DBW01409,2022-01-02,Sunday,Vikhroli,Dadar,5.47,DW126,Hospital,Veg,1.52,13,Delivered,Digital,94.04,No,Good,
DBW01410,2022-07-26,Tuesday,Borivali,Sion,1.37,DW095,Residential,Mix,1.28,22,Delivered,Digital,31.65,Yes,Poor,
DBW01411,2022-02-14,Monday,Churchgate,Malad,18.23,DW146,Corporate,Veg,0.72,62,Delivered,Digital,152.15,No,Excellent,
DBW01412,2023-02-14,Tuesday,Ghatkopar,Chembur,19.59,DW052,Residential,Mix,1.99,65,Delivered,Digital,177.58,No,nan,
DBW01413,2022-07-02,Saturday,Andheri,Sion,11.75,DW092,Residential,Veg,1.31,36,Delivered,Cash,103.41,Yes,nan,
DBW01414,2023-08-02,Wednesday,Worli,Ghatkopar,20.25,DW103,Corporate,Mix,2.01,68,Delivered,Cash,177.27,No,Good,
DBW01415,2023-03-04,Saturday,Lower Parel,Sion,16.48,DW024,School,Mix,1.52,34,Delivered,Cash,163.31,No,Good,
DBW01416,2023-07-27,Thursday,Bandra,Chembur,12.93,DW117,School,Veg,1.41,44,Delivered,Monthly-Pre-paid,125.12,No,nan,
DBW01417,2023-04-09,Sunday,Kurla,Vikhroli,3.21,DW022,Residential,Non-Veg,1.52,24,Delivered,Cash,65.37,No,Excellent,
DBW01418,2022-11-17,Thursday,Sion,Andheri,12.15,DW125,Corporate,Non-Veg,1.15,52,Returned,Digital,131.72,No,Good,nan
DBW01419,2023-09-21,Thursday,Malad,Sion,11.39,DW019,Residential,Non-Veg,1.52,48,Delivered,Cash,126.63,No,Excellent,
DBW01420,2022-12-14,Wednesday,Thane,Ghatkopar,19.27,DW027,School,Veg,1.43,59,Delivered,Digital,165.21,Yes,Average,
DBW01421,2023-11-25,Saturday,Bandra,Ghatkopar,7.77,DW075,School,Mix,1.79,39,Delivered,Cash,78.96,No,Average,
DBW01422,2023-12-28,Thursday,Malad,Ghatkopar,15.03,DW028,Corporate,Mix,1.85,76,Delayed,Cash,121.62,No,Poor,
DBW01423,2023-03-06,Monday,Ghatkopar,Andheri,14.1,DW012,Corporate,Non-Veg,1.26,52,Delivered,Cash,151.32,No,Excellent,
DBW01424,2023-05-08,Monday,Thane,Kurla,3.74,DW008,Corporate,Non-Veg,2.35,32,Delivered,Cash,88.78,No,Good,
DBW01425,2022-07-06,Wednesday,Goregaon,Malad,22.18,DW043,Hospital,Veg,1.72,80,Delivered,Cash,210.1,No,Average,
DBW01426,2023-08-18,Friday,Goregaon,Worli,11.14,DW074,Residential,Mix,2.55,52,Delivered,Cash,123.14,No,Good,
DBW01427,2023-05-06,Saturday,Vikhroli,Churchgate,7.96,DW007,Corporate,Non-Veg,1.92,34,Returned,Monthly-Pre-paid,85.73,No,Poor,Damaged
DBW01428,2023-10-21,Saturday,Thane,Andheri,7.62,DW021,Corporate,Veg,1.83,28,Delivered,Digital,87.75,Yes,Excellent,
DBW01429,2022-07-14,Thursday,Malad,Borivali,10.46,DW092,Corporate,Veg,1.55,44,Delivered,Cash,132.83,No,Excellent,
DBW01430,2023-07-29,Saturday,Kurla,Andheri,6.52,DW048,Hospital,Veg,2.11,28,Delivered,Monthly-Pre-paid,83.52,No,Good,
DBW01431,2022-12-10,Saturday,Malad,Dadar,6.14,DW114,Corporate,Mix,1.82,26,Delivered,Digital,88.72,No,Average,
DBW01432,2022-05-16,Monday,Kurla,Kurla,0.5,DW127,Corporate,Veg,2.23,22,Delivered,Digital,53.51,No,Average,
DBW01433,2022-05-05,Thursday,Dadar,Andheri,7.72,DW005,Residential,Non-Veg,2.6,36,Delivered,Digital,108.29,No,Poor,
DBW01434,2023-02-15,Wednesday,Bandra,Thane,16.81,DW143,Residential,Mix,1.44,93,Delayed,Cash,164.93,No,Average,
DBW01435,2022-08-22,Monday,Sion,Sion,0.57,DW103,Residential,Veg,2.11,36,Delivered,Digital,36.18,No,nan,
DBW01436,2022-03-16,Wednesday,Kurla,Kurla,0.5,DW124,Hospital,Veg,2.09,23,Delivered,Cash,28.21,No,Good,
DBW01437,2022-11-08,Tuesday,Kurla,Chembur,7.98,DW072,Corporate,Mix,2.03,40,Delivered,Monthly-Pre-paid,101.34,No,nan,
DBW01438,2023-04-22,Saturday,Goregaon,Andheri,22.16,DW001,Corporate,Mix,1.58,68,Delivered,Digital,201.11,No,Poor,
DBW01439,2022-08-21,Sunday,Vikhroli,Dadar,7.91,DW133,Corporate,Veg,1.59,33,Delivered,Monthly-Pre-paid,98.5,Yes,Good,
DBW01440,2023-11-29,Wednesday,Chembur,Sion,10.29,DW086,Residential,Veg,1.51,36,Delivered,Cash,127.87,No,Excellent,
DBW01441,2023-07-24,Monday,Ghatkopar,Kurla,13.33,DW006,School,Non-Veg,1.5,60,Delivered,Cash,111.37,Yes,nan,
DBW01442,2023-01-10,Tuesday,Andheri,Dadar,6.44,DW025,Corporate,Non-Veg,1.38,39,Delivered,Digital,53.67,No,Good,
DBW01443,2023-11-14,Tuesday,Vikhroli,Borivali,5.27,DW031,Residential,Non-Veg,1.75,38,Delivered,Cash,71.52,Yes,Average,
DBW01444,2022-11-13,Sunday,Chembur,Dadar,9.56,DW057,Residential,Veg,1.42,37,Delivered,Monthly-Pre-paid,116.51,No,Good,
DBW01445,2022-04-12,Tuesday,Bandra,Dadar,7.25,DW067,School,Non-Veg,2.02,29,Delivered,Cash,92.33,Yes,Good,
DBW01446,2022-01-27,Thursday,Kurla,Sion,5.33,DW065,Residential,Veg,1.83,26,Delivered,Digital,54.48,No,Good,
DBW01447,2023-11-16,Thursday,Ghatkopar,Churchgate,17.11,DW131,Corporate,Mix,1.88,56,Delivered,Digital,180.37,No,Good,
DBW01448,2023-12-02,Saturday,Sion,Churchgate,10.1,DW142,Residential,Non-Veg,1.66,37,Delivered,Cash,139.43,Yes,Good,
DBW01449,2023-06-24,Saturday,Bandra,Worli,20.15,DW102,Hospital,Non-Veg,1.83,84,Delayed,Cash,178.15,Yes,Poor,
DBW01450,2022-03-17,Thursday,Kurla,Sion,6.23,DW096,Residential,Non-Veg,1.68,36,Delivered,Cash,68.98,No,Good,
DBW01451,2022-08-03,Wednesday,Thane,Borivali,4.34,DW130,Hospital,Non-Veg,2.19,42,Returned,Cash,65.12,Yes,Good,nan
DBW01452,2022-01-30,Sunday,Thane,Dadar,9.59,DW041,Corporate,Non-Veg,1.58,18,Delivered,Digital,104.8,No,Good,
DBW01453,2022-02-07,Monday,Kurla,Worli,9.32,DW084,Residential,Veg,1.99,64,Delayed,Cash,122.59,No,Good,
DBW01454,2022-06-29,Wednesday,Goregaon,Borivali,18.46,DW097,Corporate,Non-Veg,1.15,66,Delivered,Cash,181.97,No,Excellent,
DBW01455,2023-02-22,Wednesday,Andheri,Lower Parel,12.73,DW043,Corporate,Veg,2.16,58,Delivered,Cash,127.5,Yes,Average,
DBW01456,2022-02-17,Thursday,Lower Parel,Worli,16.86,DW143,Corporate,Veg,1.52,56,Delivered,Monthly-Pre-paid,156.03,No,Average,
DBW01457,2023-12-20,Wednesday,Vikhroli,Ghatkopar,16.07,DW036,Corporate,Mix,1.34,52,Delivered,Cash,135.63,No,Excellent,
DBW01458,2022-11-29,Tuesday,Bandra,Thane,15.06,DW009,Corporate,Non-Veg,1.23,67,Returned,Digital,171.0,Yes,Good,nan
DBW01459,2022-07-12,Tuesday,Churchgate,Churchgate,0.5,DW049,Residential,Mix,1.19,15,Delivered,Digital,43.41,No,Good,
DBW01460,2023-01-12,Thursday,Thane,Vikhroli,6.53,DW123,Hospital,Non-Veg,1.56,37,Delivered,Digital,80.91,Yes,nan,
DBW01461,2023-07-31,Monday,Vikhroli,Andheri,8.23,DW057,Corporate,Mix,2.55,60,Delayed,Monthly-Pre-paid,97.46,No,Good,
DBW01462,2022-08-17,Wednesday,Goregaon,Kurla,15.72,DW033,Corporate,Veg,1.48,46,Delivered,Monthly-Pre-paid,154.11,Yes,Poor,
DBW01463,2022-02-04,Friday,Lower Parel,Vikhroli,10.51,DW131,Corporate,Non-Veg,0.7,48,Delivered,Digital,87.56,Yes,Average,
DBW01464,2022-02-07,Monday,Malad,Vikhroli,8.56,DW023,Corporate,Non-Veg,1.98,44,Delivered,Cash,77.17,Yes,nan,
DBW01465,2023-09-14,Thursday,Sion,Thane,5.04,DW024,Corporate,Veg,1.24,18,Delivered,Monthly-Pre-paid,67.27,No,Average,
DBW01466,2022-03-23,Wednesday,Vikhroli,Kurla,3.17,DW135,Residential,Veg,2.21,30,Delivered,Cash,52.05,No,Average,
DBW01467,2023-04-09,Sunday,Andheri,Lower Parel,14.3,DW049,Hospital,Veg,1.59,32,Delivered,Digital,144.21,Yes,Good,
DBW01468,2022-10-08,Saturday,Vikhroli,Thane,5.98,DW001,Residential,Veg,1.66,42,Delivered,Digital,103.33,Yes,Good,
DBW01469,2023-07-22,Saturday,Malad,Sion,10.56,DW066,Residential,Non-Veg,2.4,62,Delayed,Monthly-Pre-paid,110.15,No,Excellent,
DBW01470,2022-02-14,Monday,Ghatkopar,Churchgate,16.19,DW112,Residential,Veg,2.11,56,Delivered,Cash,148.06,Yes,nan,
DBW01471,2023-10-18,Wednesday,Bandra,Andheri,9.45,DW114,Corporate,Mix,1.18,34,Delivered,Cash,106.4,No,Good,
DBW01472,2023-05-25,Thursday,Goregaon,Goregaon,0.82,DW014,Corporate,Non-Veg,1.25,26,Delivered,Cash,15.61,No,Good,
DBW01473,2022-11-24,Thursday,Lower Parel,Ghatkopar,4.83,DW043,Corporate,Mix,0.91,31,Delivered,Cash,71.01,No,Excellent,
DBW01474,2022-06-01,Wednesday,Lower Parel,Borivali,16.01,DW093,Corporate,Veg,3.1,55,Delivered,Monthly-Pre-paid,147.18,No,Good,
DBW01475,2023-12-15,Friday,Chembur,Malad,4.46,DW100,Hospital,Veg,1.37,32,Delivered,Cash,69.02,No,Excellent,
DBW01476,2022-08-09,Tuesday,Bandra,Vikhroli,14.47,DW094,Residential,Mix,2.38,70,Delivered,Monthly-Pre-paid,143.02,Yes,Excellent,
DBW01477,2022-12-25,Sunday,Goregaon,Lower Parel,9.18,DW051,Residential,Non-Veg,1.53,34,Delivered,Monthly-Pre-paid,101.32,No,Good,
DBW01478,2022-10-15,Saturday,Thane,Thane,0.5,DW130,Corporate,Mix,1.26,8,Delivered,Cash,43.4,Yes,Excellent,
DBW01479,2022-06-18,Saturday,Thane,Dadar,9.21,DW012,Corporate,Veg,1.81,34,Delivered,Digital,114.72,No,Average,
DBW01480,2022-11-01,Tuesday,Sion,Worli,6.36,DW124,School,Veg,1.64,35,Delivered,Monthly-Pre-paid,111.35,No,Good,
DBW01481,2022-04-21,Thursday,Andheri,Worli,16.34,DW141,Corporate,Non-Veg,2.2,61,Delivered,Monthly-Pre-paid,171.17,No,Good,
DBW01482,2022-01-02,Sunday,Lower Parel,Vikhroli,12.35,DW103,Residential,Non-Veg,2.21,44,Delivered,Cash,125.15,No,Average,
DBW01483,2022-07-31,Sunday,Sion,Ghatkopar,18.04,DW065,Corporate,Veg,1.5,68,Returned,Monthly-Pre-paid,164.86,No,Average,nan
DBW01484,2022-03-23,Wednesday,Ghatkopar,Dadar,8.21,DW058,Corporate,Veg,1.08,28,Delivered,Monthly-Pre-paid,100.88,Yes,Good,
DBW01485,2022-10-30,Sunday,Borivali,Worli,5.2,DW066,Corporate,Veg,1.2,18,Delivered,Cash,93.54,No,nan,
DBW01486,2023-09-22,Friday,Kurla,Borivali,7.12,DW025,Hospital,Veg,0.66,38,Delivered,Digital,99.8,No,Good,
DBW01487,2022-04-29,Friday,Kurla,Thane,3.27,DW034,Corporate,Mix,1.66,38,Delivered,Cash,45.45,No,Average,
DBW01488,2022-01-01,Saturday,Chembur,Borivali,11.71,DW096,Residential,Mix,1.79,37,Delivered,Digital,130.45,Yes,Average,
DBW01489,2022-03-23,Wednesday,Borivali,Goregaon,15.92,DW083,Corporate,Veg,1.23,70,Returned,Monthly-Pre-paid,160.7,No,Excellent,Customer Unavailable
DBW01490,2023-01-06,Friday,Churchgate,Churchgate,0.5,DW075,Residential,Non-Veg,1.17,48,Delayed,Monthly-Pre-paid,49.74,No,Good,
DBW01491,2022-07-20,Wednesday,Churchgate,Dadar,12.95,DW072,Residential,Non-Veg,1.79,61,Delivered,Monthly-Pre-paid,138.14,Yes,Excellent,
DBW01492,2022-12-24,Saturday,Bandra,Churchgate,18.96,DW012,Residential,Veg,1.48,54,Delivered,Cash,185.66,No,Good,
DBW01493,2022-01-22,Saturday,Lower Parel,Dadar,6.89,DW131,Corporate,Non-Veg,1.69,24,Delivered,Monthly-Pre-paid,67.4,Yes,Good,
DBW01494,2022-09-01,Thursday,Lower Parel,Andheri,14.14,DW144,Corporate,Mix,1.62,61,Delivered,Monthly-Pre-paid,155.02,Yes,Average,
DBW01495,2022-10-27,Thursday,Kurla,Churchgate,9.93,DW037,Hospital,Non-Veg,1.92,41,Delivered,Digital,88.59,No,Excellent,
DBW01496,2022-11-11,Friday,Malad,Chembur,3.44,DW048,Residential,Mix,1.52,38,Delivered,Cash,58.85,Yes,Excellent,
DBW01497,2023-02-07,Tuesday,Thane,Thane,1.25,DW095,Corporate,Non-Veg,1.56,25,Delivered,Cash,31.76,Yes,Excellent,
DBW01498,2023-07-24,Monday,Worli,Sion,6.67,DW001,Corporate,Non-Veg,0.86,41,Delivered,Monthly-Pre-paid,74.24,No,Average,
DBW01499,2022-12-08,Thursday,Vikhroli,Churchgate,8.6,DW016,Corporate,Mix,1.77,47,Delivered,Cash,107.56,No,Excellent,
DBW01500,2023-09-07,Thursday,Lower Parel,Bandra,10.04,DW136,Residential,Mix,1.84,52,Delivered,Cash,110.28,No,Average,
DBW01501,2023-01-22,Sunday,Kurla,Ghatkopar,14.7,DW026,Corporate,Mix,1.71,41,Delivered,Cash,111.68,No,Excellent,
DBW01502,2022-07-10,Sunday,Churchgate,Borivali,8.48,DW087,Corporate,Mix,2.76,33,Delivered,Cash,94.86,No,Excellent,
DBW01503,2022-06-17,Friday,Thane,Sion,4.58,DW133,Corporate,Veg,1.88,40,Delivered,Monthly-Pre-paid,60.78,Yes,Poor,
DBW01504,2022-08-24,Wednesday,Chembur,Worli,18.33,DW110,Residential,Mix,1.72,58,Delivered,Cash,195.54,Yes,Average,
DBW01505,2023-03-13,Monday,Thane,Borivali,5.92,DW041,School,Mix,2.05,43,Delivered,Monthly-Pre-paid,58.75,No,Average,
DBW01506,2022-06-27,Monday,Sion,Thane,2.56,DW023,Residential,Non-Veg,2.86,34,Delivered,Digital,79.23,Yes,nan,
DBW01507,2023-10-30,Monday,Ghatkopar,Vikhroli,15.59,DW108,Residential,Non-Veg,1.93,64,Delivered,Digital,167.57,No,Poor,
DBW01508,2022-12-17,Saturday,Thane,Malad,7.08,DW061,Residential,Mix,0.69,24,Delivered,Digital,82.49,No,Poor,
DBW01509,2023-09-23,Saturday,Andheri,Chembur,4.54,DW146,Corporate,Veg,2.02,22,Delivered,Monthly-Pre-paid,60.02,No,Excellent,
DBW01510,2023-05-14,Sunday,Sion,Sion,0.5,DW097,Residential,Non-Veg,1.36,17,Delivered,Digital,24.43,No,Excellent,
DBW01511,2022-09-01,Thursday,Dadar,Kurla,7.18,DW002,Corporate,Mix,0.84,25,Delivered,Cash,92.23,No,nan,
DBW01512,2022-06-16,Thursday,Dadar,Churchgate,13.65,DW038,Corporate,Veg,2.65,46,Delivered,Monthly-Pre-paid,127.41,No,Good,
DBW01513,2023-06-28,Wednesday,Chembur,Dadar,10.73,DW112,Residential,Veg,2.54,45,Delivered,Cash,114.1,No,Good,
DBW01514,2022-08-30,Tuesday,Lower Parel,Thane,16.69,DW106,Corporate,Veg,1.35,61,Delivered,Digital,147.25,Yes,Good,
DBW01515,2022-06-30,Thursday,Worli,Worli,0.5,DW112,Residential,Veg,1.35,26,Delivered,Monthly-Pre-paid,44.69,No,Average,
DBW01516,2023-11-11,Saturday,Worli,Malad,15.37,DW036,Residential,Non-Veg,1.88,57,Delivered,Digital,155.54,Yes,Good,
DBW01517,2022-12-19,Monday,Borivali,Worli,4.85,DW038,Corporate,Mix,1.36,28,Delivered,Digital,61.79,No,Excellent,
DBW01518,2022-02-05,Saturday,Malad,Sion,11.28,DW032,Corporate,Veg,1.73,36,Delivered,Cash,116.57,No,Excellent,
DBW01519,2022-12-28,Wednesday,Lower Parel,Malad,13.93,DW105,Residential,Non-Veg,1.44,60,Delivered,Monthly-Pre-paid,131.05,No,Good,
DBW01520,2022-12-03,Saturday,Ghatkopar,Lower Parel,2.46,DW002,Residential,Veg,1.6,12,Delivered,Digital,54.4,Yes,Poor,
DBW01521,2023-09-23,Saturday,Ghatkopar,Goregaon,13.38,DW123,Hospital,Mix,1.1,49,Returned,Monthly-Pre-paid,118.19,Yes,Good,nan
DBW01522,2023-06-04,Sunday,Goregaon,Borivali,16.85,DW043,Corporate,Non-Veg,2.21,47,Delivered,Monthly-Pre-paid,178.35,No,Poor,
DBW01523,2022-05-20,Friday,Chembur,Lower Parel,19.71,DW074,Hospital,Non-Veg,2.4,73,Delivered,Digital,190.28,Yes,Good,
DBW01524,2022-04-20,Wednesday,Worli,Vikhroli,5.85,DW038,Corporate,Mix,1.75,29,Delivered,Digital,70.05,No,nan,
DBW01525,2023-03-17,Friday,Sion,Vikhroli,4.95,DW064,Corporate,Mix,1.78,26,Delivered,Digital,78.4,No,Poor,
DBW01526,2022-02-04,Friday,Churchgate,Malad,16.15,DW115,Residential,Veg,2.11,80,Delivered,Digital,165.01,Yes,Good,
DBW01527,2022-08-21,Sunday,Worli,Goregaon,12.51,DW030,Corporate,Veg,1.8,45,Returned,Cash,114.42,No,Good,nan
DBW01528,2022-04-11,Monday,Lower Parel,Bandra,9.15,DW086,Corporate,Veg,2.66,44,Delivered,Digital,122.83,Yes,Average,
DBW01529,2022-01-16,Sunday,Kurla,Andheri,7.62,DW009,Corporate,Non-Veg,1.14,26,Delivered,Digital,53.5,No,Excellent,
DBW01530,2023-11-02,Thursday,Borivali,Worli,5.7,DW027,Hospital,Mix,2.23,38,Delayed,Cash,91.97,Yes,Excellent,
DBW01531,2022-03-07,Monday,Sion,Kurla,4.81,DW103,Hospital,Non-Veg,1.74,37,Delivered,Cash,66.01,Yes,Average,
DBW01532,2022-01-07,Friday,Thane,Andheri,5.88,DW086,School,Non-Veg,1.24,35,Delivered,Digital,91.86,Yes,nan,
DBW01533,2023-11-13,Monday,Kurla,Borivali,4.6,DW092,Corporate,Mix,2.92,43,Delivered,Cash,88.43,No,Good,
DBW01534,2022-05-18,Wednesday,Chembur,Kurla,7.61,DW034,Residential,Mix,2.99,49,Delivered,Cash,84.47,No,Good,
DBW01535,2023-08-20,Sunday,Lower Parel,Dadar,6.52,DW031,Hospital,Veg,1.7,17,Delivered,Monthly-Pre-paid,76.42,No,Poor,
DBW01536,2022-01-23,Sunday,Dadar,Chembur,10.76,DW064,Corporate,Non-Veg,2.02,28,Delivered,Monthly-Pre-paid,120.83,No,Good,
DBW01537,2022-04-23,Saturday,Lower Parel,Chembur,15.85,DW020,Corporate,Mix,1.56,55,Delivered,Cash,139.76,No,nan,
DBW01538,2022-03-22,Tuesday,Andheri,Kurla,5.76,DW134,Corporate,Non-Veg,1.64,25,Delivered,Cash,71.08,No,Excellent,
DBW01539,2023-05-31,Wednesday,Worli,Worli,1.03,DW041,Residential,Veg,1.23,25,Delivered,Digital,31.97,No,Good,
DBW01540,2023-03-29,Wednesday,Andheri,Dadar,7.5,DW108,Residential,Veg,1.16,36,Delivered,Cash,72.19,No,Excellent,
DBW01541,2022-12-14,Wednesday,Andheri,Borivali,9.96,DW024,Corporate,Veg,2.72,34,Delivered,Monthly-Pre-paid,102.66,Yes,Excellent,
DBW01542,2022-06-26,Sunday,Goregaon,Dadar,13.99,DW098,Corporate,Non-Veg,1.78,64,Delayed,Cash,153.23,No,Good,
DBW01543,2022-03-06,Sunday,Dadar,Churchgate,12.26,DW031,Residential,Mix,1.83,66,Delayed,Digital,138.29,No,Average,
DBW01544,2023-02-20,Monday,Goregaon,Vikhroli,14.17,DW043,Residential,Non-Veg,1.39,55,Delivered,Digital,140.68,Yes,Excellent,
DBW01545,2022-06-18,Saturday,Sion,Malad,9.65,DW062,Corporate,Mix,1.89,39,Delivered,Digital,108.1,No,nan,
DBW01546,2023-03-07,Tuesday,Bandra,Sion,19.85,DW019,Corporate,Veg,1.05,67,Delivered,Monthly-Pre-paid,184.22,Yes,Good,
DBW01547,2023-05-17,Wednesday,Andheri,Malad,1.06,DW019,School,Mix,1.41,19,Delivered,Cash,12.08,No,Good,
DBW01548,2023-09-13,Wednesday,Kurla,Goregaon,16.46,DW113,Residential,Veg,1.2,83,Delayed,Monthly-Pre-paid,146.42,No,Average,
DBW01549,2022-12-27,Tuesday,Chembur,Borivali,13.73,DW052,Residential,Non-Veg,2.45,60,Delivered,Monthly-Pre-paid,154.23,Yes,Excellent,
DBW01550,2022-01-04,Tuesday,Thane,Chembur,7.28,DW086,Residential,Non-Veg,0.97,33,Delivered,Digital,106.23,Yes,Average,
DBW01551,2022-07-24,Sunday,Dadar,Chembur,11.39,DW097,School,Mix,1.21,31,Delivered,Digital,108.23,No,Excellent,
DBW01552,2023-09-15,Friday,Chembur,Dadar,10.24,DW094,Corporate,Mix,0.78,52,Delivered,Cash,128.69,No,Poor,
DBW01553,2023-01-25,Wednesday,Chembur,Kurla,6.78,DW095,Corporate,Non-Veg,1.35,34,Delivered,Monthly-Pre-paid,66.2,No,Good,
DBW01554,2023-03-28,Tuesday,Bandra,Dadar,6.21,DW147,Corporate,Non-Veg,1.57,33,Delivered,Monthly-Pre-paid,71.96,No,Excellent,
DBW01555,2022-12-01,Thursday,Andheri,Borivali,14.04,DW095,Hospital,Mix,2.29,55,Delivered,Digital,140.57,Yes,Average,
DBW01556,2022-04-29,Friday,Churchgate,Vikhroli,8.57,DW053,Corporate,Mix,1.69,55,Returned,Monthly-Pre-paid,94.43,Yes,Excellent,nan
DBW01557,2023-10-17,Tuesday,Kurla,Lower Parel,12.37,DW043,Corporate,Non-Veg,1.59,47,Delivered,Digital,118.61,No,nan,
DBW01558,2023-07-19,Wednesday,Thane,Dadar,9.04,DW121,Corporate,Mix,1.95,46,Delivered,Monthly-Pre-paid,104.24,No,Good,
DBW01559,2023-12-28,Thursday,Churchgate,Chembur,19.88,DW064,Residential,Mix,1.58,66,Delivered,Monthly-Pre-paid,200.68,No,Good,
DBW01560,2023-09-17,Sunday,Goregaon,Bandra,17.76,DW084,Residential,Veg,3.0,63,Delivered,Digital,150.24,Yes,Good,
DBW01561,2022-08-01,Monday,Andheri,Worli,14.12,DW123,Corporate,Non-Veg,1.5,56,Delivered,Digital,144.81,No,Good,
DBW01562,2022-07-05,Tuesday,Churchgate,Dadar,12.55,DW036,Corporate,Mix,2.01,64,Returned,Digital,144.91,Yes,Average,Damaged
DBW01563,2022-07-01,Friday,Chembur,Churchgate,20.92,DW034,Residential,Veg,2.21,97,Delayed,Cash,191.18,Yes,Good,
DBW01564,2023-11-02,Thursday,Kurla,Dadar,8.25,DW008,Corporate,Mix,1.49,39,Delivered,Cash,87.77,Yes,Average,
DBW01565,2023-02-11,Saturday,Worli,Vikhroli,6.8,DW011,Residential,Non-Veg,1.88,30,Delivered,Cash,71.63,No,Excellent,
DBW01566,2022-11-28,Monday,Malad,Andheri,0.5,DW093,Corporate,Veg,1.55,24,Delivered,Cash,64.01,Yes,Poor,
DBW01567,2023-12-08,Friday,Sion,Worli,4.96,DW076,Hospital,Non-Veg,1.94,36,Delivered,Cash,92.05,Yes,Good,
DBW01568,2023-03-17,Friday,Lower Parel,Borivali,16.35,DW045,Corporate,Non-Veg,1.85,58,Delivered,Monthly-Pre-paid,156.35,No,Good,
DBW01569,2023-10-26,Thursday,Dadar,Vikhroli,7.27,DW032,Residential,Veg,1.73,45,Delivered,Digital,105.83,No,Good,
DBW01570,2023-12-20,Wednesday,Chembur,Andheri,6.08,DW105,Corporate,Veg,1.22,31,Delivered,Cash,70.77,Yes,Excellent,
DBW01571,2022-02-27,Sunday,Bandra,Churchgate,20.53,DW013,Corporate,Mix,2.73,63,Delivered,Monthly-Pre-paid,191.89,No,Good,
DBW01572,2022-09-21,Wednesday,Malad,Chembur,4.08,DW106,Residential,Mix,2.09,34,Delivered,Cash,46.76,Yes,Poor,
DBW01573,2023-06-20,Tuesday,Ghatkopar,Churchgate,17.13,DW136,Residential,Mix,1.01,66,Delivered,Monthly-Pre-paid,139.43,Yes,Good,
DBW01574,2023-08-17,Thursday,Goregaon,Sion,17.18,DW069,Residential,Non-Veg,1.59,61,Delivered,Cash,158.74,Yes,Good,
DBW01575,2022-04-19,Tuesday,Chembur,Andheri,5.83,DW075,Residential,Mix,1.02,33,Delivered,Cash,70.26,No,Good,
DBW01576,2022-08-21,Sunday,Churchgate,Bandra,19.11,DW081,Residential,Non-Veg,2.18,56,Delivered,Cash,189.28,No,Good,
DBW01577,2023-02-05,Sunday,Malad,Bandra,10.19,DW015,Hospital,Mix,1.79,29,Delivered,Digital,121.38,Yes,Excellent,
DBW01578,2023-08-07,Monday,Dadar,Thane,10.4,DW094,Corporate,Mix,1.8,60,Returned,Monthly-Pre-paid,111.34,Yes,Average,nan
DBW01579,2022-03-24,Thursday,Andheri,Lower Parel,13.08,DW055,Hospital,Non-Veg,1.38,64,Delayed,Digital,119.8,Yes,Excellent,
DBW01580,2023-03-15,Wednesday,Bandra,Kurla,13.38,DW071,Corporate,Non-Veg,1.64,56,Delivered,Cash,127.15,No,Good,
DBW01581,2022-08-05,Friday,Borivali,Dadar,10.64,DW004,Corporate,Mix,2.19,49,Delivered,Cash,138.95,No,Average,
DBW01582,2022-06-07,Tuesday,Lower Parel,Dadar,6.08,DW132,Residential,Veg,2.33,38,Delivered,Digital,88.11,Yes,Excellent,
DBW01583,2023-01-12,Thursday,Bandra,Thane,15.53,DW051,Corporate,Veg,2.22,54,Delivered,Digital,175.55,No,Average,
DBW01584,2022-10-30,Sunday,Worli,Worli,0.5,DW012,Corporate,Non-Veg,1.02,8,Delivered,Monthly-Pre-paid,60.65,Yes,Excellent,
DBW01585,2023-04-10,Monday,Borivali,Churchgate,8.42,DW118,Corporate,Veg,1.71,51,Delivered,Cash,87.5,Yes,Poor,
DBW01586,2022-08-20,Saturday,Borivali,Bandra,18.42,DW147,Residential,Mix,1.93,75,Delayed,Cash,189.65,Yes,Good,
DBW01587,2023-08-24,Thursday,Kurla,Andheri,7.16,DW078,Residential,Veg,1.43,40,Delivered,Monthly-Pre-paid,73.73,Yes,Excellent,
DBW01588,2022-02-27,Sunday,Ghatkopar,Vikhroli,14.43,DW006,Corporate,Non-Veg,0.97,38,Delivered,Cash,160.92,No,Excellent,
DBW01589,2023-09-22,Friday,Churchgate,Ghatkopar,17.61,DW149,Corporate,Mix,1.16,83,Delayed,Monthly-Pre-paid,183.28,No,Good,
DBW01590,2022-01-22,Saturday,Vikhroli,Andheri,8.87,DW032,Corporate,Non-Veg,2.55,27,Delivered,Digital,69.27,No,Good,
DBW01591,2023-06-22,Thursday,Churchgate,Ghatkopar,16.04,DW037,Corporate,Mix,1.2,61,Delivered,Digital,164.38,Yes,Good,
DBW01592,2022-09-10,Saturday,Andheri,Vikhroli,8.7,DW107,Corporate,Non-Veg,1.82,33,Delivered,Cash,86.79,Yes,Poor,
DBW01593,2022-10-07,Friday,Vikhroli,Chembur,11.86,DW050,Corporate,Non-Veg,1.72,61,Delivered,Monthly-Pre-paid,119.75,No,Excellent,
DBW01594,2022-01-14,Friday,Andheri,Thane,8.9,DW013,Hospital,Non-Veg,1.72,42,Delivered,Cash,91.28,No,Good,
DBW01595,2023-05-28,Sunday,Chembur,Goregaon,24.28,DW103,Residential,Mix,1.64,72,Delivered,Cash,237.88,Yes,Excellent,
DBW01596,2022-05-01,Sunday,Thane,Ghatkopar,16.88,DW040,Corporate,Mix,2.19,47,Delivered,Digital,154.76,Yes,Average,
DBW01597,2023-04-27,Thursday,Andheri,Churchgate,14.63,DW130,Corporate,Veg,1.82,48,Delivered,Cash,127.83,No,Average,
DBW01598,2023-06-14,Wednesday,Sion,Vikhroli,4.8,DW024,Corporate,Non-Veg,1.49,15,Delivered,Cash,56.3,No,Poor,
DBW01599,2023-09-10,Sunday,Borivali,Goregaon,15.0,DW136,Corporate,Mix,1.83,46,Delivered,Cash,146.75,Yes,Average,
DBW01600,2023-06-01,Thursday,Worli,Ghatkopar,21.03,DW109,Corporate,Non-Veg,1.16,66,Delivered,Digital,204.43,No,Average,
DBW01601,2022-08-09,Tuesday,Churchgate,Chembur,19.56,DW036,Hospital,Non-Veg,2.04,62,Delivered,Monthly-Pre-paid,204.45,Yes,Excellent,
DBW01602,2023-06-24,Saturday,Borivali,Sion,0.5,DW087,Residential,Mix,1.46,8,Delivered,Monthly-Pre-paid,41.7,No,Poor,
DBW01603,2023-08-26,Saturday,Worli,Worli,0.5,DW141,Residential,Non-Veg,1.49,15,Delivered,Monthly-Pre-paid,42.76,No,Excellent,
DBW01604,2022-08-20,Saturday,Lower Parel,Andheri,14.04,DW010,Corporate,Veg,2.06,34,Delivered,Cash,153.42,Yes,Average,
DBW01605,2022-04-01,Friday,Churchgate,Worli,3.03,DW123,Residential,Veg,1.6,32,Delivered,Cash,66.48,No,Poor,
DBW01606,2023-10-12,Thursday,Worli,Chembur,16.15,DW070,School,Veg,1.62,61,Delivered,Cash,174.74,Yes,Excellent,
DBW01607,2022-04-18,Monday,Chembur,Kurla,7.38,DW143,Corporate,Mix,2.38,55,Delivered,Cash,126.63,Yes,Good,
DBW01608,2023-03-10,Friday,Ghatkopar,Dadar,8.92,DW032,Hospital,Mix,1.31,47,Delivered,Cash,113.39,No,Excellent,
DBW01609,2022-06-22,Wednesday,Worli,Borivali,6.18,DW108,Corporate,Non-Veg,2.05,46,Delivered,Digital,83.74,No,Poor,
DBW01610,2022-04-02,Saturday,Borivali,Malad,13.03,DW146,Residential,Mix,2.27,48,Delivered,Cash,127.25,Yes,Good,
DBW01611,2023-07-21,Friday,Borivali,Worli,6.6,DW052,Corporate,Mix,2.38,60,Delayed,Cash,87.49,Yes,Good,
DBW01612,2022-04-15,Friday,Ghatkopar,Thane,18.53,DW017,Residential,Non-Veg,2.89,83,Delivered,Digital,195.51,Yes,Good,
DBW01613,2023-05-05,Friday,Sion,Thane,4.77,DW059,Corporate,Mix,1.48,28,Delivered,Monthly-Pre-paid,49.85,Yes,Average,
DBW01614,2023-05-21,Sunday,Andheri,Chembur,4.62,DW090,Residential,Veg,1.37,17,Delivered,Digital,85.85,Yes,Average,
DBW01615,2022-02-13,Sunday,Thane,Churchgate,10.57,DW095,Residential,Mix,2.21,41,Delivered,Digital,108.16,Yes,Average,
DBW01616,2022-05-07,Saturday,Andheri,Goregaon,19.49,DW073,Residential,Veg,2.27,66,Delivered,Cash,182.46,No,nan,
DBW01617,2023-08-03,Thursday,Andheri,Bandra,8.08,DW140,Residential,Mix,1.4,50,Delivered,Monthly-Pre-paid,102.48,No,Good,
DBW01618,2023-01-06,Friday,Goregaon,Sion,17.25,DW087,Corporate,Veg,2.04,63,Delivered,Cash,160.09,No,Excellent,
DBW01619,2022-03-30,Wednesday,Lower Parel,Kurla,11.14,DW097,Residential,Mix,3.16,63,Delivered,Monthly-Pre-paid,126.01,Yes,Average,
DBW01620,2023-12-25,Monday,Thane,Thane,0.5,DW144,Corporate,Non-Veg,1.85,27,Delivered,Cash,16.72,Yes,Excellent,
DBW01621,2022-07-13,Wednesday,Goregaon,Thane,20.1,DW141,Residential,Veg,2.26,69,Delivered,Monthly-Pre-paid,203.97,No,Average,
DBW01622,2022-01-03,Monday,Vikhroli,Ghatkopar,16.0,DW052,Corporate,Non-Veg,2.59,61,Delivered,Monthly-Pre-paid,160.94,No,nan,
DBW01623,2023-11-06,Monday,Kurla,Andheri,4.12,DW043,Residential,Mix,3.05,49,Delivered,Digital,62.93,No,Good,
DBW01624,2022-01-13,Thursday,Ghatkopar,Worli,17.95,DW113,Corporate,Veg,1.92,67,Delivered,Digital,177.73,Yes,Excellent,
DBW01625,2023-02-08,Wednesday,Malad,Churchgate,16.06,DW079,School,Veg,2.43,69,Returned,Monthly-Pre-paid,158.15,No,nan,nan
DBW01626,2023-12-26,Tuesday,Vikhroli,Dadar,7.87,DW068,Residential,Non-Veg,1.41,34,Delivered,Monthly-Pre-paid,99.58,No,Good,
DBW01627,2023-02-26,Sunday,Lower Parel,Churchgate,12.54,DW105,Corporate,Veg,1.81,37,Delivered,Cash,127.18,Yes,Excellent,
DBW01628,2023-03-03,Friday,Borivali,Churchgate,8.1,DW100,Residential,Mix,1.58,68,Delayed,Digital,90.46,No,Good,
DBW01629,2022-10-11,Tuesday,Bandra,Bandra,0.72,DW138,Corporate,Non-Veg,0.86,17,Delivered,Monthly-Pre-paid,9.21,Yes,Excellent,
DBW01630,2022-04-03,Sunday,Sion,Chembur,11.99,DW055,Corporate,Mix,1.0,36,Delivered,Digital,146.41,Yes,Excellent,
DBW01631,2023-02-23,Thursday,Worli,Dadar,13.93,DW114,Corporate,Non-Veg,2.02,57,Delivered,Monthly-Pre-paid,123.96,No,Excellent,
DBW01632,2023-10-18,Wednesday,Dadar,Ghatkopar,7.99,DW035,Residential,Mix,2.02,42,Delivered,Digital,118.16,No,Good,
DBW01633,2022-03-08,Tuesday,Goregaon,Thane,19.75,DW141,School,Veg,1.28,87,Delayed,Cash,184.4,Yes,Good,
DBW01634,2023-10-05,Thursday,Sion,Andheri,10.71,DW013,School,Non-Veg,2.58,46,Delivered,Cash,133.91,Yes,Average,
DBW01635,2022-10-30,Sunday,Churchgate,Vikhroli,7.69,DW113,Corporate,Non-Veg,1.25,46,Delayed,Cash,107.17,Yes,Good,
DBW01636,2023-01-27,Friday,Worli,Ghatkopar,18.73,DW016,Corporate,Non-Veg,1.93,67,Delivered,Monthly-Pre-paid,194.25,No,Poor,
DBW01637,2022-05-01,Sunday,Ghatkopar,Churchgate,17.5,DW133,Hospital,Veg,1.59,52,Delivered,Monthly-Pre-paid,170.72,No,Poor,
DBW01638,2023-03-30,Thursday,Bandra,Churchgate,19.87,DW144,Corporate,Non-Veg,1.85,83,Delivered,Digital,171.01,No,Excellent,
DBW01639,2022-05-14,Saturday,Kurla,Borivali,7.36,DW123,Residential,Mix,2.25,23,Delivered,Digital,86.15,No,Excellent,
DBW01640,2022-07-19,Tuesday,Kurla,Goregaon,17.92,DW119,School,Veg,2.18,61,Delivered,Digital,168.63,Yes,Average,
DBW01641,2023-06-11,Sunday,Andheri,Dadar,6.33,DW072,Corporate,Mix,2.15,28,Delivered,Monthly-Pre-paid,79.13,No,Excellent,
DBW01642,2022-02-06,Sunday,Thane,Andheri,7.2,DW037,Corporate,Mix,2.09,30,Delivered,Digital,69.16,No,Good,
DBW01643,2022-11-23,Wednesday,Sion,Goregaon,18.92,DW148,Hospital,Veg,1.16,56,Delivered,Digital,177.07,No,Excellent,
DBW01644,2023-03-11,Saturday,Andheri,Goregaon,20.63,DW080,Residential,Mix,2.37,63,Delivered,Digital,151.2,No,Good,
DBW01645,2022-04-07,Thursday,Churchgate,Worli,6.74,DW123,School,Non-Veg,1.27,36,Delivered,Cash,79.45,No,Good,
DBW01646,2022-08-04,Thursday,Vikhroli,Chembur,11.44,DW108,Residential,Non-Veg,1.75,50,Delivered,Monthly-Pre-paid,123.39,Yes,Poor,
DBW01647,2022-09-08,Thursday,Vikhroli,Sion,5.83,DW106,Corporate,Veg,1.62,40,Delivered,Monthly-Pre-paid,64.88,Yes,Average,
DBW01648,2023-04-30,Sunday,Borivali,Borivali,0.5,DW053,Hospital,Veg,1.98,12,Delivered,Cash,29.95,Yes,Good,
DBW01649,2023-12-14,Thursday,Vikhroli,Thane,5.39,DW065,Residential,Veg,1.56,34,Delivered,Cash,75.55,Yes,Good,
DBW01650,2023-09-03,Sunday,Bandra,Vikhroli,13.62,DW066,School,Veg,1.72,47,Delivered,Digital,154.17,Yes,Good,
DBW01651,2022-05-19,Thursday,Dadar,Dadar,0.5,DW091,Residential,Non-Veg,2.61,23,Delivered,Monthly-Pre-paid,49.82,No,Excellent,
DBW01652,2022-01-14,Friday,Vikhroli,Vikhroli,0.52,DW108,Residential,Mix,1.15,29,Delivered,Cash,38.75,Yes,Average,
DBW01653,2022-02-07,Monday,Worli,Thane,11.17,DW030,Corporate,Mix,1.8,59,Delivered,Monthly-Pre-paid,118.9,No,Good,
DBW01654,2023-03-11,Saturday,Worli,Borivali,5.87,DW035,Corporate,Veg,1.24,21,Delivered,Cash,82.28,Yes,Average,
DBW01655,2022-04-25,Monday,Churchgate,Andheri,15.88,DW008,School,Non-Veg,2.14,59,Delivered,Cash,184.06,Yes,Excellent,
DBW01656,2022-06-18,Saturday,Worli,Kurla,9.52,DW079,School,Veg,1.44,25,Delivered,Cash,113.71,Yes,Excellent,
DBW01657,2023-09-11,Monday,Kurla,Bandra,11.26,DW101,Residential,Veg,1.82,70,Delayed,Digital,123.99,No,Good,
DBW01658,2023-09-30,Saturday,Goregaon,Andheri,21.83,DW032,School,Non-Veg,1.14,66,Delivered,Digital,220.69,No,Average,
DBW01659,2023-09-05,Tuesday,Andheri,Churchgate,15.8,DW107,Corporate,Veg,2.45,60,Delivered,Digital,157.15,Yes,Good,
DBW01660,2022-07-05,Tuesday,Andheri,Thane,8.67,DW001,Hospital,Mix,1.84,44,Delivered,Digital,86.57,Yes,nan,
DBW01661,2023-03-29,Wednesday,Andheri,Thane,7.98,DW130,Residential,Veg,1.87,36,Delivered,Monthly-Pre-paid,100.73,Yes,Poor,
DBW01662,2023-03-22,Wednesday,Chembur,Chembur,0.5,DW104,Residential,Veg,2.21,22,Delivered,Monthly-Pre-paid,36.56,No,Good,
DBW01663,2022-05-16,Monday,Sion,Vikhroli,5.01,DW103,Residential,Mix,1.17,49,Delivered,Monthly-Pre-paid,66.81,No,Average,
DBW01664,2023-02-09,Thursday,Andheri,Andheri,0.5,DW107,Residential,Veg,1.49,30,Returned,Digital,42.16,Yes,Good,Wrong Address
DBW01665,2023-01-19,Thursday,Thane,Churchgate,11.42,DW054,Hospital,Veg,1.89,44,Delivered,Cash,94.19,Yes,Good,
DBW01666,2022-10-17,Monday,Sion,Lower Parel,17.94,DW150,Corporate,Mix,0.92,75,Delivered,Monthly-Pre-paid,165.4,Yes,Excellent,
DBW01667,2023-07-03,Monday,Vikhroli,Thane,5.6,DW112,Hospital,Mix,0.97,51,Delayed,Monthly-Pre-paid,61.64,No,Poor,
DBW01668,2023-05-10,Wednesday,Chembur,Goregaon,25.54,DW028,Corporate,Mix,1.39,82,Delivered,Monthly-Pre-paid,222.7,No,Good,
DBW01669,2023-01-24,Tuesday,Worli,Worli,1.38,DW139,Corporate,Non-Veg,1.23,38,Delayed,Monthly-Pre-paid,38.77,No,Poor,
DBW01670,2023-06-14,Wednesday,Worli,Sion,6.19,DW111,Residential,Non-Veg,1.63,42,Delivered,Cash,65.84,Yes,Good,
DBW01671,2023-07-12,Wednesday,Churchgate,Malad,17.27,DW047,Residential,Mix,2.06,64,Delivered,Digital,193.32,Yes,Excellent,
DBW01672,2023-02-18,Saturday,Sion,Ghatkopar,19.45,DW143,Hospital,Mix,2.17,53,Delivered,Monthly-Pre-paid,192.34,No,Excellent,
DBW01673,2022-07-15,Friday,Bandra,Lower Parel,8.48,DW038,Corporate,Non-Veg,2.7,40,Delivered,Monthly-Pre-paid,85.94,No,Excellent,
DBW01674,2023-07-08,Saturday,Bandra,Borivali,18.61,DW097,Corporate,Veg,1.79,57,Delivered,Cash,152.76,No,Average,
DBW01675,2023-06-08,Thursday,Goregaon,Lower Parel,10.15,DW101,Residential,Mix,1.88,46,Delivered,Monthly-Pre-paid,102.46,No,Excellent,
DBW01676,2023-12-19,Tuesday,Borivali,Andheri,11.36,DW145,Hospital,Mix,1.79,52,Delivered,Cash,115.92,No,Poor,
DBW01677,2022-04-20,Wednesday,Thane,Dadar,9.69,DW086,School,Mix,1.96,46,Delivered,Digital,98.03,No,Average,
DBW01678,2022-11-03,Thursday,Thane,Goregaon,19.31,DW150,Hospital,Non-Veg,2.0,71,Delivered,Monthly-Pre-paid,222.62,Yes,Good,
DBW01679,2023-11-06,Monday,Sion,Malad,12.98,DW043,Residential,Non-Veg,2.26,54,Delivered,Cash,109.0,No,Good,
DBW01680,2023-01-11,Wednesday,Worli,Malad,14.11,DW121,Hospital,Mix,2.26,52,Delivered,Cash,143.68,No,nan,
DBW01681,2023-11-20,Monday,Dadar,Bandra,7.33,DW037,Corporate,Non-Veg,2.06,51,Delivered,Monthly-Pre-paid,86.66,No,Excellent,
DBW01682,2022-01-10,Monday,Bandra,Bandra,0.5,DW150,School,Mix,2.56,51,Delayed,Monthly-Pre-paid,30.26,No,Good,
DBW01683,2022-01-26,Wednesday,Kurla,Chembur,7.51,DW115,Residential,Mix,1.81,45,Delivered,Cash,60.96,Yes,Good,
DBW01684,2023-08-05,Saturday,Andheri,Goregaon,19.89,DW094,Corporate,Veg,1.49,64,Delivered,Monthly-Pre-paid,188.45,No,nan,
DBW01685,2022-09-19,Monday,Chembur,Churchgate,19.63,DW010,Residential,Veg,1.58,62,Delivered,Digital,189.78,No,nan,
DBW01686,2023-01-15,Sunday,Andheri,Bandra,9.61,DW075,Residential,Veg,1.75,36,Delivered,Monthly-Pre-paid,117.55,No,Poor,
DBW01687,2022-11-09,Wednesday,Churchgate,Ghatkopar,16.76,DW022,Corporate,Non-Veg,1.26,66,Delivered,Digital,171.36,No,Good,
DBW01688,2022-10-25,Tuesday,Andheri,Dadar,6.97,DW138,Corporate,Mix,1.49,33,Delivered,Digital,104.01,No,Poor,
DBW01689,2023-11-17,Friday,Borivali,Lower Parel,17.54,DW057,Residential,Mix,1.23,62,Delivered,Cash,139.6,Yes,Good,
DBW01690,2022-03-10,Thursday,Goregaon,Andheri,20.98,DW125,School,Veg,1.97,62,Delivered,Digital,194.32,No,Average,
DBW01691,2023-07-18,Tuesday,Malad,Thane,6.89,DW136,Residential,Veg,1.98,60,Delayed,Digital,122.73,No,nan,
DBW01692,2023-10-12,Thursday,Chembur,Churchgate,19.46,DW017,Corporate,Mix,0.92,68,Delivered,Digital,201.6,No,Excellent,
DBW01693,2023-04-25,Tuesday,Dadar,Andheri,6.37,DW114,Residential,Veg,1.47,37,Delivered,Cash,59.19,No,Poor,
DBW01694,2022-10-16,Sunday,Bandra,Lower Parel,8.82,DW046,Corporate,Non-Veg,2.71,30,Delivered,Digital,101.91,No,Good,
DBW01695,2022-04-27,Wednesday,Andheri,Churchgate,14.78,DW017,Corporate,Veg,2.11,63,Delivered,Cash,132.49,Yes,Poor,
DBW01696,2023-05-14,Sunday,Bandra,Sion,16.14,DW040,Corporate,Veg,2.03,47,Delivered,Monthly-Pre-paid,152.67,No,Good,
DBW01697,2022-12-09,Friday,Chembur,Vikhroli,11.2,DW083,Residential,Non-Veg,1.47,49,Delivered,Digital,149.58,No,Excellent,
DBW01698,2022-04-20,Wednesday,Lower Parel,Lower Parel,0.5,DW129,Corporate,Mix,1.94,19,Delivered,Digital,48.38,Yes,Average,
DBW01699,2022-09-20,Tuesday,Churchgate,Dadar,11.93,DW104,Corporate,Mix,1.79,47,Delivered,Monthly-Pre-paid,102.65,No,Excellent,
DBW01700,2023-12-03,Sunday,Worli,Goregaon,14.53,DW035,Corporate,Non-Veg,1.4,39,Delivered,Digital,134.8,No,Excellent,
DBW01701,2022-07-13,Wednesday,Chembur,Dadar,11.14,DW045,Residential,Non-Veg,1.55,38,Delivered,Monthly-Pre-paid,119.14,No,Excellent,
DBW01702,2022-05-11,Wednesday,Sion,Goregaon,19.23,DW046,Corporate,Mix,1.56,65,Delivered,Monthly-Pre-paid,179.87,No,Poor,
DBW01703,2023-05-13,Saturday,Chembur,Kurla,8.52,DW111,Corporate,Non-Veg,1.06,32,Delivered,Monthly-Pre-paid,102.84,Yes,Poor,
DBW01704,2022-05-26,Thursday,Worli,Dadar,12.88,DW078,Residential,Veg,1.14,54,Delivered,Digital,121.41,No,Good,
DBW01705,2023-11-03,Friday,Goregaon,Vikhroli,14.48,DW004,Residential,Mix,1.7,44,Delivered,Digital,140.34,No,Good,
DBW01706,2023-09-20,Wednesday,Dadar,Bandra,7.49,DW012,Hospital,Veg,1.38,34,Delivered,Monthly-Pre-paid,78.17,No,Good,
DBW01707,2023-12-19,Tuesday,Kurla,Sion,5.05,DW012,Residential,Veg,1.65,33,Delivered,Digital,64.9,Yes,Excellent,
DBW01708,2023-10-29,Sunday,Dadar,Sion,10.26,DW145,Residential,Veg,1.0,32,Delivered,Cash,122.68,Yes,Excellent,
DBW01709,2022-06-27,Monday,Sion,Worli,6.7,DW076,Hospital,Non-Veg,2.2,34,Delivered,Digital,88.03,No,Poor,
DBW01710,2022-06-04,Saturday,Andheri,Ghatkopar,13.22,DW074,Residential,Veg,2.84,49,Delivered,Cash,125.22,Yes,Excellent,
DBW01711,2022-09-08,Thursday,Lower Parel,Borivali,17.39,DW115,Residential,Non-Veg,2.31,84,Delayed,Monthly-Pre-paid,186.1,No,Excellent,
DBW01712,2022-12-09,Friday,Lower Parel,Dadar,6.74,DW029,Corporate,Non-Veg,2.37,21,Delivered,Digital,99.89,Yes,Excellent,
DBW01713,2023-10-05,Thursday,Dadar,Thane,11.74,DW005,Corporate,Veg,2.11,42,Delivered,Cash,123.93,No,nan,
DBW01714,2023-06-20,Tuesday,Kurla,Lower Parel,9.98,DW041,Corporate,Non-Veg,1.93,36,Delivered,Digital,105.94,No,Good,
DBW01715,2023-04-16,Sunday,Ghatkopar,Ghatkopar,0.5,DW032,Corporate,Non-Veg,1.84,16,Delivered,Cash,60.44,No,Average,
DBW01716,2023-10-04,Wednesday,Sion,Worli,8.03,DW120,School,Veg,1.34,35,Delivered,Monthly-Pre-paid,118.32,No,Excellent,
DBW01717,2023-04-17,Monday,Bandra,Vikhroli,12.99,DW123,Corporate,Mix,2.15,54,Delivered,Digital,111.2,No,Good,
DBW01718,2022-10-04,Tuesday,Bandra,Lower Parel,9.48,DW096,Residential,Mix,2.12,41,Delivered,Cash,123.75,No,Average,
DBW01719,2022-10-29,Saturday,Sion,Lower Parel,15.81,DW137,School,Mix,1.57,62,Delayed,Digital,182.31,No,Excellent,
DBW01720,2023-01-13,Friday,Churchgate,Churchgate,0.5,DW070,Residential,Veg,2.06,31,Delivered,Cash,43.85,No,Good,
DBW01721,2022-03-06,Sunday,Borivali,Worli,5.8,DW037,Corporate,Non-Veg,1.45,24,Delivered,Digital,69.43,No,Good,
DBW01722,2023-06-26,Monday,Chembur,Lower Parel,16.82,DW050,School,Non-Veg,1.48,65,Delivered,Monthly-Pre-paid,159.4,No,Poor,
DBW01723,2023-04-22,Saturday,Kurla,Kurla,0.5,DW022,Corporate,Veg,2.19,19,Delivered,Digital,59.66,No,Average,
DBW01724,2023-06-18,Sunday,Borivali,Malad,12.35,DW136,Corporate,Mix,2.02,42,Delivered,Digital,141.34,No,Poor,
DBW01725,2023-01-25,Wednesday,Malad,Dadar,6.65,DW091,Corporate,Non-Veg,1.68,34,Delivered,Digital,91.42,Yes,Good,
DBW01726,2023-07-26,Wednesday,Bandra,Churchgate,18.62,DW116,Corporate,Non-Veg,1.63,45,Delivered,Digital,213.93,No,Good,
DBW01727,2023-11-25,Saturday,Borivali,Churchgate,9.86,DW043,Hospital,Mix,1.89,33,Delivered,Cash,93.74,No,Good,
DBW01728,2023-02-21,Tuesday,Dadar,Worli,14.67,DW108,Corporate,Veg,0.88,49,Delivered,Cash,146.04,Yes,Good,
DBW01729,2022-11-21,Monday,Lower Parel,Sion,15.17,DW050,Hospital,Non-Veg,1.42,72,Returned,Monthly-Pre-paid,154.2,Yes,Good,Damaged
DBW01730,2022-03-18,Friday,Goregaon,Chembur,23.12,DW067,Corporate,Mix,1.17,67,Delivered,Monthly-Pre-paid,211.79,No,Excellent,
DBW01731,2023-07-23,Sunday,Vikhroli,Worli,6.3,DW098,School,Mix,1.81,47,Delayed,Cash,52.79,Yes,Excellent,
DBW01732,2023-10-22,Sunday,Worli,Dadar,14.49,DW148,Corporate,Non-Veg,2.34,41,Delivered,Monthly-Pre-paid,160.98,No,nan,
DBW01733,2023-05-26,Friday,Worli,Worli,0.5,DW084,School,Non-Veg,2.04,21,Delivered,Cash,22.73,No,nan,
DBW01734,2023-09-24,Sunday,Vikhroli,Chembur,11.92,DW107,Corporate,Veg,1.54,33,Delivered,Digital,113.81,No,Poor,
DBW01735,2023-09-21,Thursday,Borivali,Bandra,18.47,DW090,Hospital,Veg,1.45,62,Returned,Monthly-Pre-paid,172.35,Yes,Excellent,Wrong Address
DBW01736,2023-08-06,Sunday,Lower Parel,Borivali,15.34,DW064,Hospital,Veg,1.42,34,Delivered,Cash,149.29,Yes,Excellent,
DBW01737,2023-01-03,Tuesday,Ghatkopar,Chembur,20.42,DW140,Residential,Mix,2.8,75,Delivered,Monthly-Pre-paid,191.58,No,Excellent,
DBW01738,2022-03-14,Monday,Andheri,Andheri,0.5,DW145,Corporate,Mix,1.83,36,Delivered,Monthly-Pre-paid,48.46,Yes,Poor,
DBW01739,2022-01-03,Monday,Bandra,Bandra,0.5,DW047,Residential,Veg,1.9,31,Delivered,Digital,51.53,No,Excellent,
DBW01740,2022-05-30,Monday,Chembur,Vikhroli,9.58,DW135,Residential,Veg,0.74,43,Delivered,Monthly-Pre-paid,102.73,No,Excellent,
DBW01741,2022-11-11,Friday,Ghatkopar,Chembur,18.94,DW068,Residential,Non-Veg,1.21,62,Delivered,Cash,172.52,No,Average,
DBW01742,2023-06-27,Tuesday,Dadar,Bandra,7.83,DW111,Residential,Mix,1.78,71,Delayed,Digital,90.75,No,Good,
DBW01743,2022-11-29,Tuesday,Kurla,Dadar,5.63,DW078,School,Non-Veg,1.55,24,Delivered,Cash,61.66,No,Average,
DBW01744,2022-01-17,Monday,Lower Parel,Vikhroli,11.91,DW116,School,Veg,1.87,48,Delivered,Digital,124.84,Yes,Good,
DBW01745,2022-06-03,Friday,Ghatkopar,Worli,16.91,DW131,Residential,Non-Veg,1.86,69,Delivered,Cash,151.07,No,Good,
DBW01746,2023-12-16,Saturday,Churchgate,Sion,9.1,DW064,Corporate,Veg,2.1,29,Delivered,Digital,134.71,No,Poor,
DBW01747,2023-12-23,Saturday,Kurla,Churchgate,10.77,DW106,Corporate,Non-Veg,0.87,31,Delivered,Monthly-Pre-paid,118.04,No,Excellent,
DBW01748,2022-10-03,Monday,Churchgate,Dadar,14.86,DW077,Residential,Mix,1.25,73,Delivered,Cash,140.78,No,Excellent,
DBW01749,2023-08-11,Friday,Vikhroli,Ghatkopar,13.12,DW120,School,Veg,1.75,62,Delivered,Monthly-Pre-paid,145.51,Yes,Good,
DBW01750,2023-06-10,Saturday,Goregaon,Lower Parel,10.24,DW029,Corporate,Mix,1.48,21,Delivered,Monthly-Pre-paid,93.4,No,Good,
DBW01751,2023-11-11,Saturday,Andheri,Sion,12.0,DW110,Corporate,Non-Veg,1.64,32,Delivered,Cash,115.29,No,Good,
DBW01752,2023-10-10,Tuesday,Sion,Chembur,10.31,DW090,Corporate,Veg,1.85,50,Delivered,Monthly-Pre-paid,118.88,No,Good,
DBW01753,2023-04-04,Tuesday,Lower Parel,Goregaon,9.19,DW068,Corporate,Veg,1.43,35,Delivered,Cash,105.56,Yes,Good,
DBW01754,2022-10-16,Sunday,Borivali,Borivali,0.5,DW056,School,Veg,1.9,15,Delivered,Digital,49.73,No,Good,
DBW01755,2023-04-03,Monday,Ghatkopar,Malad,13.75,DW106,Residential,Mix,2.07,71,Delayed,Digital,99.09,Yes,nan,
DBW01756,2022-08-21,Sunday,Goregaon,Worli,13.03,DW053,Corporate,Mix,1.83,54,Delivered,Monthly-Pre-paid,146.54,No,Excellent,
DBW01757,2022-09-12,Monday,Ghatkopar,Bandra,9.5,DW005,Corporate,Non-Veg,2.16,48,Delivered,Digital,97.89,No,nan,
DBW01758,2023-03-21,Tuesday,Borivali,Bandra,19.32,DW143,Corporate,Non-Veg,0.71,75,Delivered,Digital,166.97,No,Good,
DBW01759,2023-02-22,Wednesday,Kurla,Goregaon,16.42,DW068,Residential,Non-Veg,1.51,54,Delivered,Digital,135.55,Yes,Excellent,
DBW01760,2023-03-01,Wednesday,Sion,Churchgate,9.77,DW025,Residential,Non-Veg,2.25,53,Delivered,Monthly-Pre-paid,99.84,No,Excellent,
DBW01761,2022-10-08,Saturday,Dadar,Goregaon,15.37,DW034,Corporate,Non-Veg,1.37,45,Delivered,Monthly-Pre-paid,176.84,No,Good,
DBW01762,2022-10-26,Wednesday,Bandra,Borivali,19.57,DW125,Corporate,Veg,1.3,64,Delivered,Cash,201.06,Yes,Average,
DBW01763,2022-01-08,Saturday,Chembur,Malad,3.72,DW050,Hospital,Mix,1.74,26,Delivered,Cash,84.31,No,Good,
DBW01764,2023-03-16,Thursday,Malad,Andheri,2.55,DW043,Hospital,Mix,1.79,33,Delivered,Monthly-Pre-paid,48.73,Yes,Good,
DBW01765,2023-02-25,Saturday,Chembur,Chembur,1.32,DW074,Residential,Mix,1.53,28,Delivered,Cash,42.13,No,Good,
DBW01766,2023-11-14,Tuesday,Bandra,Dadar,7.5,DW005,Residential,Veg,2.72,42,Delivered,Cash,66.33,No,Average,
DBW01767,2023-01-04,Wednesday,Malad,Churchgate,16.0,DW085,School,Non-Veg,1.94,55,Delivered,Cash,134.34,No,Poor,
DBW01768,2022-12-08,Thursday,Sion,Kurla,4.58,DW007,Residential,Veg,1.35,32,Delivered,Cash,64.43,Yes,Good,
DBW01769,2022-02-19,Saturday,Worli,Bandra,20.43,DW126,School,Non-Veg,1.08,55,Delivered,Cash,172.79,No,Average,
DBW01770,2022-05-24,Tuesday,Goregaon,Goregaon,0.5,DW065,Corporate,Veg,2.0,41,Delayed,Digital,21.14,No,Excellent,
DBW01771,2022-09-04,Sunday,Lower Parel,Bandra,7.87,DW033,Corporate,Non-Veg,1.34,22,Delivered,Digital,93.61,No,Good,
DBW01772,2022-10-03,Monday,Borivali,Goregaon,17.83,DW069,Corporate,Veg,2.88,84,Delayed,Cash,191.71,No,Average,
DBW01773,2022-09-22,Thursday,Vikhroli,Malad,10.26,DW027,Hospital,Non-Veg,2.01,42,Delivered,Digital,112.26,Yes,Poor,
DBW01774,2022-10-15,Saturday,Goregaon,Sion,18.46,DW049,Residential,Non-Veg,2.08,54,Delivered,Cash,157.25,Yes,Good,
DBW01775,2023-07-16,Sunday,Churchgate,Bandra,18.94,DW020,Corporate,Non-Veg,1.92,52,Delivered,Digital,154.2,No,Good,
DBW01776,2022-04-06,Wednesday,Kurla,Lower Parel,11.31,DW101,School,Non-Veg,2.36,48,Delivered,Monthly-Pre-paid,122.24,No,Excellent,
DBW01777,2022-08-31,Wednesday,Kurla,Thane,4.09,DW147,School,Mix,0.6,31,Delivered,Digital,53.32,Yes,Good,
DBW01778,2022-04-29,Friday,Malad,Andheri,0.87,DW073,Corporate,Non-Veg,1.2,26,Delivered,Cash,38.67,No,Average,
DBW01779,2022-08-13,Saturday,Sion,Sion,0.5,DW015,Residential,Veg,2.32,8,Delivered,Monthly-Pre-paid,30.94,Yes,Average,
DBW01780,2023-05-15,Monday,Lower Parel,Andheri,13.62,DW012,Residential,Non-Veg,2.55,56,Delivered,Monthly-Pre-paid,137.88,Yes,Excellent,
DBW01781,2022-02-04,Friday,Chembur,Worli,18.26,DW125,Corporate,Non-Veg,1.18,63,Delivered,Monthly-Pre-paid,194.14,No,nan,
DBW01782,2022-09-05,Monday,Ghatkopar,Andheri,13.09,DW053,Residential,Veg,0.89,55,Delivered,Cash,150.49,Yes,nan,
DBW01783,2022-01-18,Tuesday,Kurla,Chembur,8.37,DW045,Corporate,Non-Veg,1.88,35,Delivered,Cash,102.48,Yes,Excellent,
DBW01784,2023-11-29,Wednesday,Andheri,Worli,15.32,DW016,Hospital,Mix,2.04,57,Delivered,Digital,139.12,No,Excellent,
DBW01785,2023-06-15,Thursday,Chembur,Goregaon,24.32,DW100,Hospital,Non-Veg,1.87,77,Delivered,Cash,216.26,Yes,Good,
DBW01786,2022-06-27,Monday,Chembur,Borivali,13.0,DW010,Hospital,Non-Veg,1.77,51,Delivered,Digital,145.46,Yes,nan,
DBW01787,2022-05-25,Wednesday,Bandra,Thane,16.77,DW136,Residential,Mix,0.87,67,Delivered,Cash,183.68,No,Good,
DBW01788,2022-03-14,Monday,Chembur,Lower Parel,19.52,DW032,Corporate,Veg,1.61,73,Delivered,Digital,167.03,Yes,Good,
DBW01789,2022-12-12,Monday,Kurla,Lower Parel,12.53,DW011,Corporate,Mix,1.69,50,Delivered,Monthly-Pre-paid,153.12,No,Poor,
DBW01790,2023-07-05,Wednesday,Malad,Ghatkopar,15.13,DW106,Residential,Veg,1.53,58,Delivered,Digital,139.31,No,Excellent,
DBW01791,2023-03-03,Friday,Goregaon,Churchgate,9.11,DW054,Corporate,Non-Veg,0.84,44,Delivered,Monthly-Pre-paid,112.95,No,nan,
DBW01792,2023-10-06,Friday,Andheri,Churchgate,14.61,DW105,Residential,Non-Veg,2.09,52,Delivered,Digital,188.9,No,Poor,
DBW01793,2022-09-08,Thursday,Thane,Kurla,5.13,DW006,Corporate,Veg,2.23,33,Delivered,Digital,47.23,Yes,Good,
DBW01794,2022-07-23,Saturday,Worli,Malad,15.63,DW130,Corporate,Mix,1.4,42,Delivered,Cash,162.59,No,Average,
DBW01795,2022-12-15,Thursday,Borivali,Vikhroli,5.84,DW047,Residential,Veg,1.71,38,Delivered,Cash,71.98,No,Average,
DBW01796,2022-05-28,Saturday,Sion,Borivali,1.79,DW114,Residential,Non-Veg,1.55,18,Delivered,Cash,51.03,Yes,Good,
DBW01797,2023-12-14,Thursday,Malad,Kurla,4.86,DW141,Residential,Non-Veg,1.56,31,Delivered,Cash,59.61,Yes,Average,
DBW01798,2022-05-16,Monday,Ghatkopar,Andheri,13.29,DW081,Residential,Mix,2.05,59,Delivered,Digital,99.17,No,Good,
DBW01799,2022-12-16,Friday,Vikhroli,Chembur,12.67,DW051,Corporate,Veg,2.06,48,Delivered,Cash,120.09,No,Poor,
DBW01800,2023-01-17,Tuesday,Ghatkopar,Goregaon,12.82,DW047,Residential,Veg,2.34,49,Delivered,Digital,137.77,No,Average,
DBW01801,2022-02-11,Friday,Sion,Sion,0.5,DW103,Residential,Non-Veg,2.33,40,Delivered,Cash,54.24,Yes,nan,
DBW01802,2022-12-08,Thursday,Ghatkopar,Dadar,8.68,DW001,Residential,Mix,1.71,56,Delivered,Digital,105.53,Yes,Average,
DBW01803,2022-11-28,Monday,Thane,Thane,1.09,DW023,Corporate,Mix,3.22,28,Delivered,Cash,60.78,No,nan,
DBW01804,2022-07-09,Saturday,Kurla,Chembur,9.08,DW098,Residential,Veg,2.57,36,Delivered,Cash,95.25,No,Excellent,
DBW01805,2022-04-04,Monday,Thane,Bandra,14.33,DW004,Corporate,Non-Veg,1.47,53,Delivered,Digital,136.02,No,Good,
DBW01806,2022-02-02,Wednesday,Bandra,Bandra,1.63,DW044,Residential,Veg,1.86,19,Delivered,Monthly-Pre-paid,48.22,No,Good,
DBW01807,2022-01-07,Friday,Lower Parel,Kurla,13.07,DW098,Corporate,Mix,0.81,57,Delivered,Digital,128.9,No,Excellent,
DBW01808,2022-12-18,Sunday,Chembur,Worli,17.02,DW038,Hospital,Non-Veg,1.81,40,Delivered,Cash,183.0,Yes,Poor,
DBW01809,2022-03-07,Monday,Churchgate,Churchgate,0.5,DW140,Hospital,Non-Veg,2.64,24,Delivered,Monthly-Pre-paid,12.92,No,Excellent,
DBW01810,2023-12-02,Saturday,Dadar,Chembur,12.04,DW147,Residential,Veg,3.19,47,Delivered,Monthly-Pre-paid,139.28,No,Good,
DBW01811,2022-06-28,Tuesday,Chembur,Andheri,5.77,DW006,Hospital,Non-Veg,1.74,34,Delivered,Monthly-Pre-paid,94.27,Yes,Good,
DBW01812,2023-04-22,Saturday,Bandra,Kurla,11.12,DW027,Residential,Non-Veg,1.97,37,Delivered,Cash,124.47,No,Poor,
DBW01813,2023-05-07,Sunday,Churchgate,Worli,3.91,DW137,Corporate,Veg,2.1,29,Delayed,Cash,74.96,No,Good,
DBW01814,2022-12-28,Wednesday,Kurla,Thane,6.92,DW005,Residential,Veg,2.79,37,Delivered,Monthly-Pre-paid,75.63,No,nan,
DBW01815,2023-10-08,Sunday,Sion,Kurla,5.62,DW073,School,Mix,1.31,31,Delivered,Monthly-Pre-paid,62.46,Yes,Good,
DBW01816,2022-03-22,Tuesday,Malad,Kurla,5.37,DW143,Corporate,Mix,3.13,44,Delivered,Digital,78.2,No,Excellent,
DBW01817,2022-06-20,Monday,Chembur,Kurla,7.14,DW089,Corporate,Non-Veg,1.64,36,Delivered,Digital,76.28,No,Good,
DBW01818,2022-07-04,Monday,Vikhroli,Goregaon,15.79,DW046,Residential,Mix,1.21,62,Delivered,Digital,160.85,Yes,Poor,
DBW01819,2022-04-09,Saturday,Bandra,Andheri,9.74,DW001,Corporate,Mix,1.64,43,Delivered,Monthly-Pre-paid,112.41,No,Excellent,
DBW01820,2022-08-04,Thursday,Kurla,Dadar,7.76,DW060,Residential,Non-Veg,1.4,37,Delivered,Cash,91.04,No,Excellent,
DBW01821,2022-08-17,Wednesday,Ghatkopar,Sion,19.65,DW082,Residential,Veg,2.01,92,Delayed,Monthly-Pre-paid,191.42,Yes,Good,
DBW01822,2023-07-13,Thursday,Chembur,Thane,8.55,DW013,Residential,Non-Veg,0.97,34,Delivered,Monthly-Pre-paid,107.95,Yes,Good,
DBW01823,2022-08-09,Tuesday,Borivali,Lower Parel,15.42,DW080,Corporate,Mix,1.87,49,Delivered,Cash,151.86,No,Good,
DBW01824,2023-10-02,Monday,Chembur,Andheri,5.46,DW061,Corporate,Veg,2.13,36,Delivered,Cash,66.49,No,Excellent,
DBW01825,2023-07-19,Wednesday,Kurla,Vikhroli,3.3,DW049,Hospital,Non-Veg,2.54,35,Delayed,Cash,68.72,No,Good,
DBW01826,2023-10-21,Saturday,Kurla,Andheri,7.23,DW146,Corporate,Mix,2.14,29,Delivered,Monthly-Pre-paid,91.95,Yes,Average,
DBW01827,2022-03-18,Friday,Worli,Sion,6.92,DW135,Residential,Non-Veg,2.51,41,Delivered,Cash,92.1,Yes,Good,
DBW01828,2023-12-20,Wednesday,Dadar,Thane,9.39,DW105,Corporate,Non-Veg,1.5,57,Delayed,Cash,113.89,No,Good,
DBW01829,2023-03-25,Saturday,Vikhroli,Churchgate,8.0,DW089,Corporate,Veg,2.0,34,Delivered,Digital,96.21,Yes,nan,
DBW01830,2023-12-19,Tuesday,Dadar,Thane,8.34,DW072,Residential,Non-Veg,0.69,41,Delivered,Digital,91.58,No,Average,
DBW01831,2022-09-17,Saturday,Ghatkopar,Kurla,12.41,DW011,Corporate,Veg,1.74,42,Delivered,Cash,120.04,Yes,Poor,
DBW01832,2023-11-27,Monday,Worli,Malad,16.78,DW047,Residential,Veg,1.99,71,Delivered,Monthly-Pre-paid,162.91,No,Good,
DBW01833,2023-03-06,Monday,Sion,Malad,10.49,DW002,Residential,Non-Veg,2.04,50,Delivered,Digital,121.15,No,Good,
DBW01834,2022-02-22,Tuesday,Chembur,Dadar,10.73,DW055,Hospital,Veg,1.01,45,Delivered,Digital,123.74,No,Good,
DBW01835,2022-10-27,Thursday,Malad,Borivali,12.67,DW072,Hospital,Non-Veg,1.6,54,Delivered,Digital,133.49,Yes,Good,
DBW01836,2022-04-11,Monday,Vikhroli,Andheri,9.97,DW092,Corporate,Non-Veg,1.67,48,Delivered,Digital,115.03,No,Excellent,
DBW01837,2023-11-19,Sunday,Dadar,Churchgate,13.65,DW054,Corporate,Non-Veg,1.59,47,Delayed,Monthly-Pre-paid,122.61,Yes,Good,
DBW01838,2022-08-11,Thursday,Andheri,Worli,17.61,DW039,Hospital,Mix,2.16,60,Delivered,Monthly-Pre-paid,163.92,Yes,Good,
DBW01839,2022-06-12,Sunday,Thane,Bandra,16.3,DW107,Corporate,Non-Veg,1.69,51,Delivered,Digital,170.45,No,Good,
DBW01840,2023-02-08,Wednesday,Sion,Vikhroli,5.43,DW023,Corporate,Mix,1.85,33,Delivered,Digital,60.95,No,Excellent,
DBW01841,2022-11-07,Monday,Chembur,Andheri,5.53,DW019,Corporate,Non-Veg,1.56,57,Delayed,Cash,76.38,No,Excellent,
DBW01842,2022-03-12,Saturday,Lower Parel,Thane,14.57,DW105,Residential,Mix,2.33,46,Delivered,Cash,147.33,Yes,Good,
DBW01843,2023-08-20,Sunday,Kurla,Ghatkopar,15.69,DW088,Corporate,Mix,2.37,64,Delayed,Monthly-Pre-paid,153.8,No,Good,
DBW01844,2023-09-10,Sunday,Malad,Thane,5.0,DW131,Corporate,Non-Veg,1.65,41,Delayed,Digital,80.15,Yes,Good,
DBW01845,2023-06-27,Tuesday,Ghatkopar,Vikhroli,13.7,DW111,Residential,Mix,3.23,77,Returned,Cash,143.0,No,Average,Damaged
DBW01846,2023-03-27,Monday,Dadar,Sion,11.73,DW136,Residential,Non-Veg,1.42,60,Delivered,Monthly-Pre-paid,105.88,Yes,Good,
DBW01847,2022-10-21,Friday,Worli,Sion,5.81,DW100,Corporate,Mix,2.3,37,Delivered,Monthly-Pre-paid,84.2,No,Excellent,
DBW01848,2023-01-31,Tuesday,Malad,Chembur,3.83,DW127,Residential,Mix,1.32,24,Delivered,Cash,53.02,No,Excellent,
DBW01849,2023-01-16,Monday,Borivali,Vikhroli,7.17,DW026,Residential,Non-Veg,2.19,32,Delivered,Cash,66.9,Yes,Average,
DBW01850,2022-05-01,Sunday,Lower Parel,Dadar,8.25,DW080,Corporate,Veg,2.15,30,Delivered,Digital,107.16,No,Good,
DBW01851,2022-03-01,Tuesday,Worli,Lower Parel,14.8,DW142,Corporate,Mix,1.29,52,Delivered,Monthly-Pre-paid,130.62,No,Good,
DBW01852,2022-07-04,Monday,Vikhroli,Ghatkopar,13.82,DW119,Corporate,Non-Veg,1.73,49,Delivered,Cash,135.2,No,Excellent,
DBW01853,2022-11-28,Monday,Lower Parel,Dadar,5.87,DW061,Corporate,Mix,2.73,38,Delivered,Cash,81.38,No,nan,
DBW01854,2022-04-28,Thursday,Vikhroli,Lower Parel,11.8,DW139,Hospital,Mix,1.39,43,Delivered,Monthly-Pre-paid,123.29,Yes,Good,
DBW01855,2022-03-19,Saturday,Thane,Chembur,7.05,DW047,Corporate,Veg,2.0,31,Delivered,Monthly-Pre-paid,77.04,Yes,Excellent,
DBW01856,2023-09-14,Thursday,Kurla,Malad,4.14,DW004,School,Veg,1.97,30,Delivered,Digital,48.22,Yes,Average,
DBW01857,2022-10-01,Saturday,Churchgate,Churchgate,0.5,DW120,Corporate,Mix,1.78,22,Delivered,Digital,22.6,No,Good,
DBW01858,2023-03-03,Friday,Ghatkopar,Worli,19.68,DW062,Corporate,Veg,0.93,77,Delivered,Digital,171.26,Yes,Good,
DBW01859,2023-01-18,Wednesday,Churchgate,Borivali,9.79,DW006,Residential,Mix,2.21,47,Delivered,Cash,106.42,No,Poor,
DBW01860,2023-06-21,Wednesday,Malad,Goregaon,20.94,DW031,Hospital,Non-Veg,1.81,62,Delivered,Monthly-Pre-paid,189.31,No,nan,
DBW01861,2023-06-25,Sunday,Andheri,Bandra,8.52,DW011,Corporate,Mix,2.35,37,Delivered,Digital,77.44,No,Good,
DBW01862,2022-08-05,Friday,Chembur,Lower Parel,20.1,DW150,Corporate,Non-Veg,1.92,86,Delivered,Monthly-Pre-paid,186.5,Yes,Average,
DBW01863,2023-09-11,Monday,Thane,Sion,3.75,DW128,Residential,Veg,1.83,30,Delivered,Monthly-Pre-paid,50.36,No,Good,
DBW01864,2022-09-29,Thursday,Vikhroli,Bandra,14.6,DW140,Corporate,Veg,1.99,59,Delivered,Cash,150.83,Yes,Average,
DBW01865,2023-09-02,Saturday,Lower Parel,Goregaon,9.02,DW028,Residential,Mix,1.31,32,Delivered,Monthly-Pre-paid,107.63,No,Average,
DBW01866,2022-10-23,Sunday,Chembur,Vikhroli,11.82,DW121,Hospital,Veg,2.58,44,Delivered,Cash,144.67,Yes,Average,
DBW01867,2022-03-23,Wednesday,Bandra,Worli,19.3,DW085,Corporate,Veg,1.61,65,Delivered,Cash,194.11,Yes,Excellent,
DBW01868,2023-07-09,Sunday,Borivali,Bandra,18.33,DW045,Hospital,Veg,1.62,44,Delivered,Digital,160.33,No,Excellent,
DBW01869,2022-01-23,Sunday,Andheri,Bandra,7.68,DW101,Corporate,Non-Veg,2.45,20,Delivered,Cash,58.85,Yes,Average,
DBW01870,2023-07-18,Tuesday,Chembur,Andheri,4.69,DW143,Hospital,Mix,1.92,31,Delivered,Digital,44.72,Yes,Good,
DBW01871,2022-02-01,Tuesday,Churchgate,Borivali,10.08,DW070,School,Mix,1.68,43,Delivered,Monthly-Pre-paid,103.08,Yes,nan,
DBW01872,2022-05-31,Tuesday,Lower Parel,Bandra,9.03,DW005,Residential,Mix,2.01,47,Delivered,Cash,78.09,Yes,Excellent,
DBW01873,2023-03-17,Friday,Sion,Borivali,1.83,DW127,School,Mix,2.11,33,Delivered,Digital,35.39,No,nan,
DBW01874,2023-11-19,Sunday,Dadar,Malad,8.38,DW029,Hospital,Mix,1.74,17,Delivered,Digital,97.55,Yes,Excellent,
DBW01875,2022-10-26,Wednesday,Worli,Malad,15.92,DW028,Corporate,Non-Veg,2.26,52,Delivered,Cash,148.91,Yes,Excellent,
DBW01876,2022-03-30,Wednesday,Andheri,Vikhroli,9.56,DW093,Corporate,Mix,1.16,45,Delivered,Cash,110.7,No,Poor,
DBW01877,2022-06-20,Monday,Sion,Andheri,11.47,DW120,Corporate,Non-Veg,1.93,69,Returned,Monthly-Pre-paid,112.63,Yes,Good,Customer Unavailable
DBW01878,2023-10-17,Tuesday,Chembur,Churchgate,19.08,DW119,Residential,Veg,2.2,63,Delivered,Cash,171.24,Yes,Good,
DBW01879,2023-06-15,Thursday,Thane,Malad,8.19,DW131,Residential,Veg,2.11,42,Delivered,Digital,121.15,Yes,Good,
DBW01880,2022-03-15,Tuesday,Churchgate,Worli,5.98,DW133,Residential,Veg,0.68,32,Delivered,Cash,77.35,No,Good,
DBW01881,2022-10-08,Saturday,Dadar,Lower Parel,6.51,DW020,Residential,Non-Veg,1.74,31,Delivered,Monthly-Pre-paid,83.78,No,nan,
DBW01882,2022-07-13,Wednesday,Churchgate,Bandra,18.66,DW046,Corporate,Non-Veg,1.19,62,Delivered,Cash,191.93,No,Average,
DBW01883,2022-05-10,Tuesday,Malad,Goregaon,19.99,DW109,Corporate,Non-Veg,2.44,70,Delivered,Digital,203.09,No,Average,
DBW01884,2023-09-10,Sunday,Ghatkopar,Chembur,20.5,DW059,Corporate,Non-Veg,1.6,61,Delivered,Digital,188.51,No,Good,
DBW01885,2023-03-27,Monday,Kurla,Chembur,9.28,DW108,School,Non-Veg,2.39,43,Delivered,Monthly-Pre-paid,119.9,No,Excellent,
DBW01886,2022-05-12,Thursday,Ghatkopar,Vikhroli,13.75,DW069,Corporate,Mix,1.19,44,Delivered,Cash,133.25,No,Average,
DBW01887,2023-04-21,Friday,Worli,Worli,0.5,DW068,Corporate,Mix,2.0,17,Delivered,Monthly-Pre-paid,49.24,No,Excellent,
DBW01888,2022-10-29,Saturday,Andheri,Vikhroli,7.9,DW005,Corporate,Veg,1.8,27,Delivered,Cash,74.66,No,Excellent,
DBW01889,2022-02-14,Monday,Kurla,Goregaon,17.13,DW092,School,Veg,3.18,75,Delivered,Cash,162.43,Yes,Good,
DBW01890,2022-11-25,Friday,Ghatkopar,Dadar,8.74,DW130,Corporate,Mix,2.39,47,Delivered,Monthly-Pre-paid,103.27,No,Average,
DBW01891,2022-05-16,Monday,Lower Parel,Thane,16.04,DW123,Residential,Mix,2.36,65,Delivered,Digital,163.7,No,Good,
DBW01892,2022-06-29,Wednesday,Malad,Thane,6.92,DW051,Corporate,Veg,2.81,26,Delivered,Digital,72.69,Yes,Good,
DBW01893,2023-10-04,Wednesday,Worli,Kurla,10.86,DW102,Corporate,Non-Veg,1.94,53,Delivered,Digital,92.18,Yes,nan,
DBW01894,2023-06-03,Saturday,Lower Parel,Bandra,9.98,DW030,Residential,Non-Veg,1.75,33,Delivered,Monthly-Pre-paid,116.76,Yes,Good,
DBW01895,2022-04-08,Friday,Thane,Malad,8.03,DW096,Residential,Non-Veg,1.69,44,Delivered,Cash,91.12,Yes,Excellent,
DBW01896,2023-09-14,Thursday,Churchgate,Bandra,19.78,DW062,Residential,Mix,1.96,72,Delivered,Monthly-Pre-paid,182.35,No,Excellent,
DBW01897,2023-02-24,Friday,Malad,Goregaon,21.53,DW140,Corporate,Veg,0.5,70,Delivered,Cash,227.09,Yes,Good,
DBW01898,2023-10-01,Sunday,Malad,Bandra,10.19,DW107,School,Non-Veg,1.8,27,Delivered,Digital,107.15,No,Average,
DBW01899,2023-06-30,Friday,Kurla,Kurla,0.5,DW011,Residential,Veg,1.91,36,Delivered,Cash,26.25,Yes,Good,
DBW01900,2022-09-05,Monday,Worli,Malad,16.32,DW131,School,Mix,1.72,69,Delivered,Monthly-Pre-paid,133.57,No,Good,
DBW01901,2023-01-26,Thursday,Churchgate,Goregaon,10.16,DW109,Corporate,Non-Veg,1.03,45,Delivered,Monthly-Pre-paid,95.03,Yes,Good,
DBW01902,2023-01-23,Monday,Sion,Vikhroli,6.28,DW033,Corporate,Mix,1.73,27,Delivered,Cash,93.41,Yes,Good,
DBW01903,2023-06-10,Saturday,Dadar,Bandra,7.24,DW043,Corporate,Mix,1.03,30,Delivered,Cash,77.04,No,Excellent,
DBW01904,2022-07-01,Friday,Goregaon,Goregaon,0.5,DW026,Residential,Mix,2.69,40,Delayed,Monthly-Pre-paid,43.43,Yes,Excellent,
DBW01905,2022-09-01,Thursday,Andheri,Dadar,5.06,DW047,Residential,Mix,1.67,40,Delivered,Digital,51.12,Yes,Excellent,
DBW01906,2022-06-28,Tuesday,Goregaon,Churchgate,8.93,DW142,Residential,Mix,0.77,42,Delivered,Digital,88.42,No,Good,
DBW01907,2022-08-05,Friday,Thane,Malad,7.63,DW136,Corporate,Non-Veg,1.7,37,Delivered,Digital,77.62,No,Excellent,
DBW01908,2022-04-28,Thursday,Bandra,Andheri,8.77,DW083,Corporate,Non-Veg,2.25,39,Delivered,Monthly-Pre-paid,107.28,No,Excellent,
DBW01909,2022-01-27,Thursday,Churchgate,Sion,8.54,DW055,Corporate,Non-Veg,1.89,45,Delivered,Monthly-Pre-paid,95.11,No,Average,
DBW01910,2023-11-18,Saturday,Churchgate,Bandra,18.49,DW055,Hospital,Non-Veg,1.34,50,Delivered,Cash,161.24,No,Good,
DBW01911,2022-02-24,Thursday,Borivali,Borivali,0.5,DW144,Corporate,Non-Veg,1.46,24,Delivered,Monthly-Pre-paid,44.72,No,Good,
DBW01912,2023-10-11,Wednesday,Vikhroli,Chembur,8.01,DW030,Corporate,Mix,1.66,42,Delivered,Monthly-Pre-paid,101.48,No,Excellent,
DBW01913,2022-01-03,Monday,Lower Parel,Lower Parel,0.5,DW114,Corporate,Non-Veg,1.58,17,Delivered,Cash,39.11,No,Excellent,
DBW01914,2023-07-22,Saturday,Goregaon,Worli,15.81,DW150,Corporate,Non-Veg,1.17,55,Delivered,Digital,160.9,No,Average,
DBW01915,2022-08-28,Sunday,Churchgate,Goregaon,11.16,DW129,School,Non-Veg,1.77,30,Delivered,Digital,106.5,No,Good,
DBW01916,2023-01-13,Friday,Goregaon,Vikhroli,13.04,DW108,Corporate,Non-Veg,1.13,56,Delivered,Monthly-Pre-paid,153.22,Yes,Average,
DBW01917,2022-07-26,Tuesday,Bandra,Ghatkopar,8.38,DW135,School,Mix,2.27,61,Delayed,Monthly-Pre-paid,95.51,Yes,Good,
DBW01918,2022-12-25,Sunday,Churchgate,Dadar,11.65,DW033,Residential,Non-Veg,2.34,40,Delivered,Monthly-Pre-paid,127.21,No,Excellent,
DBW01919,2022-11-26,Saturday,Borivali,Lower Parel,14.96,DW148,Residential,Non-Veg,1.3,47,Delivered,Digital,155.39,No,Poor,
DBW01920,2023-01-22,Sunday,Dadar,Malad,5.67,DW014,Residential,Veg,1.44,46,Delayed,Monthly-Pre-paid,61.18,No,Excellent,
DBW01921,2022-10-15,Saturday,Dadar,Worli,13.72,DW003,Residential,Non-Veg,1.59,52,Delivered,Digital,168.2,Yes,Good,
DBW01922,2023-01-27,Friday,Worli,Dadar,13.76,DW030,Residential,Non-Veg,1.78,64,Delivered,Cash,139.69,No,Good,
DBW01923,2023-08-26,Saturday,Chembur,Dadar,11.24,DW092,Corporate,Veg,1.93,30,Delivered,Monthly-Pre-paid,120.43,No,Average,
DBW01924,2022-11-14,Monday,Churchgate,Ghatkopar,17.24,DW038,Hospital,Mix,2.03,59,Delivered,Digital,161.74,Yes,Good,
DBW01925,2022-09-21,Wednesday,Churchgate,Thane,12.05,DW096,Corporate,Mix,2.02,49,Delivered,Digital,143.68,No,Average,
DBW01926,2022-04-07,Thursday,Bandra,Vikhroli,13.92,DW017,Corporate,Veg,2.58,62,Delivered,Digital,159.22,Yes,Good,
DBW01927,2022-09-20,Tuesday,Goregaon,Sion,16.79,DW105,Corporate,Mix,1.83,58,Delivered,Cash,166.67,No,Poor,
DBW01928,2022-04-02,Saturday,Worli,Dadar,12.6,DW035,Residential,Veg,1.15,42,Delivered,Digital,108.81,Yes,Excellent,
DBW01929,2022-05-14,Saturday,Malad,Bandra,8.24,DW079,Corporate,Non-Veg,1.0,17,Delivered,Cash,93.42,No,Good,
DBW01930,2023-11-27,Monday,Dadar,Churchgate,13.76,DW018,Corporate,Veg,2.62,60,Delivered,Digital,139.13,Yes,Excellent,
DBW01931,2022-03-07,Monday,Dadar,Malad,6.53,DW146,Corporate,Non-Veg,2.05,41,Delivered,Digital,75.45,Yes,Good,
DBW01932,2022-12-18,Sunday,Churchgate,Vikhroli,6.06,DW057,Corporate,Non-Veg,1.9,16,Delivered,Digital,63.75,Yes,Good,
DBW01933,2023-09-02,Saturday,Sion,Lower Parel,16.15,DW091,Corporate,Veg,2.02,53,Delivered,Cash,135.86,Yes,Average,
DBW01934,2023-11-27,Monday,Chembur,Vikhroli,9.88,DW073,Hospital,Veg,1.88,43,Delivered,Monthly-Pre-paid,131.1,No,Average,
DBW01935,2022-04-18,Monday,Andheri,Kurla,7.51,DW090,Corporate,Mix,2.02,42,Delivered,Monthly-Pre-paid,101.19,Yes,Good,
DBW01936,2022-04-30,Saturday,Ghatkopar,Ghatkopar,0.5,DW069,School,Mix,1.61,10,Delivered,Cash,34.52,Yes,Average,
DBW01937,2022-09-29,Thursday,Ghatkopar,Chembur,20.19,DW011,Residential,Veg,2.33,73,Delivered,Digital,181.75,No,Average,
DBW01938,2023-02-09,Thursday,Sion,Vikhroli,6.22,DW125,Residential,Veg,1.54,33,Delivered,Cash,85.14,Yes,Poor,
DBW01939,2023-12-02,Saturday,Churchgate,Kurla,9.98,DW097,School,Veg,1.35,35,Delivered,Digital,112.91,No,Excellent,
DBW01940,2022-06-01,Wednesday,Ghatkopar,Vikhroli,14.36,DW039,Corporate,Veg,0.95,44,Delivered,Monthly-Pre-paid,138.87,Yes,Good,
DBW01941,2022-05-01,Sunday,Andheri,Thane,8.26,DW013,Residential,Mix,1.68,28,Delivered,Monthly-Pre-paid,101.9,No,nan,
DBW01942,2022-07-04,Monday,Goregaon,Thane,19.6,DW134,Corporate,Veg,2.43,68,Delivered,Digital,194.48,No,Good,
DBW01943,2023-10-01,Sunday,Vikhroli,Malad,9.34,DW050,Corporate,Veg,1.57,40,Delivered,Cash,115.01,Yes,Average,
DBW01944,2022-01-22,Saturday,Ghatkopar,Dadar,7.48,DW137,Corporate,Veg,1.11,25,Delivered,Monthly-Pre-paid,76.5,No,Good,
DBW01945,2022-10-05,Wednesday,Goregaon,Bandra,19.67,DW115,Residential,Non-Veg,1.94,71,Delivered,Digital,193.81,Yes,Poor,
DBW01946,2022-03-28,Monday,Chembur,Lower Parel,17.63,DW144,Hospital,Mix,1.47,69,Delivered,Monthly-Pre-paid,188.72,Yes,Average,
DBW01947,2022-04-25,Monday,Bandra,Kurla,12.93,DW099,Corporate,Non-Veg,2.57,51,Delivered,Monthly-Pre-paid,137.9,No,nan,
DBW01948,2023-11-01,Wednesday,Ghatkopar,Goregaon,13.45,DW028,Residential,Mix,2.34,56,Delivered,Digital,170.72,No,Average,
DBW01949,2022-01-02,Sunday,Vikhroli,Worli,7.92,DW006,Corporate,Mix,1.16,31,Delivered,Cash,90.65,No,Good,
DBW01950,2022-08-23,Tuesday,Churchgate,Vikhroli,8.28,DW037,Corporate,Mix,1.71,42,Delivered,Digital,70.49,Yes,Good,
DBW01951,2023-10-31,Tuesday,Andheri,Kurla,6.49,DW066,Corporate,Veg,1.42,53,Delayed,Monthly-Pre-paid,69.19,No,Average,
DBW01952,2023-03-20,Monday,Lower Parel,Borivali,16.96,DW094,Residential,Mix,1.22,74,Delivered,Monthly-Pre-paid,155.61,Yes,Average,
DBW01953,2022-02-22,Tuesday,Malad,Bandra,11.23,DW135,Residential,Non-Veg,1.77,42,Delivered,Monthly-Pre-paid,128.22,No,Excellent,
DBW01954,2022-12-06,Tuesday,Borivali,Kurla,6.29,DW022,Corporate,Veg,2.21,37,Delivered,Digital,92.8,Yes,Good,
DBW01955,2023-12-10,Sunday,Andheri,Malad,1.18,DW096,Corporate,Veg,1.76,17,Delivered,Monthly-Pre-paid,41.51,No,Average,
DBW01956,2022-10-20,Thursday,Ghatkopar,Ghatkopar,0.93,DW013,Residential,Mix,1.54,28,Delivered,Cash,41.85,No,Excellent,
DBW01957,2023-01-21,Saturday,Bandra,Thane,15.31,DW073,Hospital,Veg,0.7,50,Delivered,Cash,181.17,No,Average,
DBW01958,2023-01-24,Tuesday,Chembur,Thane,5.96,DW012,Corporate,Non-Veg,1.47,45,Delayed,Digital,65.25,No,Poor,
DBW01959,2023-04-28,Friday,Goregaon,Borivali,17.83,DW057,Residential,Mix,2.08,61,Delivered,Cash,171.52,No,Good,
DBW01960,2022-05-17,Tuesday,Andheri,Bandra,8.68,DW091,Residential,Mix,1.13,37,Delivered,Cash,92.67,No,Excellent,
DBW01961,2023-09-05,Tuesday,Dadar,Andheri,4.67,DW111,Residential,Veg,2.44,41,Delivered,Cash,49.73,No,Poor,
DBW01962,2023-12-23,Saturday,Churchgate,Goregaon,9.87,DW121,Corporate,Non-Veg,1.51,34,Delivered,Monthly-Pre-paid,78.57,No,Good,
DBW01963,2022-04-15,Friday,Vikhroli,Borivali,6.76,DW079,School,Mix,1.9,28,Delivered,Digital,103.54,Yes,Poor,
DBW01964,2023-08-21,Monday,Sion,Goregaon,16.25,DW039,Residential,Non-Veg,1.6,66,Delivered,Cash,148.54,Yes,Excellent,
DBW01965,2023-08-20,Sunday,Borivali,Vikhroli,6.35,DW137,Corporate,Non-Veg,1.21,18,Delivered,Digital,77.06,No,Excellent,
DBW01966,2023-06-26,Monday,Vikhroli,Worli,4.71,DW141,Hospital,Veg,2.02,31,Delivered,Digital,74.17,Yes,Excellent,
DBW01967,2022-09-28,Wednesday,Lower Parel,Dadar,6.75,DW146,Hospital,Mix,1.5,35,Delivered,Digital,66.14,No,Good,
DBW01968,2022-12-09,Friday,Lower Parel,Thane,17.7,DW119,Residential,Veg,1.38,66,Delivered,Monthly-Pre-paid,159.05,Yes,Poor,
DBW01969,2023-09-05,Tuesday,Borivali,Goregaon,17.0,DW117,Hospital,Non-Veg,0.61,39,Delivered,Digital,165.71,No,Average,
DBW01970,2022-04-22,Friday,Dadar,Worli,14.03,DW012,Corporate,Non-Veg,2.45,62,Delivered,Cash,135.7,Yes,Excellent,
DBW01971,2023-08-28,Monday,Lower Parel,Goregaon,10.33,DW086,Residential,Non-Veg,1.8,51,Delivered,Monthly-Pre-paid,93.48,No,Excellent,
DBW01972,2023-11-04,Saturday,Churchgate,Andheri,14.63,DW062,Corporate,Non-Veg,2.35,38,Delivered,Cash,156.14,No,Average,
DBW01973,2023-05-13,Saturday,Sion,Ghatkopar,19.47,DW039,Hospital,Mix,2.11,58,Delivered,Monthly-Pre-paid,178.81,Yes,Excellent,
DBW01974,2022-09-07,Wednesday,Lower Parel,Vikhroli,11.16,DW011,Corporate,Mix,2.35,61,Returned,Cash,121.32,No,Excellent,nan
DBW01975,2023-02-13,Monday,Ghatkopar,Kurla,16.6,DW032,Corporate,Veg,1.52,59,Delivered,Cash,163.62,No,Average,
DBW01976,2022-02-06,Sunday,Chembur,Borivali,10.9,DW138,Corporate,Veg,1.11,31,Delivered,Monthly-Pre-paid,131.76,No,Excellent,
DBW01977,2023-11-12,Sunday,Borivali,Churchgate,8.45,DW137,Residential,Non-Veg,2.18,26,Delivered,Cash,102.86,No,Good,
DBW01978,2022-09-07,Wednesday,Goregaon,Borivali,16.4,DW112,Residential,Non-Veg,1.87,64,Delivered,Monthly-Pre-paid,148.3,No,Good,
DBW01979,2022-02-11,Friday,Chembur,Vikhroli,10.09,DW016,Residential,Mix,1.57,45,Delivered,Cash,128.18,Yes,Good,
DBW01980,2023-08-03,Thursday,Goregaon,Borivali,18.46,DW103,Corporate,Non-Veg,2.17,69,Delivered,Digital,170.59,No,Good,
DBW01981,2023-04-26,Wednesday,Malad,Malad,0.5,DW020,Corporate,Non-Veg,1.95,16,Delivered,Monthly-Pre-paid,21.79,Yes,Good,
DBW01982,2023-03-31,Friday,Goregaon,Churchgate,8.81,DW103,Residential,Veg,2.12,55,Delivered,Monthly-Pre-paid,86.06,No,Excellent,
DBW01983,2022-02-09,Wednesday,Vikhroli,Churchgate,7.42,DW006,Corporate,Mix,1.29,30,Delivered,Cash,54.17,No,nan,
DBW01984,2023-07-03,Monday,Sion,Lower Parel,15.65,DW043,Residential,Veg,2.29,63,Delivered,Monthly-Pre-paid,146.05,No,Good,
DBW01985,2023-04-11,Tuesday,Bandra,Thane,15.32,DW019,School,Non-Veg,1.8,62,Delivered,Digital,158.53,No,Average,
DBW01986,2023-08-03,Thursday,Churchgate,Malad,15.58,DW141,Residential,Non-Veg,2.34,67,Delivered,Cash,134.24,Yes,Good,
DBW01987,2023-08-27,Sunday,Kurla,Lower Parel,11.84,DW086,Corporate,Veg,2.28,43,Delivered,Cash,150.36,Yes,Good,
DBW01988,2022-06-04,Saturday,Worli,Chembur,16.81,DW139,Residential,Non-Veg,2.14,63,Delivered,Cash,130.9,Yes,Good,
DBW01989,2022-06-03,Friday,Borivali,Thane,4.08,DW004,Hospital,Non-Veg,1.74,35,Delayed,Digital,50.91,Yes,Average,
DBW01990,2023-11-06,Monday,Lower Parel,Thane,16.01,DW111,Residential,Veg,2.15,70,Delivered,Monthly-Pre-paid,135.77,Yes,Excellent,
DBW01991,2023-01-23,Monday,Lower Parel,Ghatkopar,4.08,DW072,Hospital,Veg,2.36,38,Delivered,Digital,76.39,No,Excellent,
DBW01992,2022-11-16,Wednesday,Borivali,Kurla,5.77,DW071,Corporate,Veg,2.1,48,Delayed,Cash,85.93,No,Average,
DBW01993,2022-07-29,Friday,Bandra,Malad,9.59,DW131,Residential,Mix,1.9,42,Delivered,Digital,102.74,No,Good,
DBW01994,2023-04-12,Wednesday,Churchgate,Thane,14.55,DW008,Corporate,Veg,2.16,61,Delivered,Digital,125.07,No,Poor,
DBW01995,2023-07-05,Wednesday,Kurla,Chembur,10.27,DW142,Residential,Mix,1.54,49,Delivered,Digital,94.16,Yes,Excellent,
DBW01996,2022-01-02,Sunday,Sion,Dadar,10.65,DW005,Hospital,Mix,2.56,47,Delayed,Cash,118.97,No,Poor,
DBW01997,2023-02-08,Wednesday,Bandra,Malad,8.82,DW055,Hospital,Non-Veg,0.96,40,Delivered,Monthly-Pre-paid,90.42,Yes,Average,
DBW01998,2023-12-27,Wednesday,Dadar,Kurla,5.29,DW021,Corporate,Mix,1.82,54,Delayed,Digital,63.89,No,Excellent,
DBW01999,2022-07-24,Sunday,Churchgate,Chembur,20.02,DW079,Hospital,Veg,1.6,49,Delivered,Digital,189.09,No,Excellent,
DBW02000,2022-07-25,Monday,Ghatkopar,Thane,18.13,DW090,Corporate,Veg,1.48,79,Delayed,Cash,168.82,Yes,Poor,
DBW02001,2023-10-04,Wednesday,Andheri,Dadar,6.11,DW097,Residential,Mix,1.95,40,Delivered,Cash,52.67,No,Good,
DBW02002,2022-02-15,Tuesday,Bandra,Thane,17.79,DW120,Residential,Non-Veg,1.24,66,Delivered,Cash,152.38,No,Excellent,
DBW02003,2022-10-18,Tuesday,Worli,Churchgate,4.13,DW113,Residential,Mix,2.88,47,Returned,Digital,43.45,Yes,Excellent,nan
DBW02004,2022-12-01,Thursday,Dadar,Malad,7.57,DW143,Corporate,Mix,1.12,30,Delivered,Cash,79.67,Yes,Good,
DBW02005,2023-08-06,Sunday,Goregaon,Chembur,24.94,DW068,Residential,Veg,1.32,61,Delivered,Cash,230.84,Yes,Good,
DBW02006,2022-04-05,Tuesday,Kurla,Vikhroli,2.42,DW027,Residential,Veg,1.28,24,Delivered,Monthly-Pre-paid,50.11,No,Good,
DBW02007,2022-11-13,Sunday,Sion,Ghatkopar,20.46,DW024,Residential,Mix,1.9,48,Delivered,Cash,211.47,No,Poor,
DBW02008,2022-04-22,Friday,Lower Parel,Chembur,17.27,DW042,Residential,Veg,2.31,77,Delivered,Cash,147.04,No,Excellent,
DBW02009,2023-07-29,Saturday,Worli,Borivali,6.9,DW091,Residential,Non-Veg,2.06,30,Delivered,Monthly-Pre-paid,89.79,Yes,Average,
DBW02010,2023-04-07,Friday,Vikhroli,Malad,8.39,DW009,Corporate,Veg,2.54,53,Delivered,Digital,85.31,Yes,nan,
DBW02011,2022-12-29,Thursday,Vikhroli,Thane,5.01,DW144,Corporate,Veg,1.39,38,Delivered,Cash,99.72,No,Excellent,
DBW02012,2022-10-14,Friday,Ghatkopar,Sion,18.31,DW149,Residential,Veg,2.13,66,Delivered,Digital,174.9,Yes,Average,
DBW02013,2022-04-22,Friday,Borivali,Kurla,5.4,DW025,Residential,Veg,1.65,39,Delivered,Cash,64.78,No,Good,
DBW02014,2023-11-04,Saturday,Chembur,Kurla,7.72,DW118,Corporate,Mix,1.91,50,Delayed,Cash,95.88,Yes,Good,
DBW02015,2023-04-18,Tuesday,Thane,Churchgate,9.96,DW090,Corporate,Veg,2.35,40,Delivered,Monthly-Pre-paid,112.63,Yes,Excellent,
DBW02016,2022-08-21,Sunday,Ghatkopar,Borivali,19.35,DW073,Hospital,Mix,0.95,58,Returned,Monthly-Pre-paid,179.11,No,Good,Wrong Address
DBW02017,2022-10-30,Sunday,Sion,Lower Parel,15.7,DW111,Hospital,Mix,2.8,56,Delivered,Digital,164.52,Yes,Excellent,
DBW02018,2023-06-15,Thursday,Ghatkopar,Borivali,20.37,DW087,Residential,Non-Veg,1.73,54,Delivered,Digital,215.65,No,Excellent,
DBW02019,2023-06-10,Saturday,Lower Parel,Vikhroli,11.52,DW049,Residential,Non-Veg,1.0,44,Delayed,Digital,135.91,No,Excellent,
DBW02020,2022-12-03,Saturday,Andheri,Chembur,4.58,DW085,School,Non-Veg,1.45,24,Delivered,Digital,64.45,No,nan,
DBW02021,2022-08-10,Wednesday,Worli,Vikhroli,6.79,DW021,Residential,Mix,1.85,43,Delivered,Monthly-Pre-paid,110.99,No,Poor,
DBW02022,2023-04-27,Thursday,Lower Parel,Churchgate,12.51,DW039,Corporate,Mix,1.45,56,Delayed,Digital,137.28,No,Average,
DBW02023,2023-04-26,Wednesday,Goregaon,Malad,22.5,DW146,Residential,Mix,0.78,68,Delivered,Cash,193.5,No,Good,
DBW02024,2023-03-14,Tuesday,Ghatkopar,Goregaon,11.71,DW028,Hospital,Veg,1.85,47,Delivered,Monthly-Pre-paid,124.48,No,nan,
DBW02025,2022-02-23,Wednesday,Ghatkopar,Vikhroli,13.57,DW090,Residential,Mix,1.44,48,Delivered,Digital,135.27,No,nan,
DBW02026,2022-12-12,Monday,Malad,Borivali,10.71,DW045,Corporate,Veg,2.13,38,Delivered,Monthly-Pre-paid,107.53,Yes,Average,
DBW02027,2023-03-25,Saturday,Vikhroli,Dadar,5.62,DW070,Hospital,Non-Veg,1.27,12,Delivered,Monthly-Pre-paid,79.69,No,Average,
DBW02028,2023-11-25,Saturday,Borivali,Bandra,19.1,DW038,Residential,Veg,2.93,62,Delivered,Cash,154.62,Yes,Good,
DBW02029,2023-01-19,Thursday,Sion,Thane,3.95,DW086,Corporate,Non-Veg,2.06,36,Delivered,Digital,85.63,No,Poor,
DBW02030,2022-09-08,Thursday,Vikhroli,Lower Parel,12.38,DW084,School,Mix,1.9,54,Delivered,Monthly-Pre-paid,138.19,Yes,Good,
DBW02031,2023-02-10,Friday,Lower Parel,Kurla,13.14,DW093,Residential,Mix,2.11,64,Delivered,Digital,107.51,No,Average,
DBW02032,2022-05-10,Tuesday,Vikhroli,Goregaon,16.42,DW047,Hospital,Mix,0.89,61,Delivered,Monthly-Pre-paid,170.35,No,Excellent,
DBW02033,2022-03-08,Tuesday,Andheri,Chembur,5.22,DW087,School,Non-Veg,1.55,19,Delivered,Digital,78.4,Yes,Excellent,
DBW02034,2023-05-11,Thursday,Lower Parel,Dadar,6.89,DW110,Corporate,Non-Veg,2.69,56,Delayed,Monthly-Pre-paid,107.09,No,nan,
DBW02035,2023-12-21,Thursday,Kurla,Chembur,6.85,DW108,Residential,Veg,1.64,51,Returned,Monthly-Pre-paid,110.64,No,Average,nan
DBW02036,2023-09-10,Sunday,Sion,Borivali,1.81,DW086,Corporate,Mix,1.77,22,Delivered,Monthly-Pre-paid,72.85,No,Average,
DBW02037,2023-03-03,Friday,Goregaon,Chembur,24.53,DW045,Hospital,Mix,1.57,88,Delivered,Cash,222.1,No,Excellent,
DBW02038,2022-01-30,Sunday,Churchgate,Borivali,9.48,DW080,Hospital,Veg,2.53,30,Delivered,Monthly-Pre-paid,113.94,Yes,Good,
DBW02039,2023-12-23,Saturday,Worli,Borivali,4.42,DW081,Hospital,Non-Veg,1.68,32,Delayed,Monthly-Pre-paid,58.16,No,Good,
DBW02040,2022-11-25,Friday,Bandra,Vikhroli,14.23,DW143,Residential,Non-Veg,1.17,63,Delivered,Digital,158.54,No,Poor,
DBW02041,2022-07-31,Sunday,Malad,Chembur,4.49,DW057,Residential,Non-Veg,3.09,24,Delivered,Cash,33.46,No,Good,
DBW02042,2023-10-14,Saturday,Lower Parel,Goregaon,9.7,DW049,Corporate,Mix,1.11,28,Delivered,Cash,88.5,No,Good,
DBW02043,2023-06-29,Thursday,Goregaon,Chembur,23.73,DW113,Corporate,Veg,1.75,89,Delivered,Digital,213.35,Yes,Excellent,
DBW02044,2023-07-02,Sunday,Ghatkopar,Goregaon,13.72,DW096,Corporate,Mix,1.38,57,Delayed,Monthly-Pre-paid,138.85,No,Good,
DBW02045,2022-07-22,Friday,Sion,Kurla,7.65,DW065,Hospital,Non-Veg,1.45,40,Delivered,Monthly-Pre-paid,93.65,Yes,Good,
DBW02046,2023-12-26,Tuesday,Worli,Dadar,12.83,DW001,Residential,Non-Veg,1.27,59,Delivered,Monthly-Pre-paid,151.79,Yes,Average,
DBW02047,2022-11-27,Sunday,Sion,Malad,11.59,DW106,Residential,Veg,1.53,34,Delivered,Monthly-Pre-paid,112.93,No,Poor,
DBW02048,2023-01-23,Monday,Malad,Chembur,1.4,DW111,Corporate,Veg,2.29,27,Delivered,Cash,21.84,No,Good,
DBW02049,2023-07-03,Monday,Bandra,Vikhroli,14.55,DW140,Residential,Veg,0.85,60,Delivered,Monthly-Pre-paid,140.59,No,Good,
DBW02050,2023-04-27,Thursday,Thane,Churchgate,10.52,DW076,Residential,Mix,2.43,62,Delivered,Digital,105.08,No,nan,
DBW02051,2022-05-06,Friday,Lower Parel,Lower Parel,0.5,DW078,School,Veg,2.34,51,Delayed,Cash,42.3,Yes,Good,
DBW02052,2022-08-09,Tuesday,Goregaon,Chembur,23.1,DW032,Hospital,Non-Veg,2.05,93,Delayed,Cash,237.69,No,Average,
DBW02053,2022-09-21,Wednesday,Sion,Worli,6.38,DW069,Residential,Mix,1.86,36,Delivered,Cash,102.58,No,Excellent,
DBW02054,2023-11-23,Thursday,Andheri,Vikhroli,9.41,DW001,Hospital,Veg,1.94,61,Delivered,Cash,121.62,No,Good,
DBW02055,2023-06-06,Tuesday,Bandra,Churchgate,17.76,DW076,Corporate,Mix,2.51,83,Delayed,Cash,163.53,Yes,Excellent,
DBW02056,2022-09-25,Sunday,Andheri,Lower Parel,12.66,DW107,Corporate,Veg,0.93,47,Delayed,Digital,128.82,Yes,Excellent,
DBW02057,2023-06-21,Wednesday,Andheri,Andheri,0.5,DW118,Residential,Veg,2.16,25,Delivered,Digital,40.37,Yes,Excellent,
DBW02058,2023-06-24,Saturday,Chembur,Andheri,6.87,DW100,Residential,Veg,1.43,33,Delivered,Cash,73.43,No,Good,
DBW02059,2022-10-15,Saturday,Andheri,Goregaon,20.6,DW121,Corporate,Veg,2.21,66,Delivered,Monthly-Pre-paid,184.6,No,Good,
DBW02060,2022-10-22,Saturday,Malad,Malad,0.5,DW100,Corporate,Non-Veg,1.49,19,Delivered,Monthly-Pre-paid,39.62,No,Poor,
DBW02061,2023-10-15,Sunday,Dadar,Kurla,5.88,DW117,Residential,Veg,2.15,24,Delivered,Digital,56.55,Yes,Good,
DBW02062,2023-02-15,Wednesday,Chembur,Borivali,13.69,DW066,Corporate,Non-Veg,1.03,42,Delivered,Cash,155.94,No,Excellent,
DBW02063,2022-04-20,Wednesday,Ghatkopar,Andheri,14.93,DW091,Corporate,Non-Veg,0.95,52,Delivered,Cash,143.44,No,Good,
DBW02064,2023-06-10,Saturday,Dadar,Lower Parel,6.23,DW096,Residential,Veg,1.74,30,Delivered,Digital,87.96,No,Excellent,
DBW02065,2023-03-07,Tuesday,Thane,Worli,9.75,DW086,School,Veg,2.52,66,Delayed,Digital,111.07,Yes,Excellent,
DBW02066,2023-01-07,Saturday,Andheri,Lower Parel,12.78,DW086,Corporate,Veg,2.07,38,Delivered,Digital,151.05,No,Excellent,
DBW02067,2023-06-14,Wednesday,Lower Parel,Sion,15.67,DW118,Corporate,Veg,2.06,66,Delivered,Monthly-Pre-paid,123.45,No,Average,
DBW02068,2023-10-25,Wednesday,Vikhroli,Churchgate,6.22,DW036,Corporate,Non-Veg,2.23,50,Delayed,Monthly-Pre-paid,98.69,No,Good,
DBW02069,2022-08-30,Tuesday,Kurla,Chembur,7.47,DW048,Corporate,Mix,1.6,33,Delivered,Digital,108.33,No,Excellent,
DBW02070,2022-11-03,Thursday,Churchgate,Ghatkopar,17.97,DW078,Residential,Non-Veg,2.11,66,Delivered,Cash,177.96,Yes,Good,
DBW02071,2022-05-19,Thursday,Borivali,Chembur,11.76,DW097,Corporate,Non-Veg,1.51,54,Delivered,Monthly-Pre-paid,131.87,Yes,Excellent,
DBW02072,2023-04-18,Tuesday,Dadar,Andheri,5.77,DW078,Corporate,Veg,1.64,39,Delivered,Cash,85.12,Yes,Average,
DBW02073,2022-10-21,Friday,Andheri,Ghatkopar,14.36,DW030,School,Veg,1.71,63,Delivered,Digital,131.35,Yes,nan,
DBW02074,2022-09-07,Wednesday,Worli,Churchgate,6.36,DW124,Residential,Veg,1.53,59,Delayed,Monthly-Pre-paid,81.69,Yes,Excellent,
DBW02075,2023-05-24,Wednesday,Kurla,Kurla,0.5,DW082,Corporate,Non-Veg,1.77,30,Returned,Monthly-Pre-paid,47.35,No,Good,nan
DBW02076,2022-10-25,Tuesday,Kurla,Thane,4.89,DW066,Corporate,Mix,1.67,27,Delivered,Monthly-Pre-paid,42.3,Yes,Average,
DBW02077,2022-12-05,Monday,Chembur,Lower Parel,17.52,DW132,Hospital,Veg,1.45,60,Delivered,Cash,177.22,No,Average,
DBW02078,2022-11-18,Friday,Dadar,Malad,6.61,DW066,Residential,Mix,1.73,51,Delivered,Digital,84.16,Yes,Poor,
DBW02079,2022-07-08,Friday,Borivali,Lower Parel,16.28,DW025,School,Non-Veg,1.88,92,Delayed,Digital,169.66,Yes,Average,
DBW02080,2022-04-02,Saturday,Kurla,Malad,5.33,DW148,Corporate,Non-Veg,1.25,11,Delivered,Digital,53.59,Yes,Excellent,
DBW02081,2023-08-27,Sunday,Malad,Churchgate,16.64,DW058,Residential,Non-Veg,2.01,40,Delivered,Monthly-Pre-paid,152.0,Yes,Poor,
DBW02082,2022-03-08,Tuesday,Sion,Andheri,11.83,DW135,Corporate,Mix,1.55,54,Delivered,Monthly-Pre-paid,103.67,No,Excellent,
DBW02083,2022-08-26,Friday,Chembur,Borivali,11.34,DW078,Corporate,Mix,1.9,71,Delayed,Digital,99.59,No,Excellent,
DBW02084,2023-05-03,Wednesday,Thane,Ghatkopar,18.52,DW037,Residential,Mix,1.47,59,Delivered,Cash,190.66,No,nan,
DBW02085,2022-04-06,Wednesday,Bandra,Sion,18.87,DW057,Residential,Non-Veg,2.33,60,Delivered,Monthly-Pre-paid,172.16,No,Good,
DBW02086,2023-04-24,Monday,Ghatkopar,Churchgate,15.75,DW137,Corporate,Veg,2.28,57,Delivered,Cash,146.1,Yes,Good,
DBW02087,2023-06-20,Tuesday,Bandra,Sion,19.26,DW142,Corporate,Non-Veg,1.28,57,Delivered,Digital,200.45,No,Good,
DBW02088,2023-04-29,Saturday,Malad,Lower Parel,14.09,DW021,Residential,Mix,2.06,46,Delivered,Monthly-Pre-paid,137.54,Yes,Excellent,
DBW02089,2022-08-11,Thursday,Thane,Churchgate,12.23,DW149,Corporate,Veg,2.52,50,Delivered,Monthly-Pre-paid,142.26,Yes,Good,
DBW02090,2022-01-15,Saturday,Chembur,Goregaon,22.41,DW129,Corporate,Non-Veg,1.33,61,Delivered,Monthly-Pre-paid,193.51,Yes,Poor,
DBW02091,2023-10-10,Tuesday,Chembur,Goregaon,24.04,DW098,Corporate,Non-Veg,1.37,81,Delivered,Monthly-Pre-paid,217.14,No,Average,
DBW02092,2022-08-27,Saturday,Lower Parel,Goregaon,9.94,DW028,Corporate,Non-Veg,2.17,44,Delivered,Cash,95.9,No,Average,
DBW02093,2023-08-11,Friday,Andheri,Ghatkopar,15.96,DW088,Hospital,Mix,1.15,54,Delivered,Cash,165.93,Yes,Good,
DBW02094,2022-05-25,Wednesday,Lower Parel,Dadar,7.72,DW064,Corporate,Non-Veg,1.41,32,Delivered,Monthly-Pre-paid,88.63,Yes,Excellent,
DBW02095,2022-04-29,Friday,Dadar,Worli,15.07,DW019,Residential,Veg,1.29,61,Delivered,Digital,161.53,No,Good,
DBW02096,2023-07-23,Sunday,Lower Parel,Worli,14.28,DW148,Residential,Veg,2.17,37,Delivered,Cash,146.51,No,Excellent,
DBW02097,2023-11-18,Saturday,Dadar,Sion,11.58,DW091,Corporate,Non-Veg,1.45,28,Delivered,Digital,93.45,No,Excellent,
DBW02098,2023-09-21,Thursday,Dadar,Chembur,12.21,DW015,Residential,Mix,1.66,49,Delivered,Monthly-Pre-paid,123.71,No,Excellent,
DBW02099,2023-07-03,Monday,Churchgate,Chembur,18.08,DW052,Corporate,Non-Veg,1.43,60,Delivered,Digital,151.61,Yes,Poor,
DBW02100,2022-06-30,Thursday,Bandra,Worli,21.72,DW126,Hospital,Mix,2.37,66,Delivered,Digital,208.96,No,Excellent,
DBW02101,2023-10-29,Sunday,Sion,Goregaon,18.61,DW067,Residential,Veg,1.37,43,Delivered,Digital,187.24,Yes,Good,
DBW02102,2023-05-03,Wednesday,Goregaon,Goregaon,0.5,DW075,Residential,Veg,1.1,24,Delivered,Digital,43.88,No,Poor,
DBW02103,2022-05-06,Friday,Ghatkopar,Worli,18.91,DW022,Corporate,Mix,1.08,85,Delayed,Monthly-Pre-paid,179.44,Yes,Average,
DBW02104,2022-04-05,Tuesday,Bandra,Lower Parel,8.65,DW017,Hospital,Non-Veg,2.15,35,Delivered,Monthly-Pre-paid,74.74,No,Excellent,
DBW02105,2023-09-28,Thursday,Ghatkopar,Chembur,21.28,DW147,Residential,Mix,2.18,72,Delivered,Digital,203.4,No,Good,
DBW02106,2022-07-20,Wednesday,Vikhroli,Dadar,7.74,DW143,Corporate,Mix,2.42,40,Delivered,Monthly-Pre-paid,97.99,Yes,Average,
DBW02107,2023-07-14,Friday,Chembur,Goregaon,24.76,DW015,Corporate,Veg,1.17,87,Delivered,Monthly-Pre-paid,225.31,No,Good,
DBW02108,2022-04-12,Tuesday,Sion,Sion,0.5,DW083,Corporate,Mix,1.68,19,Delivered,Cash,35.28,Yes,Excellent,
DBW02109,2022-07-24,Sunday,Andheri,Borivali,11.89,DW103,Corporate,Non-Veg,3.01,49,Delivered,Monthly-Pre-paid,96.84,No,Average,
DBW02110,2022-07-26,Tuesday,Kurla,Churchgate,11.1,DW133,Corporate,Non-Veg,1.65,55,Returned,Monthly-Pre-paid,119.8,No,Good,nan
DBW02111,2022-07-25,Monday,Worli,Churchgate,4.54,DW084,School,Non-Veg,1.52,42,Delivered,Monthly-Pre-paid,64.7,Yes,Good,
DBW02112,2023-05-08,Monday,Kurla,Dadar,7.08,DW131,School,Veg,1.79,36,Delivered,Monthly-Pre-paid,68.47,Yes,Excellent,
DBW02113,2023-10-30,Monday,Ghatkopar,Worli,18.46,DW019,Corporate,Mix,2.06,63,Delivered,Monthly-Pre-paid,185.58,No,nan,
DBW02114,2023-10-27,Friday,Worli,Kurla,8.38,DW003,School,Non-Veg,2.06,55,Delivered,Digital,89.65,No,nan,
DBW02115,2023-06-26,Monday,Worli,Malad,16.03,DW070,Residential,Veg,1.49,60,Delivered,Cash,161.69,No,Good,
DBW02116,2022-05-28,Saturday,Goregaon,Ghatkopar,10.78,DW040,Residential,Veg,1.51,36,Delivered,Cash,123.58,Yes,Good,
DBW02117,2023-12-03,Sunday,Churchgate,Goregaon,9.04,DW114,School,Mix,1.65,28,Delivered,Cash,107.28,Yes,Excellent,
DBW02118,2023-01-31,Tuesday,Dadar,Vikhroli,6.59,DW051,Residential,Mix,1.43,56,Delayed,Cash,62.64,No,Good,
DBW02119,2023-02-03,Friday,Sion,Worli,7.09,DW062,Residential,Non-Veg,1.18,54,Delivered,Digital,80.95,No,Excellent,
DBW02120,2023-05-28,Sunday,Kurla,Sion,7.58,DW081,Corporate,Mix,2.7,28,Delivered,Monthly-Pre-paid,122.6,Yes,Average,
DBW02121,2023-07-16,Sunday,Chembur,Sion,9.09,DW145,Corporate,Non-Veg,1.6,34,Delivered,Monthly-Pre-paid,123.67,No,nan,
DBW02122,2023-11-27,Monday,Goregaon,Ghatkopar,14.8,DW011,Hospital,Mix,1.62,72,Returned,Digital,160.95,No,Excellent,nan
DBW02123,2023-03-02,Thursday,Thane,Malad,7.21,DW083,Corporate,Veg,1.64,37,Delivered,Digital,91.78,Yes,Excellent,
DBW02124,2023-03-22,Wednesday,Bandra,Borivali,19.14,DW059,Corporate,Veg,1.76,60,Delivered,Digital,168.31,No,Excellent,
DBW02125,2023-06-29,Thursday,Thane,Churchgate,10.98,DW006,Corporate,Mix,2.02,47,Delivered,Digital,115.38,No,Good,
DBW02126,2022-07-06,Wednesday,Ghatkopar,Worli,20.24,DW123,Residential,Mix,1.57,65,Delivered,Digital,185.55,Yes,Poor,
DBW02127,2022-08-13,Saturday,Sion,Ghatkopar,19.44,DW138,Corporate,Non-Veg,2.37,58,Delivered,Monthly-Pre-paid,184.26,Yes,Excellent,
DBW02128,2023-04-02,Sunday,Vikhroli,Borivali,5.27,DW026,School,Mix,2.1,17,Delivered,Cash,50.45,No,Average,
DBW02129,2022-02-16,Wednesday,Lower Parel,Dadar,5.21,DW114,Corporate,Non-Veg,1.7,39,Delivered,Digital,86.01,No,Good,
DBW02130,2022-08-22,Monday,Churchgate,Dadar,13.19,DW106,Hospital,Mix,1.47,50,Delivered,Cash,95.2,Yes,Good,
DBW02131,2023-06-09,Friday,Ghatkopar,Churchgate,17.42,DW106,Residential,Non-Veg,2.34,65,Delivered,Monthly-Pre-paid,182.25,No,Excellent,
DBW02132,2023-12-14,Thursday,Thane,Kurla,3.56,DW070,Residential,Mix,1.72,43,Delayed,Cash,71.61,No,Poor,
DBW02133,2023-01-15,Sunday,Andheri,Malad,2.19,DW049,Corporate,Non-Veg,1.18,8,Delivered,Digital,82.45,No,Poor,
DBW02134,2022-10-19,Wednesday,Worli,Bandra,21.89,DW011,Corporate,Non-Veg,2.31,68,Delivered,Cash,201.36,No,Excellent,
DBW02135,2022-11-18,Friday,Thane,Chembur,6.66,DW006,Hospital,Veg,1.44,44,Delivered,Digital,75.47,Yes,Good,
DBW02136,2023-05-16,Tuesday,Bandra,Goregaon,20.71,DW027,Residential,Veg,2.23,67,Delivered,Monthly-Pre-paid,197.47,No,Good,
DBW02137,2023-02-02,Thursday,Kurla,Dadar,6.39,DW080,Corporate,Veg,0.54,45,Delayed,Monthly-Pre-paid,89.55,Yes,Excellent,
DBW02138,2022-01-17,Monday,Malad,Sion,10.91,DW022,Hospital,Veg,1.62,51,Delivered,Cash,115.96,Yes,Good,
DBW02139,2023-01-29,Sunday,Malad,Borivali,11.93,DW103,Hospital,Non-Veg,2.38,51,Delivered,Digital,107.73,Yes,Excellent,
DBW02140,2022-10-20,Thursday,Ghatkopar,Bandra,8.3,DW093,Corporate,Veg,1.8,37,Delivered,Cash,104.76,No,Average,
DBW02141,2023-05-27,Saturday,Thane,Churchgate,9.76,DW052,Residential,Non-Veg,2.1,31,Delivered,Monthly-Pre-paid,108.08,Yes,Good,
DBW02142,2023-10-01,Sunday,Dadar,Andheri,5.69,DW014,Residential,Veg,1.35,23,Delivered,Digital,60.39,Yes,Average,
DBW02143,2023-12-04,Monday,Sion,Thane,2.38,DW078,Hospital,Veg,1.97,20,Delivered,Monthly-Pre-paid,24.67,Yes,nan,
DBW02144,2023-03-22,Wednesday,Andheri,Lower Parel,14.64,DW124,Corporate,Mix,1.8,56,Delivered,Monthly-Pre-paid,184.16,No,Good,
DBW02145,2022-09-22,Thursday,Andheri,Andheri,1.59,DW060,Corporate,Veg,1.92,22,Delivered,Digital,55.17,Yes,Good,
DBW02146,2022-11-21,Monday,Sion,Worli,7.45,DW121,Corporate,Non-Veg,2.82,47,Delivered,Cash,97.99,Yes,nan,
DBW02147,2022-05-09,Monday,Goregaon,Dadar,14.55,DW043,Corporate,Veg,2.45,58,Delivered,Cash,144.72,No,Excellent,
DBW02148,2023-11-15,Wednesday,Ghatkopar,Chembur,18.5,DW013,Corporate,Veg,2.2,89,Delayed,Cash,188.33,No,Excellent,
DBW02149,2023-09-11,Monday,Churchgate,Lower Parel,12.08,DW098,Residential,Veg,2.2,58,Delivered,Cash,110.88,No,Good,
DBW02150,2023-09-16,Saturday,Borivali,Thane,6.78,DW134,Residential,Veg,1.35,21,Delivered,Monthly-Pre-paid,87.25,No,Good,
DBW02151,2022-08-28,Sunday,Kurla,Dadar,5.66,DW133,Corporate,Veg,1.56,22,Delivered,Monthly-Pre-paid,78.9,Yes,nan,
DBW02152,2022-08-24,Wednesday,Sion,Sion,0.5,DW144,Residential,Non-Veg,1.03,34,Delivered,Digital,18.59,Yes,Good,
DBW02153,2023-09-18,Monday,Sion,Kurla,6.63,DW017,Corporate,Veg,1.17,40,Delivered,Digital,81.47,Yes,Good,
DBW02154,2023-02-02,Thursday,Andheri,Lower Parel,14.52,DW007,Corporate,Mix,1.36,51,Delivered,Digital,139.93,No,Good,
DBW02155,2023-05-30,Tuesday,Sion,Sion,1.66,DW086,Residential,Non-Veg,1.79,30,Delivered,Monthly-Pre-paid,31.81,No,Good,
DBW02156,2022-12-24,Saturday,Vikhroli,Goregaon,15.06,DW143,Hospital,Non-Veg,1.19,62,Delivered,Cash,142.39,No,Poor,
DBW02157,2022-11-20,Sunday,Borivali,Dadar,13.41,DW150,Corporate,Mix,1.78,45,Delivered,Digital,111.66,No,Average,
DBW02158,2023-04-07,Friday,Ghatkopar,Churchgate,16.63,DW042,Hospital,Mix,1.72,64,Delivered,Monthly-Pre-paid,178.99,No,Average,
DBW02159,2023-08-17,Thursday,Malad,Worli,13.87,DW057,Hospital,Non-Veg,1.23,45,Delivered,Cash,164.41,No,Excellent,
DBW02160,2022-09-01,Thursday,Sion,Goregaon,17.91,DW100,Residential,Mix,2.56,72,Delivered,Digital,159.37,Yes,Poor,
DBW02161,2023-08-14,Monday,Ghatkopar,Thane,19.15,DW138,School,Non-Veg,1.14,76,Delivered,Cash,199.82,No,nan,
DBW02162,2022-06-28,Tuesday,Dadar,Kurla,6.21,DW027,Corporate,Mix,2.36,50,Delayed,Monthly-Pre-paid,79.23,Yes,nan,
DBW02163,2022-10-22,Saturday,Dadar,Lower Parel,6.97,DW147,Corporate,Mix,0.67,26,Delivered,Digital,85.6,Yes,nan,
DBW02164,2023-10-29,Sunday,Worli,Kurla,8.89,DW123,Hospital,Mix,1.73,16,Delivered,Monthly-Pre-paid,81.66,Yes,Average,
DBW02165,2023-11-28,Tuesday,Worli,Dadar,12.94,DW011,Residential,Non-Veg,1.2,54,Delivered,Cash,125.18,No,Average,
DBW02166,2023-11-06,Monday,Bandra,Thane,17.63,DW127,Corporate,Non-Veg,1.47,60,Delivered,Monthly-Pre-paid,179.07,No,Excellent,
DBW02167,2022-08-19,Friday,Churchgate,Malad,18.72,DW097,Corporate,Non-Veg,2.71,95,Delayed,Monthly-Pre-paid,165.14,No,Good,
DBW02168,2023-09-08,Friday,Worli,Lower Parel,15.48,DW147,Corporate,Mix,1.63,59,Delivered,Cash,142.74,No,Average,
DBW02169,2023-11-15,Wednesday,Chembur,Goregaon,24.7,DW032,Corporate,Mix,1.25,75,Delivered,Monthly-Pre-paid,219.95,Yes,Good,
DBW02170,2023-12-16,Saturday,Vikhroli,Andheri,7.59,DW149,Corporate,Veg,2.04,32,Delivered,Monthly-Pre-paid,39.61,Yes,Average,
DBW02171,2022-01-16,Sunday,Malad,Bandra,10.38,DW008,School,Veg,1.62,28,Delivered,Digital,117.95,Yes,Good,
DBW02172,2023-06-28,Wednesday,Malad,Thane,9.2,DW012,Corporate,Mix,1.88,37,Delivered,Digital,113.16,Yes,Good,
DBW02173,2023-12-29,Friday,Worli,Ghatkopar,17.71,DW068,Hospital,Non-Veg,1.34,55,Delivered,Monthly-Pre-paid,177.15,No,Good,
DBW02174,2023-07-13,Thursday,Vikhroli,Thane,5.95,DW099,Corporate,Non-Veg,1.37,20,Delivered,Cash,91.76,Yes,Poor,
DBW02175,2022-06-20,Monday,Borivali,Lower Parel,16.81,DW026,Corporate,Mix,1.41,53,Delivered,Digital,157.8,No,Excellent,
DBW02176,2023-07-11,Tuesday,Andheri,Worli,16.21,DW041,Hospital,Veg,2.2,62,Delivered,Cash,186.85,No,Average,
DBW02177,2022-03-18,Friday,Ghatkopar,Churchgate,18.22,DW059,Corporate,Veg,1.69,55,Delivered,Monthly-Pre-paid,163.1,Yes,Excellent,
DBW02178,2022-12-17,Saturday,Churchgate,Ghatkopar,18.61,DW019,Corporate,Mix,1.28,48,Delivered,Cash,175.55,No,Poor,
DBW02179,2023-04-03,Monday,Bandra,Goregaon,18.88,DW027,Hospital,Mix,1.88,65,Delivered,Cash,176.19,No,Average,
DBW02180,2022-11-30,Wednesday,Ghatkopar,Worli,19.91,DW023,Corporate,Mix,1.84,67,Delivered,Monthly-Pre-paid,192.09,No,nan,
DBW02181,2023-05-26,Friday,Chembur,Dadar,11.07,DW144,Corporate,Mix,2.09,70,Returned,Digital,114.99,Yes,Excellent,Damaged
DBW02182,2022-06-25,Saturday,Churchgate,Chembur,18.34,DW141,School,Mix,1.56,52,Delivered,Monthly-Pre-paid,175.14,No,Poor,
DBW02183,2023-03-19,Sunday,Thane,Bandra,16.07,DW095,Corporate,Mix,1.76,52,Delivered,Cash,148.36,No,Good,
DBW02184,2023-04-16,Sunday,Thane,Vikhroli,6.16,DW103,Residential,Mix,2.01,44,Returned,Monthly-Pre-paid,72.7,No,Excellent,nan
DBW02185,2023-04-08,Saturday,Vikhroli,Vikhroli,0.5,DW021,Corporate,Non-Veg,1.3,9,Delivered,Monthly-Pre-paid,0.49,Yes,Excellent,
DBW02186,2022-07-31,Sunday,Kurla,Kurla,0.5,DW008,Corporate,Mix,2.24,14,Delivered,Monthly-Pre-paid,46.04,No,Average,
DBW02187,2022-08-11,Thursday,Sion,Chembur,10.57,DW057,Residential,Veg,1.81,44,Delivered,Cash,99.25,Yes,nan,
DBW02188,2022-07-08,Friday,Ghatkopar,Thane,18.07,DW148,Residential,Non-Veg,1.25,60,Delivered,Digital,167.19,No,Average,
DBW02189,2022-12-04,Sunday,Ghatkopar,Malad,14.39,DW072,Corporate,Veg,1.25,37,Delivered,Monthly-Pre-paid,129.25,Yes,Good,
DBW02190,2023-03-04,Saturday,Lower Parel,Bandra,9.95,DW122,Hospital,Mix,1.75,33,Delivered,Monthly-Pre-paid,118.16,No,Good,
DBW02191,2022-09-22,Thursday,Lower Parel,Borivali,16.69,DW056,Residential,Non-Veg,1.52,85,Delayed,Cash,155.34,Yes,Excellent,
DBW02192,2022-10-27,Thursday,Worli,Lower Parel,16.47,DW047,Residential,Veg,2.18,69,Delivered,Cash,125.08,No,Excellent,
DBW02193,2022-07-29,Friday,Lower Parel,Andheri,12.16,DW122,Residential,Non-Veg,1.66,56,Delivered,Digital,131.47,No,Average,
DBW02194,2022-06-09,Thursday,Vikhroli,Chembur,10.55,DW071,Residential,Veg,1.95,46,Delivered,Cash,103.19,Yes,Excellent,
DBW02195,2023-04-25,Tuesday,Ghatkopar,Worli,20.79,DW110,Residential,Veg,1.38,60,Delivered,Monthly-Pre-paid,196.0,Yes,Average,
DBW02196,2023-08-19,Saturday,Andheri,Dadar,5.71,DW109,Corporate,Non-Veg,1.79,32,Delivered,Digital,88.16,No,Good,
DBW02197,2022-08-01,Monday,Dadar,Churchgate,13.14,DW110,Hospital,Non-Veg,2.46,43,Delivered,Digital,120.33,No,Excellent,
DBW02198,2023-09-21,Thursday,Bandra,Lower Parel,9.46,DW102,Residential,Non-Veg,1.73,46,Delivered,Monthly-Pre-paid,104.95,No,Good,
DBW02199,2023-02-21,Tuesday,Chembur,Thane,8.43,DW122,School,Veg,1.52,37,Delivered,Cash,85.89,Yes,Excellent,
DBW02200,2022-05-03,Tuesday,Malad,Borivali,13.01,DW070,School,Mix,1.37,49,Delivered,Monthly-Pre-paid,148.86,Yes,Average,
DBW02201,2022-09-25,Sunday,Sion,Kurla,6.71,DW046,Corporate,Veg,1.79,47,Delayed,Digital,84.88,No,Average,
DBW02202,2022-01-06,Thursday,Worli,Dadar,13.97,DW077,Corporate,Mix,2.5,57,Delivered,Monthly-Pre-paid,141.42,No,Poor,
DBW02203,2022-01-29,Saturday,Vikhroli,Kurla,2.14,DW049,Residential,Veg,1.12,14,Delivered,Digital,28.49,Yes,Good,
DBW02204,2022-09-03,Saturday,Andheri,Lower Parel,14.94,DW007,Residential,Veg,1.78,47,Delivered,Monthly-Pre-paid,160.77,Yes,Excellent,
DBW02205,2022-11-28,Monday,Sion,Kurla,6.46,DW055,Hospital,Non-Veg,0.94,30,Delivered,Cash,94.8,No,Good,
DBW02206,2023-08-06,Sunday,Vikhroli,Vikhroli,0.5,DW076,Corporate,Mix,1.59,9,Delivered,Cash,22.51,No,Poor,
DBW02207,2022-04-09,Saturday,Chembur,Kurla,9.57,DW079,Residential,Mix,1.93,44,Delayed,Digital,108.88,No,Good,
DBW02208,2023-09-05,Tuesday,Worli,Borivali,5.02,DW052,School,Non-Veg,1.01,29,Delivered,Cash,79.01,No,nan,
DBW02209,2022-06-21,Tuesday,Worli,Thane,11.42,DW109,School,Veg,1.58,50,Delivered,Cash,154.66,No,Excellent,
DBW02210,2022-04-11,Monday,Malad,Worli,17.43,DW043,Corporate,Mix,1.95,75,Delivered,Digital,175.28,Yes,Average,
DBW02211,2023-05-26,Friday,Bandra,Dadar,5.9,DW098,School,Veg,1.87,43,Delivered,Cash,77.22,No,Average,
DBW02212,2023-07-20,Thursday,Churchgate,Borivali,9.41,DW041,Corporate,Non-Veg,1.97,41,Delivered,Digital,102.94,No,Excellent,
DBW02213,2023-03-18,Saturday,Goregaon,Goregaon,0.78,DW148,Residential,Mix,1.31,8,Delivered,Digital,34.81,Yes,Excellent,
DBW02214,2022-03-26,Saturday,Bandra,Andheri,11.5,DW098,Corporate,Non-Veg,1.95,61,Returned,Digital,133.54,Yes,Good,Customer Unavailable
DBW02215,2022-03-26,Saturday,Borivali,Goregaon,16.59,DW084,Residential,Mix,1.5,49,Delivered,Monthly-Pre-paid,149.5,Yes,Good,
DBW02216,2022-10-12,Wednesday,Bandra,Vikhroli,15.31,DW065,Corporate,Mix,2.16,55,Delivered,Cash,166.5,Yes,Good,
DBW02217,2022-11-25,Friday,Vikhroli,Ghatkopar,14.3,DW114,Corporate,Mix,0.64,51,Delivered,Monthly-Pre-paid,121.3,Yes,Average,
DBW02218,2023-12-30,Saturday,Malad,Dadar,5.62,DW064,Corporate,Non-Veg,1.66,16,Delivered,Digital,84.99,Yes,Excellent,
DBW02219,2022-07-29,Friday,Chembur,Sion,10.92,DW121,Hospital,Mix,1.85,50,Delivered,Monthly-Pre-paid,131.5,No,Average,
DBW02220,2022-05-21,Saturday,Chembur,Ghatkopar,19.51,DW024,Residential,Veg,2.47,68,Delayed,Monthly-Pre-paid,198.16,Yes,Good,
DBW02221,2023-11-22,Wednesday,Worli,Malad,14.89,DW124,Residential,Veg,1.84,58,Delivered,Cash,153.17,No,Excellent,
DBW02222,2022-04-23,Saturday,Worli,Goregaon,13.8,DW145,Residential,Veg,1.89,44,Delivered,Cash,146.33,No,Average,
DBW02223,2022-01-20,Thursday,Andheri,Vikhroli,9.53,DW037,Corporate,Veg,1.99,50,Delivered,Monthly-Pre-paid,100.23,Yes,Good,
DBW02224,2022-11-05,Saturday,Kurla,Vikhroli,3.25,DW034,Corporate,Veg,2.43,24,Delivered,Digital,39.12,No,Excellent,
DBW02225,2022-10-20,Thursday,Malad,Bandra,9.19,DW144,Corporate,Mix,1.61,57,Delivered,Cash,107.29,No,Good,
DBW02226,2023-03-29,Wednesday,Thane,Bandra,15.65,DW061,Residential,Non-Veg,1.1,59,Delivered,Cash,156.22,No,Good,
DBW02227,2023-10-03,Tuesday,Andheri,Borivali,11.85,DW105,School,Non-Veg,1.0,65,Delayed,Monthly-Pre-paid,138.68,No,Good,
DBW02228,2023-11-13,Monday,Chembur,Chembur,0.5,DW029,Corporate,Non-Veg,2.13,28,Delivered,Digital,31.88,No,Good,
DBW02229,2022-07-31,Sunday,Dadar,Thane,11.13,DW065,Residential,Non-Veg,1.91,42,Delivered,Monthly-Pre-paid,121.41,No,Good,
DBW02230,2023-12-17,Sunday,Thane,Kurla,4.07,DW106,Hospital,Non-Veg,1.67,15,Delivered,Monthly-Pre-paid,66.84,No,Average,
DBW02231,2023-04-07,Friday,Worli,Vikhroli,5.85,DW135,Hospital,Veg,1.51,34,Delivered,Cash,85.37,Yes,Good,
DBW02232,2022-02-20,Sunday,Worli,Malad,15.39,DW066,Corporate,Mix,1.89,55,Delivered,Cash,167.31,No,Good,
DBW02233,2023-11-17,Friday,Malad,Vikhroli,9.14,DW012,School,Mix,1.9,42,Delivered,Monthly-Pre-paid,88.83,No,Good,
DBW02234,2022-04-11,Monday,Vikhroli,Dadar,8.23,DW063,Residential,Veg,2.04,36,Delivered,Monthly-Pre-paid,106.35,No,nan,
DBW02235,2023-03-06,Monday,Dadar,Sion,13.0,DW097,Residential,Veg,1.25,51,Delivered,Digital,131.33,No,Excellent,
DBW02236,2023-08-01,Tuesday,Kurla,Bandra,14.36,DW132,Residential,Veg,0.92,50,Delivered,Monthly-Pre-paid,154.5,Yes,Average,
DBW02237,2022-07-02,Saturday,Goregaon,Malad,21.14,DW126,Corporate,Non-Veg,1.34,53,Delivered,Digital,221.3,No,Excellent,
DBW02238,2022-07-17,Sunday,Worli,Lower Parel,16.25,DW114,Hospital,Mix,1.12,41,Delivered,Cash,128.37,No,Good,
DBW02239,2022-12-14,Wednesday,Chembur,Worli,15.72,DW025,Residential,Mix,1.1,66,Delivered,Monthly-Pre-paid,173.96,No,Average,
DBW02240,2023-10-08,Sunday,Chembur,Andheri,5.72,DW078,Residential,Mix,2.58,23,Delivered,Monthly-Pre-paid,74.0,No,Good,
DBW02241,2022-06-13,Monday,Bandra,Thane,14.72,DW087,Hospital,Non-Veg,0.67,41,Delivered,Monthly-Pre-paid,134.94,No,Excellent,
DBW02242,2023-04-30,Sunday,Goregaon,Dadar,14.73,DW071,Residential,Mix,2.03,45,Delivered,Monthly-Pre-paid,141.28,Yes,Good,
DBW02243,2022-11-27,Sunday,Vikhroli,Andheri,11.6,DW139,Corporate,Veg,2.25,35,Delivered,Monthly-Pre-paid,107.34,No,Good,
DBW02244,2022-03-23,Wednesday,Thane,Borivali,5.14,DW144,Corporate,Mix,2.29,36,Delivered,Digital,78.76,No,nan,
DBW02245,2023-06-03,Saturday,Vikhroli,Worli,6.39,DW032,Hospital,Veg,1.94,41,Delayed,Cash,65.57,Yes,nan,
DBW02246,2023-08-31,Thursday,Malad,Goregaon,21.42,DW144,Residential,Mix,2.46,84,Delivered,Cash,219.4,Yes,Good,
DBW02247,2023-02-25,Saturday,Sion,Vikhroli,4.61,DW127,Hospital,Veg,2.69,38,Delayed,Cash,77.27,No,Poor,
DBW02248,2022-05-09,Monday,Dadar,Malad,5.91,DW106,Corporate,Mix,1.65,36,Delivered,Digital,80.65,No,Good,
DBW02249,2022-04-24,Sunday,Sion,Lower Parel,18.31,DW058,Residential,Non-Veg,2.02,54,Delivered,Cash,145.96,Yes,Good,
DBW02250,2022-11-06,Sunday,Goregaon,Worli,14.56,DW115,Hospital,Non-Veg,2.44,49,Delivered,Cash,126.6,No,Excellent,
DBW02251,2023-01-05,Thursday,Andheri,Goregaon,20.51,DW088,Residential,Veg,1.37,69,Delivered,Monthly-Pre-paid,192.87,Yes,Poor,
DBW02252,2023-02-08,Wednesday,Ghatkopar,Goregaon,12.14,DW135,Corporate,Veg,1.68,66,Returned,Cash,126.72,No,Average,nan
DBW02253,2022-06-27,Monday,Borivali,Malad,11.52,DW107,Corporate,Mix,1.49,52,Delivered,Digital,136.29,Yes,nan,
DBW02254,2023-01-01,Sunday,Chembur,Worli,18.72,DW145,Hospital,Veg,2.03,70,Delayed,Digital,136.03,Yes,Average,
DBW02255,2022-08-04,Thursday,Kurla,Kurla,0.5,DW063,Residential,Veg,0.85,20,Delivered,Monthly-Pre-paid,22.61,Yes,Good,
DBW02256,2023-05-16,Tuesday,Chembur,Sion,7.95,DW013,Corporate,Non-Veg,2.52,63,Delayed,Monthly-Pre-paid,106.18,No,Poor,
DBW02257,2023-08-05,Saturday,Vikhroli,Kurla,5.43,DW074,Residential,Mix,2.07,38,Delivered,Monthly-Pre-paid,68.39,Yes,Good,
DBW02258,2023-04-22,Saturday,Thane,Kurla,3.98,DW150,Corporate,Non-Veg,2.09,34,Delivered,Cash,54.81,No,Poor,
DBW02259,2022-01-01,Saturday,Chembur,Sion,11.38,DW099,Corporate,Veg,0.62,51,Delayed,Cash,96.85,No,Excellent,
DBW02260,2023-12-26,Tuesday,Malad,Worli,17.03,DW106,Corporate,Veg,1.28,58,Delivered,Monthly-Pre-paid,182.15,No,Good,
DBW02261,2022-01-18,Tuesday,Andheri,Goregaon,20.63,DW094,Corporate,Mix,2.55,84,Delivered,Monthly-Pre-paid,187.76,No,Poor,
DBW02262,2023-12-31,Sunday,Bandra,Sion,18.91,DW089,Hospital,Veg,1.71,44,Delivered,Digital,197.71,No,Excellent,
DBW02263,2022-01-24,Monday,Thane,Sion,3.32,DW010,Corporate,Non-Veg,0.94,31,Delivered,Monthly-Pre-paid,78.55,Yes,Poor,
DBW02264,2023-01-13,Friday,Andheri,Andheri,0.5,DW062,Hospital,Mix,1.91,28,Delivered,Monthly-Pre-paid,53.76,Yes,Excellent,
DBW02265,2022-03-19,Saturday,Borivali,Goregaon,17.61,DW013,Residential,Non-Veg,2.14,48,Delivered,Digital,170.42,No,Average,
DBW02266,2022-03-11,Friday,Sion,Churchgate,11.09,DW051,Corporate,Veg,2.07,38,Delivered,Monthly-Pre-paid,111.46,No,Average,
DBW02267,2023-05-14,Sunday,Ghatkopar,Goregaon,11.88,DW108,Corporate,Mix,1.72,30,Delivered,Monthly-Pre-paid,116.77,No,Excellent,
DBW02268,2023-06-16,Friday,Chembur,Sion,10.31,DW121,Corporate,Mix,2.37,58,Delivered,Digital,141.99,Yes,Poor,
DBW02269,2022-03-28,Monday,Ghatkopar,Borivali,20.81,DW034,Residential,Non-Veg,1.45,103,Delayed,Digital,193.27,Yes,Excellent,
DBW02270,2023-12-14,Thursday,Chembur,Worli,16.72,DW099,Hospital,Mix,2.07,54,Delivered,Digital,179.52,No,Poor,
DBW02271,2022-08-22,Monday,Dadar,Sion,11.3,DW034,Residential,Mix,1.87,52,Delivered,Cash,127.61,No,nan,
DBW02272,2022-08-21,Sunday,Borivali,Bandra,18.42,DW031,Residential,Mix,1.73,61,Delivered,Cash,171.19,No,Average,
DBW02273,2022-08-05,Friday,Churchgate,Vikhroli,7.87,DW144,Hospital,Non-Veg,1.61,59,Returned,Cash,89.15,No,nan,Wrong Address
DBW02274,2022-12-03,Saturday,Chembur,Ghatkopar,17.93,DW092,Residential,Veg,1.63,61,Delivered,Cash,191.21,No,Average,
DBW02275,2022-05-10,Tuesday,Churchgate,Chembur,18.43,DW030,Residential,Mix,1.82,81,Delayed,Digital,177.89,No,nan,
DBW02276,2022-11-07,Monday,Kurla,Lower Parel,12.33,DW022,Residential,Mix,1.65,61,Delivered,Digital,121.84,No,Average,
DBW02277,2022-06-03,Friday,Thane,Worli,10.24,DW008,Corporate,Mix,2.17,60,Delivered,Monthly-Pre-paid,99.79,No,Average,
DBW02278,2022-02-07,Monday,Bandra,Bandra,1.16,DW075,Corporate,Non-Veg,1.53,21,Delivered,Cash,44.06,Yes,nan,
DBW02279,2022-09-27,Tuesday,Ghatkopar,Kurla,16.57,DW016,Residential,Mix,2.58,66,Delivered,Monthly-Pre-paid,154.83,Yes,Good,
DBW02280,2023-05-06,Saturday,Thane,Ghatkopar,20.04,DW088,Residential,Veg,1.51,56,Delivered,Cash,199.21,No,Good,
DBW02281,2023-07-12,Wednesday,Andheri,Andheri,0.91,DW066,Corporate,Veg,2.26,31,Delivered,Digital,75.48,No,Poor,
DBW02282,2022-09-15,Thursday,Dadar,Sion,11.56,DW096,School,Non-Veg,2.28,56,Delivered,Cash,130.24,Yes,Average,
DBW02283,2022-08-25,Thursday,Borivali,Dadar,11.58,DW032,Corporate,Mix,1.88,50,Delivered,Cash,149.73,No,Excellent,
DBW02284,2023-07-29,Saturday,Chembur,Bandra,13.76,DW022,Residential,Veg,1.84,60,Delivered,Cash,129.36,No,Good,
DBW02285,2023-05-13,Saturday,Thane,Lower Parel,16.44,DW016,School,Veg,1.44,52,Delivered,Cash,171.79,Yes,Good,
DBW02286,2023-08-31,Thursday,Borivali,Thane,5.66,DW015,Corporate,Mix,1.54,30,Delivered,Digital,94.13,No,Excellent,
DBW02287,2023-10-24,Tuesday,Borivali,Sion,1.73,DW011,Hospital,Non-Veg,1.91,32,Delivered,Cash,64.57,Yes,Good,
DBW02288,2023-08-23,Wednesday,Dadar,Churchgate,12.99,DW039,Hospital,Mix,1.78,47,Delivered,Cash,153.13,Yes,Excellent,
DBW02289,2023-11-15,Wednesday,Chembur,Thane,8.09,DW121,Residential,Non-Veg,2.39,47,Delivered,Digital,94.94,Yes,Excellent,
DBW02290,2022-11-01,Tuesday,Chembur,Kurla,9.41,DW092,School,Non-Veg,1.57,50,Returned,Cash,118.61,No,Poor,nan
DBW02291,2022-10-16,Sunday,Sion,Vikhroli,6.01,DW038,Residential,Veg,1.6,31,Delivered,Monthly-Pre-paid,62.81,No,Good,
DBW02292,2022-08-23,Tuesday,Lower Parel,Bandra,9.61,DW140,Residential,Mix,0.97,42,Delivered,Monthly-Pre-paid,130.96,No,Poor,
DBW02293,2022-06-21,Tuesday,Borivali,Ghatkopar,18.75,DW115,Residential,Veg,2.12,78,Delivered,Cash,165.72,No,Good,
DBW02294,2023-07-01,Saturday,Borivali,Dadar,11.35,DW117,Corporate,Non-Veg,2.08,49,Delayed,Digital,139.6,Yes,nan,
DBW02295,2023-06-06,Tuesday,Churchgate,Dadar,12.43,DW135,Corporate,Non-Veg,2.29,50,Delivered,Monthly-Pre-paid,145.11,Yes,Average,
DBW02296,2023-08-09,Wednesday,Bandra,Thane,16.05,DW112,Corporate,Mix,2.32,59,Delivered,Monthly-Pre-paid,173.98,No,Good,
DBW02297,2022-05-03,Tuesday,Thane,Dadar,10.54,DW144,Corporate,Mix,2.19,56,Delivered,Cash,145.29,No,Excellent,
DBW02298,2022-12-25,Sunday,Sion,Bandra,16.75,DW050,Hospital,Mix,2.22,59,Delayed,Monthly-Pre-paid,179.8,No,Poor,
DBW02299,2022-06-12,Sunday,Churchgate,Worli,3.64,DW129,School,Veg,2.11,13,Delivered,Digital,39.2,No,Average,
DBW02300,2023-10-14,Saturday,Sion,Andheri,11.18,DW017,School,Veg,2.18,47,Delivered,Monthly-Pre-paid,128.31,Yes,Excellent,
DBW02301,2022-07-15,Friday,Goregaon,Lower Parel,8.66,DW046,Corporate,Mix,0.88,45,Delivered,Cash,70.98,No,nan,
DBW02302,2022-04-16,Saturday,Lower Parel,Vikhroli,11.53,DW134,Residential,Mix,1.25,34,Delivered,Monthly-Pre-paid,120.86,No,Good,
DBW02303,2023-02-21,Tuesday,Chembur,Churchgate,18.66,DW021,Residential,Non-Veg,1.17,62,Delivered,Monthly-Pre-paid,172.94,No,Excellent,
DBW02304,2023-10-04,Wednesday,Vikhroli,Thane,4.77,DW076,Corporate,Mix,2.44,35,Delivered,Cash,77.69,Yes,Good,
DBW02305,2023-10-31,Tuesday,Worli,Borivali,5.61,DW052,Residential,Veg,1.41,37,Delivered,Monthly-Pre-paid,62.56,Yes,Poor,
DBW02306,2022-03-12,Saturday,Sion,Goregaon,18.27,DW016,Corporate,Non-Veg,1.49,56,Delivered,Cash,164.29,No,Good,
DBW02307,2022-08-26,Friday,Chembur,Kurla,7.3,DW036,School,Veg,1.8,50,Delivered,Monthly-Pre-paid,95.91,No,Poor,
DBW02308,2022-04-23,Saturday,Chembur,Vikhroli,10.89,DW081,Corporate,Mix,1.18,29,Delivered,Monthly-Pre-paid,134.7,No,Good,
DBW02309,2022-08-13,Saturday,Bandra,Malad,10.2,DW095,Hospital,Mix,1.99,26,Delivered,Cash,111.66,Yes,Excellent,
DBW02310,2023-01-25,Wednesday,Vikhroli,Kurla,2.25,DW102,Hospital,Veg,0.73,20,Delivered,Monthly-Pre-paid,82.83,No,Excellent,
DBW02311,2022-07-24,Sunday,Borivali,Ghatkopar,17.93,DW020,Residential,Mix,1.21,50,Delivered,Monthly-Pre-paid,168.27,Yes,Poor,
DBW02312,2022-02-19,Saturday,Borivali,Thane,3.3,DW048,Corporate,Veg,1.9,17,Delivered,Digital,66.62,No,Excellent,
DBW02313,2023-01-08,Sunday,Sion,Dadar,11.29,DW016,Corporate,Mix,1.18,34,Delivered,Cash,125.43,Yes,nan,
DBW02314,2022-02-08,Tuesday,Malad,Kurla,4.79,DW002,School,Veg,2.45,34,Delivered,Digital,63.17,No,Good,
DBW02315,2022-06-15,Wednesday,Borivali,Kurla,5.98,DW059,Corporate,Mix,1.82,25,Delivered,Monthly-Pre-paid,97.49,Yes,nan,
DBW02316,2022-01-01,Saturday,Churchgate,Goregaon,11.03,DW094,Corporate,Non-Veg,2.37,40,Delivered,Cash,104.9,No,Excellent,
DBW02317,2022-03-05,Saturday,Bandra,Sion,16.79,DW056,School,Veg,1.98,76,Delayed,Monthly-Pre-paid,133.16,Yes,Good,
DBW02318,2022-11-15,Tuesday,Sion,Ghatkopar,19.12,DW007,Residential,Veg,1.79,86,Delayed,Cash,181.05,Yes,Excellent,
DBW02319,2023-09-14,Thursday,Lower Parel,Churchgate,14.87,DW033,Residential,Non-Veg,1.3,49,Delivered,Monthly-Pre-paid,145.13,No,Good,
DBW02320,2023-07-20,Thursday,Lower Parel,Ghatkopar,4.25,DW065,Corporate,Veg,2.26,38,Delivered,Digital,79.91,Yes,Poor,
DBW02321,2022-03-14,Monday,Andheri,Goregaon,19.8,DW054,Residential,Non-Veg,2.02,67,Delivered,Monthly-Pre-paid,169.62,No,Excellent,
DBW02322,2022-01-26,Wednesday,Chembur,Vikhroli,10.97,DW124,Hospital,Mix,2.84,44,Delivered,Cash,125.62,Yes,Poor,
DBW02323,2022-09-04,Sunday,Andheri,Dadar,6.3,DW090,Corporate,Mix,2.21,20,Delivered,Cash,86.47,No,Good,
DBW02324,2023-04-22,Saturday,Worli,Sion,8.29,DW150,Corporate,Non-Veg,1.6,36,Delivered,Digital,101.19,No,Average,
DBW02325,2023-06-30,Friday,Chembur,Ghatkopar,18.98,DW027,Corporate,Mix,1.94,68,Delivered,Monthly-Pre-paid,197.46,No,Good,
DBW02326,2023-08-24,Thursday,Kurla,Vikhroli,2.25,DW056,Residential,Mix,2.01,34,Delivered,Monthly-Pre-paid,47.67,Yes,nan,
DBW02327,2022-09-07,Wednesday,Worli,Sion,5.22,DW014,Corporate,Non-Veg,2.38,50,Delayed,Monthly-Pre-paid,72.53,No,Poor,
DBW02328,2022-05-03,Tuesday,Dadar,Thane,10.12,DW004,Hospital,Veg,2.46,37,Delivered,Monthly-Pre-paid,117.73,Yes,nan,
DBW02329,2022-01-20,Thursday,Ghatkopar,Borivali,18.18,DW139,Corporate,Mix,1.72,66,Delivered,Monthly-Pre-paid,173.9,No,Excellent,
DBW02330,2022-04-18,Monday,Andheri,Malad,0.56,DW074,Corporate,Veg,1.19,30,Delivered,Monthly-Pre-paid,14.15,No,Good,
DBW02331,2022-02-17,Thursday,Borivali,Borivali,0.5,DW099,School,Non-Veg,0.87,19,Delivered,Cash,27.84,Yes,Poor,
DBW02332,2023-09-21,Thursday,Lower Parel,Sion,17.28,DW042,School,Mix,1.23,68,Delivered,Cash,164.39,Yes,Average,
DBW02333,2022-07-15,Friday,Bandra,Dadar,6.32,DW008,Residential,Non-Veg,1.5,44,Delivered,Cash,72.09,No,Good,
DBW02334,2023-08-24,Thursday,Borivali,Bandra,19.19,DW134,School,Non-Veg,2.55,62,Delivered,Digital,178.78,No,Good,
DBW02335,2023-02-08,Wednesday,Goregaon,Andheri,18.56,DW099,Corporate,Non-Veg,2.56,64,Delivered,Cash,181.17,Yes,Good,
DBW02336,2023-01-29,Sunday,Sion,Ghatkopar,19.53,DW107,Residential,Non-Veg,2.28,62,Delivered,Digital,182.14,No,Good,
DBW02337,2022-11-28,Monday,Dadar,Chembur,9.78,DW081,Corporate,Mix,2.42,51,Delivered,Digital,121.09,Yes,Good,
DBW02338,2023-08-22,Tuesday,Vikhroli,Vikhroli,0.5,DW061,Residential,Mix,1.45,30,Delayed,Digital,47.04,No,Good,
DBW02339,2022-02-01,Tuesday,Andheri,Sion,13.15,DW064,Residential,Mix,1.04,50,Delivered,Digital,99.52,Yes,Good,
DBW02340,2022-03-09,Wednesday,Sion,Borivali,2.04,DW115,Hospital,Veg,1.3,24,Delivered,Monthly-Pre-paid,24.85,No,Good,
DBW02341,2022-11-06,Sunday,Malad,Ghatkopar,15.11,DW035,Corporate,Veg,0.78,40,Delivered,Cash,114.79,No,Excellent,
DBW02342,2022-10-15,Saturday,Goregaon,Chembur,27.61,DW052,Corporate,Non-Veg,1.24,65,Delivered,Cash,246.81,Yes,Excellent,
DBW02343,2023-02-03,Friday,Lower Parel,Lower Parel,0.5,DW047,School,Mix,1.55,27,Delivered,Digital,28.96,No,Average,
DBW02344,2023-06-23,Friday,Bandra,Vikhroli,15.05,DW079,Residential,Non-Veg,1.88,60,Returned,Cash,152.64,Yes,nan,nan
DBW02345,2023-03-05,Sunday,Worli,Ghatkopar,17.71,DW146,Corporate,Veg,1.87,47,Delivered,Monthly-Pre-paid,184.29,No,Excellent,
DBW02346,2022-07-07,Thursday,Goregaon,Thane,19.24,DW139,Corporate,Veg,1.46,87,Delayed,Digital,183.28,No,nan,
DBW02347,2022-08-27,Saturday,Lower Parel,Ghatkopar,2.49,DW082,Corporate,Veg,2.08,25,Delivered,Cash,40.88,Yes,Average,
DBW02348,2023-07-04,Tuesday,Worli,Andheri,15.94,DW031,Corporate,Mix,1.46,67,Delivered,Digital,157.45,No,nan,
DBW02349,2022-05-28,Saturday,Bandra,Kurla,12.64,DW142,Corporate,Mix,1.81,38,Delivered,Cash,123.7,Yes,Good,
DBW02350,2023-01-04,Wednesday,Thane,Dadar,9.71,DW047,Residential,Non-Veg,1.25,42,Delivered,Digital,85.53,No,Average,
DBW02351,2023-01-29,Sunday,Churchgate,Ghatkopar,17.67,DW054,Residential,Non-Veg,2.34,59,Delivered,Digital,185.73,No,Good,
DBW02352,2023-07-02,Sunday,Vikhroli,Borivali,4.76,DW133,Residential,Veg,1.81,16,Delivered,Cash,74.47,No,nan,
DBW02353,2023-06-06,Tuesday,Dadar,Dadar,0.5,DW040,Corporate,Mix,2.14,25,Delivered,Monthly-Pre-paid,55.73,No,Excellent,
DBW02354,2022-12-06,Tuesday,Andheri,Churchgate,17.17,DW070,Corporate,Non-Veg,1.19,59,Delivered,Cash,148.77,No,Excellent,
DBW02355,2022-08-14,Sunday,Vikhroli,Malad,7.49,DW138,Corporate,Mix,1.89,24,Returned,Cash,65.72,No,Poor,Damaged
DBW02356,2022-09-26,Monday,Goregaon,Goregaon,0.5,DW048,Hospital,Non-Veg,2.09,20,Delivered,Digital,19.96,No,Excellent,
DBW02357,2022-10-28,Friday,Goregaon,Goregaon,0.5,DW094,Residential,Non-Veg,0.78,27,Delivered,Cash,39.98,Yes,nan,
DBW02358,2022-06-10,Friday,Andheri,Malad,1.65,DW006,Corporate,Non-Veg,2.38,37,Delivered,Monthly-Pre-paid,56.08,No,Excellent,
DBW02359,2023-04-02,Sunday,Bandra,Vikhroli,15.3,DW150,Residential,Non-Veg,1.18,50,Delivered,Digital,156.71,No,Excellent,
DBW02360,2022-06-02,Thursday,Malad,Worli,15.73,DW063,Residential,Mix,1.91,53,Delivered,Cash,158.01,No,Good,
DBW02361,2023-04-19,Wednesday,Ghatkopar,Sion,19.08,DW101,Residential,Non-Veg,2.69,77,Delayed,Digital,195.49,No,Average,
DBW02362,2023-07-03,Monday,Bandra,Lower Parel,8.77,DW076,Residential,Mix,2.28,46,Delivered,Monthly-Pre-paid,93.24,Yes,Good,
DBW02363,2023-12-04,Monday,Thane,Kurla,4.12,DW066,School,Mix,1.06,32,Delivered,Monthly-Pre-paid,78.84,Yes,nan,
DBW02364,2022-03-28,Monday,Churchgate,Sion,9.36,DW061,Corporate,Non-Veg,1.71,44,Delivered,Digital,134.67,No,Average,
DBW02365,2023-07-09,Sunday,Malad,Dadar,6.59,DW003,Residential,Veg,2.42,32,Delivered,Monthly-Pre-paid,66.8,Yes,Good,
DBW02366,2022-03-04,Friday,Bandra,Bandra,0.5,DW042,Residential,Mix,1.39,40,Delivered,Cash,30.19,No,Good,
DBW02367,2022-09-04,Sunday,Dadar,Dadar,0.55,DW058,Residential,Mix,1.62,9,Delivered,Monthly-Pre-paid,13.57,Yes,Good,
DBW02368,2022-05-09,Monday,Chembur,Dadar,10.42,DW056,Corporate,Mix,1.61,42,Delivered,Cash,98.92,No,Average,
DBW02369,2022-04-29,Friday,Chembur,Lower Parel,17.35,DW042,Residential,Mix,2.09,79,Delivered,Digital,174.65,No,nan,
DBW02370,2022-05-09,Monday,Malad,Churchgate,17.28,DW097,Corporate,Veg,1.03,66,Delivered,Cash,142.95,Yes,nan,
DBW02371,2022-02-02,Wednesday,Goregaon,Borivali,14.31,DW125,Residential,Mix,2.11,53,Delivered,Digital,132.77,No,Excellent,
DBW02372,2023-08-24,Thursday,Kurla,Sion,5.0,DW134,Residential,Veg,1.49,35,Delivered,Cash,85.77,Yes,Good,
DBW02373,2022-02-14,Monday,Andheri,Goregaon,19.01,DW146,Corporate,Veg,1.79,72,Delivered,Cash,185.45,Yes,Good,
DBW02374,2022-10-18,Tuesday,Churchgate,Lower Parel,13.94,DW098,School,Veg,1.69,58,Delivered,Digital,153.07,No,Average,
DBW02375,2023-05-26,Friday,Malad,Andheri,0.58,DW062,Hospital,Veg,2.1,23,Delivered,Monthly-Pre-paid,15.23,Yes,Good,
DBW02376,2023-12-24,Sunday,Ghatkopar,Worli,18.68,DW097,Residential,Veg,1.79,58,Delivered,Monthly-Pre-paid,180.44,Yes,nan,
DBW02377,2023-09-16,Saturday,Ghatkopar,Worli,19.19,DW020,School,Veg,2.52,53,Delivered,Monthly-Pre-paid,211.83,Yes,Good,
DBW02378,2022-04-11,Monday,Churchgate,Ghatkopar,15.98,DW123,Hospital,Non-Veg,2.29,61,Delivered,Cash,147.93,Yes,Good,
DBW02379,2023-12-23,Saturday,Goregaon,Vikhroli,13.62,DW081,Corporate,Non-Veg,1.4,33,Delivered,Monthly-Pre-paid,131.63,Yes,Average,
DBW02380,2023-04-23,Sunday,Chembur,Andheri,5.39,DW025,Residential,Non-Veg,2.48,38,Delivered,Cash,81.84,No,Good,
DBW02381,2022-05-12,Thursday,Lower Parel,Dadar,6.73,DW064,Residential,Veg,1.96,33,Delivered,Monthly-Pre-paid,70.32,No,nan,
DBW02382,2022-11-24,Thursday,Churchgate,Chembur,18.54,DW046,Residential,Mix,1.88,65,Delivered,Monthly-Pre-paid,189.06,Yes,Excellent,
DBW02383,2023-11-02,Thursday,Sion,Chembur,10.03,DW053,School,Veg,2.22,59,Returned,Monthly-Pre-paid,83.26,Yes,Excellent,nan
DBW02384,2022-10-14,Friday,Bandra,Worli,19.6,DW008,Residential,Non-Veg,1.28,67,Delivered,Digital,150.43,Yes,nan,
DBW02385,2022-05-15,Sunday,Goregaon,Bandra,19.17,DW003,Corporate,Veg,1.11,60,Delivered,Monthly-Pre-paid,188.11,Yes,Good,
DBW02386,2023-10-01,Sunday,Vikhroli,Vikhroli,0.5,DW053,Residential,Veg,1.81,23,Delivered,Digital,19.3,Yes,Excellent,
DBW02387,2023-11-27,Monday,Andheri,Borivali,10.43,DW046,Residential,Veg,1.5,48,Delivered,Cash,104.95,No,Average,
DBW02388,2023-12-14,Thursday,Kurla,Chembur,8.91,DW150,Corporate,Mix,2.84,50,Delivered,Digital,114.41,No,nan,
DBW02389,2023-11-29,Wednesday,Malad,Dadar,7.63,DW040,Corporate,Veg,1.42,37,Delivered,Cash,100.41,No,nan,
DBW02390,2023-09-30,Saturday,Worli,Thane,10.99,DW050,Corporate,Non-Veg,1.82,36,Delivered,Cash,99.49,No,nan,
DBW02391,2022-11-28,Monday,Goregaon,Worli,13.79,DW138,Residential,Non-Veg,1.9,75,Delayed,Cash,148.1,No,Excellent,
DBW02392,2022-05-21,Saturday,Chembur,Goregaon,25.05,DW129,Corporate,Veg,2.42,76,Returned,Cash,225.91,Yes,Poor,nan
DBW02393,2023-03-27,Monday,Malad,Andheri,3.2,DW009,Corporate,Non-Veg,1.3,30,Delivered,Monthly-Pre-paid,61.89,Yes,Excellent,
DBW02394,2022-06-11,Saturday,Churchgate,Churchgate,0.5,DW013,Corporate,Veg,0.99,29,Delayed,Monthly-Pre-paid,33.7,No,Good,
DBW02395,2022-12-12,Monday,Churchgate,Sion,8.61,DW015,Residential,Veg,2.5,47,Delivered,Monthly-Pre-paid,76.36,No,Excellent,
DBW02396,2023-04-24,Monday,Malad,Malad,0.5,DW069,Corporate,Mix,1.84,30,Delivered,Digital,23.3,No,Good,
DBW02397,2023-11-23,Thursday,Bandra,Lower Parel,11.39,DW086,Corporate,Non-Veg,2.2,67,Delayed,Monthly-Pre-paid,84.98,No,Excellent,
DBW02398,2022-07-31,Sunday,Ghatkopar,Bandra,10.0,DW053,Residential,Non-Veg,2.23,57,Delayed,Cash,112.76,No,Poor,
DBW02399,2022-07-03,Sunday,Malad,Thane,6.52,DW002,Corporate,Veg,2.32,20,Delivered,Monthly-Pre-paid,88.08,No,nan,
DBW02400,2023-06-21,Wednesday,Churchgate,Bandra,18.89,DW031,Corporate,Non-Veg,1.61,63,Delivered,Monthly-Pre-paid,170.55,No,Excellent,
DBW02401,2022-01-05,Wednesday,Bandra,Churchgate,19.29,DW093,Residential,Mix,1.48,65,Delivered,Cash,182.61,No,Excellent,
DBW02402,2023-02-18,Saturday,Lower Parel,Dadar,8.37,DW056,Corporate,Mix,0.8,31,Delivered,Digital,82.38,No,Excellent,
DBW02403,2023-06-29,Thursday,Churchgate,Dadar,11.83,DW019,Corporate,Veg,1.3,40,Delivered,Cash,143.45,Yes,Good,
DBW02404,2023-02-07,Tuesday,Kurla,Dadar,4.38,DW098,Corporate,Mix,1.83,33,Delivered,Cash,45.77,Yes,Poor,
DBW02405,2022-10-08,Saturday,Kurla,Malad,8.27,DW093,Corporate,Veg,1.45,41,Returned,Cash,91.53,Yes,Average,Wrong Address
DBW02406,2023-08-28,Monday,Churchgate,Borivali,9.14,DW074,Residential,Mix,1.23,50,Delivered,Monthly-Pre-paid,83.64,No,Good,
DBW02407,2022-09-28,Wednesday,Churchgate,Vikhroli,8.39,DW142,School,Non-Veg,1.83,34,Delivered,Cash,100.62,No,nan,
DBW02408,2023-06-03,Saturday,Andheri,Goregaon,19.96,DW127,Corporate,Mix,2.47,59,Delivered,Digital,205.24,Yes,Good,
DBW02409,2022-12-05,Monday,Borivali,Malad,12.3,DW006,Residential,Non-Veg,1.77,61,Delivered,Monthly-Pre-paid,97.27,Yes,Average,
DBW02410,2022-01-20,Thursday,Thane,Andheri,6.19,DW136,Hospital,Mix,1.23,36,Delivered,Monthly-Pre-paid,89.33,No,Good,
DBW02411,2023-01-23,Monday,Malad,Goregaon,20.17,DW008,Residential,Mix,2.44,70,Delivered,Digital,215.82,No,Average,
DBW02412,2022-02-06,Sunday,Thane,Sion,3.85,DW073,Residential,Veg,1.41,35,Delayed,Cash,62.73,No,Good,
DBW02413,2023-11-11,Saturday,Lower Parel,Andheri,10.74,DW136,Residential,Mix,2.54,44,Delivered,Digital,105.83,Yes,Excellent,
DBW02414,2023-03-16,Thursday,Ghatkopar,Vikhroli,13.98,DW148,Residential,Non-Veg,1.67,76,Delayed,Cash,141.29,Yes,Average,
DBW02415,2022-09-29,Thursday,Bandra,Borivali,18.43,DW004,School,Veg,1.85,55,Delivered,Monthly-Pre-paid,169.25,Yes,Good,
DBW02416,2022-12-21,Wednesday,Borivali,Borivali,0.5,DW011,Corporate,Non-Veg,2.58,29,Delivered,Monthly-Pre-paid,63.46,Yes,Good,
DBW02417,2023-03-29,Wednesday,Vikhroli,Malad,8.43,DW037,Hospital,Veg,1.12,36,Delivered,Cash,109.93,Yes,Average,
DBW02418,2022-07-09,Saturday,Sion,Ghatkopar,18.4,DW042,Residential,Non-Veg,1.27,67,Delivered,Cash,190.74,Yes,Good,
DBW02419,2022-07-30,Saturday,Thane,Dadar,8.2,DW042,Residential,Non-Veg,1.64,48,Returned,Monthly-Pre-paid,127.9,No,Excellent,nan
DBW02420,2022-11-02,Wednesday,Lower Parel,Andheri,13.16,DW063,Residential,Non-Veg,1.73,42,Delivered,Monthly-Pre-paid,155.44,No,Poor,
DBW02421,2022-07-08,Friday,Thane,Vikhroli,5.19,DW048,Corporate,Non-Veg,3.12,39,Delivered,Monthly-Pre-paid,69.69,Yes,Excellent,
DBW02422,2023-07-08,Saturday,Bandra,Chembur,12.37,DW088,Corporate,Non-Veg,1.36,43,Returned,Monthly-Pre-paid,129.32,No,Excellent,nan
DBW02423,2022-03-17,Thursday,Lower Parel,Goregaon,9.63,DW129,School,Mix,1.15,39,Delivered,Digital,142.41,Yes,Good,
DBW02424,2023-08-27,Sunday,Dadar,Thane,9.72,DW082,Residential,Non-Veg,1.33,53,Delayed,Digital,96.7,No,Excellent,
DBW02425,2022-09-12,Monday,Borivali,Goregaon,16.87,DW050,Hospital,Veg,1.92,60,Delivered,Cash,162.4,Yes,Good,
DBW02426,2023-02-14,Tuesday,Sion,Andheri,8.78,DW086,Corporate,Non-Veg,2.05,50,Delivered,Monthly-Pre-paid,85.06,No,Average,
DBW02427,2022-04-26,Tuesday,Lower Parel,Goregaon,10.25,DW094,Corporate,Mix,1.45,65,Delayed,Monthly-Pre-paid,84.7,Yes,Average,
DBW02428,2022-10-09,Sunday,Churchgate,Andheri,15.11,DW135,Corporate,Non-Veg,1.81,47,Delivered,Monthly-Pre-paid,137.7,No,Good,
DBW02429,2023-07-05,Wednesday,Vikhroli,Vikhroli,0.5,DW143,Corporate,Veg,2.77,29,Delivered,Digital,21.1,No,Excellent,
DBW02430,2022-07-17,Sunday,Vikhroli,Kurla,2.2,DW042,Residential,Mix,1.82,22,Delivered,Monthly-Pre-paid,38.24,Yes,nan,
DBW02431,2022-04-07,Thursday,Churchgate,Malad,16.46,DW138,School,Non-Veg,1.96,61,Delivered,Cash,170.85,No,Poor,
DBW02432,2023-01-17,Tuesday,Ghatkopar,Churchgate,17.73,DW123,Hospital,Non-Veg,2.74,51,Delivered,Digital,171.67,No,Excellent,
DBW02433,2022-04-29,Friday,Churchgate,Malad,17.38,DW020,Residential,Veg,1.45,66,Delivered,Cash,184.2,Yes,Average,
DBW02434,2022-08-18,Thursday,Bandra,Bandra,1.13,DW084,Corporate,Mix,1.42,20,Delivered,Digital,41.3,Yes,nan,
DBW02435,2022-11-25,Friday,Dadar,Malad,7.2,DW023,Residential,Veg,1.57,42,Delivered,Cash,90.26,No,nan,
DBW02436,2023-02-16,Thursday,Churchgate,Bandra,20.01,DW074,Residential,Non-Veg,1.54,70,Delivered,Cash,185.73,No,Good,
DBW02437,2023-04-12,Wednesday,Ghatkopar,Malad,13.45,DW007,Residential,Non-Veg,0.89,48,Delivered,Digital,166.84,Yes,Average,
DBW02438,2023-05-09,Tuesday,Goregaon,Worli,13.17,DW045,Residential,Non-Veg,1.87,49,Delivered,Cash,129.02,No,Average,
DBW02439,2023-09-09,Saturday,Lower Parel,Ghatkopar,3.61,DW089,Corporate,Veg,1.91,17,Delivered,Cash,72.65,No,Average,
DBW02440,2022-02-18,Friday,Bandra,Ghatkopar,9.45,DW046,Corporate,Mix,1.71,54,Delivered,Monthly-Pre-paid,87.88,No,nan,
DBW02441,2022-09-22,Thursday,Chembur,Lower Parel,17.61,DW002,School,Non-Veg,1.92,54,Delivered,Cash,167.24,No,Good,
DBW02442,2022-01-01,Saturday,Ghatkopar,Lower Parel,4.1,DW059,Residential,Mix,1.93,44,Delayed,Monthly-Pre-paid,92.94,Yes,Excellent,
DBW02443,2022-01-07,Friday,Worli,Sion,6.82,DW082,School,Mix,1.14,39,Delivered,Digital,94.86,No,Average,
DBW02444,2022-06-04,Saturday,Borivali,Ghatkopar,20.74,DW115,Corporate,Mix,1.94,63,Delivered,Cash,174.94,No,nan,
DBW02445,2023-03-13,Monday,Thane,Ghatkopar,18.39,DW021,Residential,Non-Veg,2.08,75,Delivered,Cash,161.65,No,Poor,
DBW02446,2023-10-15,Sunday,Dadar,Chembur,11.82,DW072,Corporate,Mix,1.0,33,Delivered,Monthly-Pre-paid,148.56,Yes,Excellent,
DBW02447,2023-07-19,Wednesday,Chembur,Thane,5.59,DW030,Hospital,Non-Veg,2.53,30,Delivered,Cash,76.08,No,Poor,
DBW02448,2023-04-17,Monday,Ghatkopar,Ghatkopar,0.5,DW024,Corporate,Non-Veg,1.18,14,Delivered,Monthly-Pre-paid,29.87,Yes,Excellent,
DBW02449,2023-07-23,Sunday,Kurla,Chembur,5.86,DW019,Residential,Non-Veg,1.23,27,Delivered,Cash,65.22,Yes,nan,
DBW02450,2022-05-06,Friday,Lower Parel,Andheri,13.8,DW114,Corporate,Mix,1.9,58,Delivered,Digital,135.65,Yes,Average,
DBW02451,2023-09-06,Wednesday,Vikhroli,Bandra,14.55,DW138,Corporate,Veg,2.07,61,Delivered,Digital,167.65,Yes,Excellent,
DBW02452,2023-10-12,Thursday,Malad,Churchgate,17.74,DW100,Corporate,Mix,2.19,67,Delivered,Cash,161.45,No,Excellent,
DBW02453,2022-03-11,Friday,Bandra,Thane,15.12,DW057,Residential,Veg,2.08,58,Delivered,Monthly-Pre-paid,141.92,Yes,Good,
DBW02454,2022-12-10,Saturday,Andheri,Borivali,11.29,DW143,Hospital,Mix,1.54,28,Delivered,Cash,129.34,No,Excellent,
DBW02455,2023-08-29,Tuesday,Malad,Lower Parel,13.89,DW075,School,Veg,1.85,46,Delivered,Monthly-Pre-paid,125.54,No,Excellent,
DBW02456,2022-12-14,Wednesday,Ghatkopar,Worli,20.68,DW080,Residential,Mix,1.64,68,Delivered,Digital,181.44,No,Poor,
DBW02457,2023-09-06,Wednesday,Goregaon,Kurla,18.28,DW096,Residential,Mix,1.89,58,Delivered,Cash,176.3,Yes,Excellent,
DBW02458,2023-11-14,Tuesday,Vikhroli,Ghatkopar,15.08,DW099,Residential,Mix,1.83,55,Delivered,Monthly-Pre-paid,151.1,No,nan,
DBW02459,2022-12-13,Tuesday,Sion,Thane,4.08,DW074,Corporate,Mix,1.55,32,Delivered,Cash,50.47,Yes,Good,
DBW02460,2022-02-13,Sunday,Lower Parel,Goregaon,10.9,DW072,Hospital,Non-Veg,1.63,34,Delivered,Cash,124.3,No,Good,
DBW02461,2022-09-06,Tuesday,Thane,Goregaon,19.23,DW048,Residential,Mix,0.87,64,Delivered,Digital,187.11,Yes,Average,
DBW02462,2022-06-07,Tuesday,Goregaon,Worli,13.1,DW103,Residential,Non-Veg,2.22,69,Delivered,Digital,105.18,No,Good,
DBW02463,2022-12-13,Tuesday,Bandra,Churchgate,19.49,DW101,Corporate,Veg,1.95,62,Delivered,Digital,197.61,Yes,Good,
DBW02464,2023-03-04,Saturday,Borivali,Lower Parel,15.29,DW066,Corporate,Non-Veg,0.65,64,Delayed,Monthly-Pre-paid,143.77,No,Average,
DBW02465,2022-12-05,Monday,Chembur,Thane,7.12,DW107,Corporate,Veg,2.2,35,Delivered,Monthly-Pre-paid,99.09,No,Excellent,
DBW02466,2022-05-23,Monday,Bandra,Ghatkopar,7.11,DW021,School,Non-Veg,1.77,45,Delivered,Monthly-Pre-paid,118.08,No,Good,
DBW02467,2022-08-08,Monday,Dadar,Andheri,6.9,DW063,Residential,Veg,1.33,33,Delivered,Cash,84.19,No,Average,
DBW02468,2023-05-12,Friday,Thane,Dadar,10.56,DW149,Residential,Veg,1.29,61,Delivered,Monthly-Pre-paid,104.83,No,Good,
DBW02469,2022-01-20,Thursday,Bandra,Thane,17.23,DW111,Residential,Mix,1.46,70,Delivered,Digital,188.49,No,Excellent,
DBW02470,2022-06-06,Monday,Churchgate,Andheri,14.72,DW109,Residential,Mix,1.33,70,Delivered,Monthly-Pre-paid,135.14,Yes,Excellent,
DBW02471,2023-10-14,Saturday,Vikhroli,Vikhroli,1.9,DW130,Corporate,Non-Veg,1.4,29,Delayed,Cash,73.6,No,Average,
DBW02472,2022-03-14,Monday,Ghatkopar,Thane,16.95,DW092,Corporate,Non-Veg,2.65,90,Delayed,Digital,158.66,Yes,nan,
DBW02473,2022-10-30,Sunday,Chembur,Goregaon,23.22,DW100,Residential,Non-Veg,1.99,63,Delivered,Monthly-Pre-paid,206.33,Yes,Excellent,
DBW02474,2022-06-01,Wednesday,Dadar,Dadar,0.5,DW073,Corporate,Non-Veg,2.82,29,Delivered,Monthly-Pre-paid,69.49,No,Good,
DBW02475,2022-03-18,Friday,Kurla,Chembur,9.45,DW124,Corporate,Mix,1.91,43,Delivered,Digital,111.08,No,Excellent,
DBW02476,2022-11-05,Saturday,Malad,Andheri,1.25,DW107,Residential,Veg,2.09,14,Delivered,Digital,64.29,Yes,nan,
DBW02477,2023-01-16,Monday,Sion,Kurla,5.36,DW079,Corporate,Non-Veg,1.36,29,Delivered,Cash,72.45,No,nan,
DBW02478,2022-05-09,Monday,Vikhroli,Chembur,10.34,DW020,School,Veg,1.72,43,Delivered,Digital,111.22,No,Good,
DBW02479,2022-02-26,Saturday,Andheri,Dadar,4.5,DW121,Hospital,Mix,1.76,17,Delivered,Digital,22.11,No,Excellent,
DBW02480,2022-04-09,Saturday,Andheri,Kurla,6.98,DW049,School,Non-Veg,2.11,29,Delivered,Cash,101.02,Yes,Average,
DBW02481,2023-04-21,Friday,Andheri,Goregaon,20.96,DW054,School,Mix,1.78,65,Delivered,Monthly-Pre-paid,203.48,No,Average,
DBW02482,2023-09-21,Thursday,Thane,Vikhroli,6.84,DW019,Corporate,Non-Veg,1.98,44,Delivered,Digital,83.05,No,Average,
DBW02483,2022-05-12,Thursday,Goregaon,Churchgate,9.76,DW033,Corporate,Veg,1.96,37,Delivered,Monthly-Pre-paid,116.99,No,Good,
DBW02484,2022-08-22,Monday,Kurla,Worli,7.21,DW019,Residential,Veg,1.65,45,Delivered,Cash,88.24,No,Excellent,
DBW02485,2022-09-08,Thursday,Ghatkopar,Sion,18.16,DW015,Corporate,Mix,1.6,64,Delivered,Cash,161.09,Yes,Excellent,
DBW02486,2022-09-21,Wednesday,Chembur,Bandra,14.21,DW004,School,Veg,1.47,40,Delivered,Monthly-Pre-paid,149.1,Yes,Average,
DBW02487,2022-06-28,Tuesday,Sion,Bandra,17.8,DW045,Corporate,Mix,2.34,60,Delivered,Monthly-Pre-paid,169.51,No,Good,
DBW02488,2022-02-10,Thursday,Chembur,Kurla,7.59,DW114,Residential,Non-Veg,1.65,42,Delivered,Cash,101.82,No,Good,
DBW02489,2023-01-19,Thursday,Chembur,Borivali,11.03,DW130,Residential,Veg,1.96,49,Delivered,Monthly-Pre-paid,114.07,No,nan,
DBW02490,2022-09-18,Sunday,Bandra,Sion,19.11,DW035,Hospital,Veg,1.72,54,Delivered,Cash,175.88,No,Poor,
DBW02491,2022-09-07,Wednesday,Sion,Bandra,18.62,DW064,Residential,Mix,2.33,78,Returned,Cash,170.81,Yes,Poor,Damaged
DBW02492,2022-07-13,Wednesday,Lower Parel,Goregaon,10.07,DW125,Residential,Veg,0.81,35,Delivered,Monthly-Pre-paid,97.27,No,Average,
DBW02493,2023-11-10,Friday,Sion,Ghatkopar,18.77,DW107,Corporate,Veg,1.95,66,Delivered,Digital,172.29,Yes,Average,
DBW02494,2023-03-22,Wednesday,Kurla,Malad,6.28,DW136,Residential,Mix,1.17,53,Delayed,Monthly-Pre-paid,86.75,No,Good,
DBW02495,2022-11-02,Wednesday,Worli,Borivali,4.22,DW064,Residential,Non-Veg,2.0,27,Delivered,Cash,52.53,No,Excellent,
DBW02496,2022-05-30,Monday,Borivali,Ghatkopar,19.45,DW026,Residential,Mix,1.73,67,Delivered,Monthly-Pre-paid,168.01,No,Average,
DBW02497,2023-08-08,Tuesday,Goregaon,Kurla,14.05,DW022,Residential,Veg,1.06,76,Delayed,Digital,154.27,Yes,Good,
DBW02498,2023-10-11,Wednesday,Ghatkopar,Thane,16.96,DW107,Corporate,Mix,1.97,60,Delivered,Monthly-Pre-paid,163.58,No,Good,
DBW02499,2022-01-24,Monday,Andheri,Goregaon,19.84,DW004,Corporate,Veg,1.91,64,Delivered,Digital,200.25,Yes,Average,
DBW02500,2023-11-10,Friday,Kurla,Andheri,8.22,DW070,School,Veg,1.68,46,Delivered,Cash,92.48,No,Good,
DBW02501,2023-05-26,Friday,Worli,Andheri,13.88,DW053,Corporate,Veg,1.75,59,Delivered,Monthly-Pre-paid,132.47,No,Average,
DBW02502,2022-03-14,Monday,Dadar,Vikhroli,5.86,DW138,Residential,Veg,1.88,45,Delivered,Cash,50.73,No,Excellent,
DBW02503,2023-07-04,Tuesday,Worli,Chembur,17.39,DW150,Residential,Non-Veg,2.39,76,Delivered,Digital,152.17,No,Poor,
DBW02504,2022-03-20,Sunday,Ghatkopar,Chembur,21.28,DW073,School,Veg,1.64,62,Delivered,Monthly-Pre-paid,187.11,Yes,nan,
DBW02505,2022-02-07,Monday,Ghatkopar,Worli,19.44,DW088,Corporate,Non-Veg,2.31,75,Delivered,Monthly-Pre-paid,189.75,No,Good,
DBW02506,2022-03-26,Saturday,Ghatkopar,Kurla,15.44,DW057,Corporate,Non-Veg,1.78,59,Delayed,Monthly-Pre-paid,151.85,Yes,Good,
DBW02507,2022-12-02,Friday,Sion,Dadar,11.37,DW117,Hospital,Mix,2.45,48,Delivered,Digital,105.57,No,Good,
DBW02508,2023-03-29,Wednesday,Chembur,Andheri,4.78,DW045,Residential,Veg,1.68,32,Delivered,Digital,26.54,Yes,Poor,
DBW02509,2022-10-25,Tuesday,Borivali,Bandra,18.88,DW112,Residential,Veg,1.47,60,Delivered,Monthly-Pre-paid,187.94,No,Good,
DBW02510,2022-03-31,Thursday,Kurla,Vikhroli,2.35,DW136,Corporate,Veg,1.25,38,Delivered,Cash,61.98,Yes,Poor,
DBW02511,2022-05-26,Thursday,Bandra,Andheri,9.61,DW026,Corporate,Non-Veg,1.78,34,Delivered,Digital,121.37,Yes,Good,
DBW02512,2023-09-15,Friday,Churchgate,Borivali,7.22,DW034,School,Non-Veg,1.4,42,Delivered,Cash,73.29,Yes,Poor,
DBW02513,2023-12-04,Monday,Kurla,Worli,10.74,DW057,Residential,Veg,2.5,51,Delivered,Cash,131.32,No,Good,
DBW02514,2023-07-05,Wednesday,Borivali,Sion,1.15,DW125,School,Non-Veg,1.36,21,Delivered,Digital,47.69,Yes,Good,
DBW02515,2022-03-17,Thursday,Vikhroli,Dadar,6.89,DW097,School,Non-Veg,1.45,41,Delivered,Monthly-Pre-paid,93.53,No,Excellent,
DBW02516,2023-08-22,Tuesday,Sion,Malad,9.22,DW030,Residential,Non-Veg,2.09,53,Delivered,Cash,94.63,No,nan,
DBW02517,2023-05-21,Sunday,Chembur,Malad,3.3,DW056,Residential,Non-Veg,2.39,24,Delivered,Monthly-Pre-paid,54.41,No,Good,
DBW02518,2023-01-20,Friday,Goregaon,Bandra,20.31,DW097,Residential,Non-Veg,2.17,78,Delivered,Cash,219.97,Yes,Average,
DBW02519,2022-04-15,Friday,Malad,Dadar,6.66,DW145,Hospital,Mix,2.33,37,Delivered,Monthly-Pre-paid,108.42,No,Excellent,
DBW02520,2023-12-29,Friday,Worli,Borivali,5.84,DW068,Residential,Mix,1.76,29,Delivered,Digital,75.98,No,Average,
DBW02521,2022-11-20,Sunday,Vikhroli,Thane,4.61,DW012,Corporate,Mix,1.77,19,Delivered,Cash,69.75,No,Good,
DBW02522,2022-02-02,Wednesday,Goregaon,Malad,20.98,DW016,School,Non-Veg,2.81,78,Delivered,Digital,164.92,Yes,Good,
DBW02523,2022-06-03,Friday,Bandra,Chembur,12.37,DW005,Residential,Veg,2.65,57,Delivered,Cash,147.02,Yes,Good,
DBW02524,2022-10-20,Thursday,Malad,Kurla,6.21,DW019,Hospital,Veg,2.16,36,Delivered,Digital,90.84,Yes,Good,
DBW02525,2022-02-15,Tuesday,Sion,Malad,11.24,DW062,Corporate,Non-Veg,2.35,68,Delayed,Cash,125.06,No,Poor,
DBW02526,2022-08-25,Thursday,Worli,Vikhroli,7.57,DW043,Residential,Non-Veg,2.23,45,Delivered,Digital,81.54,No,Good,
DBW02527,2022-12-08,Thursday,Chembur,Lower Parel,17.21,DW046,Residential,Non-Veg,1.2,71,Delivered,Cash,168.71,Yes,Poor,
DBW02528,2023-11-24,Friday,Kurla,Borivali,5.98,DW115,Residential,Veg,1.78,46,Delivered,Cash,99.85,No,Excellent,
DBW02529,2022-03-05,Saturday,Malad,Thane,7.98,DW072,Corporate,Mix,2.55,41,Delivered,Cash,99.25,Yes,Good,
DBW02530,2023-02-26,Sunday,Bandra,Vikhroli,13.67,DW110,Corporate,Veg,2.16,29,Delivered,Cash,178.83,Yes,Average,
DBW02531,2023-10-31,Tuesday,Bandra,Ghatkopar,7.94,DW082,Residential,Non-Veg,1.77,47,Delivered,Cash,105.7,No,nan,
DBW02532,2023-08-12,Saturday,Chembur,Borivali,14.04,DW031,School,Non-Veg,2.55,63,Delayed,Digital,128.55,No,Good,
DBW02533,2023-11-07,Tuesday,Worli,Goregaon,12.54,DW143,Corporate,Non-Veg,1.98,64,Delivered,Digital,124.14,No,Average,
DBW02534,2022-05-05,Thursday,Sion,Worli,7.68,DW072,Corporate,Veg,2.18,41,Delivered,Cash,80.78,No,Average,
DBW02535,2023-08-08,Tuesday,Chembur,Worli,16.02,DW126,Residential,Non-Veg,1.99,56,Delivered,Digital,171.01,No,Poor,
DBW02536,2023-12-16,Saturday,Kurla,Andheri,6.5,DW015,Corporate,Veg,2.07,22,Delivered,Monthly-Pre-paid,99.33,No,nan,
DBW02537,2022-08-27,Saturday,Vikhroli,Dadar,7.81,DW128,Corporate,Mix,2.11,36,Delayed,Digital,118.24,No,Good,
DBW02538,2022-12-31,Saturday,Thane,Malad,6.93,DW108,Residential,Mix,2.45,51,Delayed,Cash,80.46,Yes,Poor,
DBW02539,2023-01-23,Monday,Borivali,Bandra,17.58,DW038,Residential,Mix,2.51,68,Delivered,Digital,177.63,Yes,nan,
DBW02540,2022-12-27,Tuesday,Thane,Dadar,8.05,DW119,Corporate,Mix,1.57,37,Delivered,Monthly-Pre-paid,113.59,Yes,Good,
DBW02541,2022-07-31,Sunday,Chembur,Lower Parel,17.5,DW112,Corporate,Mix,1.98,48,Delivered,Cash,193.27,No,Average,
DBW02542,2023-12-10,Sunday,Goregaon,Kurla,17.11,DW135,School,Veg,2.44,51,Delivered,Cash,148.4,No,Good,
DBW02543,2023-11-30,Thursday,Chembur,Vikhroli,10.05,DW032,Residential,Mix,1.73,58,Delivered,Digital,119.7,No,Good,
DBW02544,2022-10-05,Wednesday,Chembur,Malad,4.38,DW133,Residential,Non-Veg,1.15,39,Delivered,Digital,47.12,Yes,Good,
DBW02545,2023-08-11,Friday,Churchgate,Dadar,11.64,DW115,Corporate,Veg,1.35,55,Delivered,Digital,114.07,No,Excellent,
DBW02546,2022-10-18,Tuesday,Kurla,Borivali,6.09,DW051,Hospital,Mix,1.38,25,Delivered,Monthly-Pre-paid,59.13,Yes,Good,
DBW02547,2023-08-04,Friday,Bandra,Malad,8.59,DW053,Hospital,Mix,1.57,53,Delivered,Monthly-Pre-paid,89.39,No,Poor,
DBW02548,2023-03-03,Friday,Kurla,Lower Parel,12.02,DW039,Corporate,Veg,1.43,80,Delayed,Cash,104.43,Yes,Good,
DBW02549,2022-12-10,Saturday,Churchgate,Kurla,10.44,DW072,Residential,Mix,2.31,46,Delivered,Digital,95.75,No,Excellent,
DBW02550,2022-04-04,Monday,Lower Parel,Bandra,8.45,DW135,Residential,Mix,1.66,51,Delivered,Digital,84.02,Yes,Good,
DBW02551,2023-04-23,Sunday,Malad,Lower Parel,13.35,DW126,Corporate,Non-Veg,2.43,38,Delivered,Cash,141.38,Yes,Average,
DBW02552,2022-08-23,Tuesday,Borivali,Thane,3.91,DW022,Residential,Veg,1.23,26,Delivered,Cash,61.75,No,Good,
DBW02553,2022-06-08,Wednesday,Chembur,Churchgate,17.65,DW020,Corporate,Mix,1.62,60,Delivered,Digital,146.57,No,Average,
DBW02554,2022-05-22,Sunday,Sion,Dadar,12.79,DW009,Residential,Mix,1.85,52,Delivered,Digital,173.44,Yes,Excellent,
DBW02555,2023-12-18,Monday,Goregaon,Dadar,14.43,DW093,School,Veg,2.21,55,Delivered,Cash,138.14,No,Average,
DBW02556,2022-03-17,Thursday,Kurla,Andheri,3.65,DW048,Corporate,Veg,2.37,24,Delivered,Monthly-Pre-paid,39.23,Yes,Average,
DBW02557,2023-08-06,Sunday,Malad,Vikhroli,8.35,DW115,Corporate,Veg,1.53,53,Delayed,Cash,105.56,No,Poor,
DBW02558,2023-09-25,Monday,Worli,Andheri,16.6,DW115,Corporate,Veg,2.3,79,Delayed,Digital,162.71,No,Average,
DBW02559,2022-01-23,Sunday,Vikhroli,Chembur,10.37,DW030,School,Non-Veg,0.96,25,Delivered,Monthly-Pre-paid,100.74,No,nan,
DBW02560,2023-03-07,Tuesday,Bandra,Thane,17.29,DW105,Corporate,Mix,2.24,54,Delivered,Monthly-Pre-paid,174.21,No,Excellent,
DBW02561,2023-02-26,Sunday,Goregaon,Ghatkopar,11.67,DW115,Corporate,Mix,1.13,30,Delivered,Monthly-Pre-paid,113.3,No,Good,
DBW02562,2022-09-19,Monday,Borivali,Bandra,19.3,DW149,Residential,Mix,2.02,79,Delivered,Cash,179.94,Yes,Good,
DBW02563,2023-05-02,Tuesday,Goregaon,Borivali,18.37,DW109,Residential,Veg,2.36,72,Delivered,Monthly-Pre-paid,198.94,No,nan,
DBW02564,2022-10-26,Wednesday,Dadar,Churchgate,13.56,DW054,Residential,Veg,2.24,63,Delivered,Digital,140.36,No,Good,
DBW02565,2022-11-17,Thursday,Churchgate,Bandra,18.24,DW150,School,Veg,0.98,73,Delivered,Cash,185.15,No,Average,
DBW02566,2022-11-12,Saturday,Andheri,Ghatkopar,13.28,DW042,Corporate,Mix,1.58,65,Returned,Monthly-Pre-paid,128.37,Yes,nan,Customer Unavailable
DBW02567,2023-08-08,Tuesday,Thane,Thane,1.17,DW121,Residential,Veg,2.16,29,Delivered,Digital,41.66,Yes,Excellent,
DBW02568,2023-04-08,Saturday,Churchgate,Churchgate,0.5,DW057,Residential,Mix,2.14,14,Delivered,Cash,22.44,No,Good,
DBW02569,2022-10-04,Tuesday,Borivali,Ghatkopar,20.56,DW141,Corporate,Non-Veg,1.94,62,Delivered,Cash,182.26,Yes,Good,
DBW02570,2023-11-08,Wednesday,Malad,Malad,0.5,DW118,Hospital,Non-Veg,0.7,14,Delivered,Cash,27.81,Yes,Excellent,
DBW02571,2023-08-09,Wednesday,Goregaon,Ghatkopar,12.67,DW090,Residential,Mix,2.4,61,Delivered,Cash,120.95,No,Good,
DBW02572,2023-11-12,Sunday,Ghatkopar,Malad,13.85,DW033,Corporate,Veg,2.49,40,Delivered,Cash,156.37,No,Good,
DBW02573,2023-06-18,Sunday,Malad,Dadar,6.26,DW029,Corporate,Non-Veg,1.88,15,Delivered,Digital,88.75,No,Excellent,
DBW02574,2022-10-13,Thursday,Malad,Thane,6.57,DW143,Corporate,Veg,1.91,42,Delivered,Cash,48.14,Yes,Excellent,
DBW02575,2023-07-19,Wednesday,Goregaon,Goregaon,0.5,DW121,Hospital,Veg,2.05,25,Delivered,Monthly-Pre-paid,59.86,No,Excellent,
DBW02576,2022-08-29,Monday,Lower Parel,Churchgate,12.83,DW077,Corporate,Mix,2.53,64,Delivered,Monthly-Pre-paid,142.29,No,Good,
DBW02577,2022-07-17,Sunday,Vikhroli,Worli,7.71,DW132,Hospital,Non-Veg,1.93,32,Delivered,Monthly-Pre-paid,108.88,Yes,Average,
DBW02578,2022-11-26,Saturday,Goregaon,Vikhroli,13.53,DW118,Corporate,Veg,1.7,38,Delivered,Cash,135.68,Yes,Excellent,
DBW02579,2023-12-09,Saturday,Malad,Kurla,5.18,DW059,School,Veg,1.99,19,Delivered,Digital,49.0,No,nan,
DBW02580,2023-02-19,Sunday,Andheri,Ghatkopar,14.4,DW125,Hospital,Veg,1.79,36,Delivered,Cash,125.35,No,Excellent,
DBW02581,2022-10-08,Saturday,Ghatkopar,Ghatkopar,0.5,DW120,Corporate,Mix,1.8,11,Delivered,Monthly-Pre-paid,59.61,No,Good,
DBW02582,2022-12-04,Sunday,Churchgate,Dadar,14.19,DW072,Corporate,Veg,0.92,59,Delayed,Cash,119.13,No,Good,
DBW02583,2022-08-01,Monday,Lower Parel,Lower Parel,0.5,DW003,Hospital,Mix,2.06,50,Delayed,Cash,12.32,No,Excellent,
DBW02584,2023-04-26,Wednesday,Borivali,Worli,5.23,DW112,Corporate,Veg,2.39,31,Delivered,Cash,65.38,No,nan,
DBW02585,2022-09-13,Tuesday,Ghatkopar,Churchgate,17.04,DW051,Corporate,Non-Veg,2.31,84,Delayed,Digital,145.55,Yes,Average,
DBW02586,2023-02-09,Thursday,Churchgate,Kurla,10.86,DW055,Hospital,Non-Veg,2.28,72,Delayed,Digital,124.88,No,Good,
DBW02587,2022-09-27,Tuesday,Thane,Thane,0.5,DW108,Hospital,Veg,1.77,21,Delivered,Digital,43.16,No,nan,
DBW02588,2022-08-23,Tuesday,Vikhroli,Ghatkopar,13.22,DW122,Residential,Non-Veg,1.87,57,Delivered,Cash,141.99,No,Average,
DBW02589,2023-12-10,Sunday,Chembur,Vikhroli,12.19,DW014,Hospital,Veg,2.4,60,Delayed,Digital,118.27,Yes,Average,
DBW02590,2022-09-10,Saturday,Kurla,Andheri,5.93,DW124,Residential,Veg,2.23,32,Delivered,Cash,81.79,No,Good,
DBW02591,2022-02-21,Monday,Sion,Andheri,9.26,DW044,Residential,Veg,2.54,48,Delivered,Cash,130.81,No,Excellent,
DBW02592,2022-10-04,Tuesday,Sion,Goregaon,18.23,DW085,Corporate,Veg,1.46,90,Delayed,Cash,154.35,Yes,Good,
DBW02593,2023-01-24,Tuesday,Lower Parel,Andheri,12.46,DW131,Residential,Mix,1.46,47,Delivered,Cash,146.39,No,Good,
DBW02594,2022-03-11,Friday,Sion,Bandra,17.29,DW033,Residential,Veg,1.63,63,Delivered,Monthly-Pre-paid,180.45,No,nan,
DBW02595,2022-08-12,Friday,Ghatkopar,Borivali,18.44,DW034,Residential,Non-Veg,1.33,72,Delivered,Cash,175.94,No,Excellent,
DBW02596,2022-05-02,Monday,Vikhroli,Churchgate,8.93,DW146,School,Veg,1.14,63,Delayed,Digital,103.96,No,Excellent,
DBW02597,2023-01-01,Sunday,Goregaon,Andheri,18.2,DW056,Residential,Veg,2.03,66,Delivered,Monthly-Pre-paid,180.94,Yes,Average,
DBW02598,2023-06-12,Monday,Chembur,Malad,3.44,DW143,Residential,Veg,2.0,41,Delivered,Monthly-Pre-paid,42.89,Yes,Good,
DBW02599,2023-12-08,Friday,Worli,Dadar,14.06,DW054,Residential,Non-Veg,1.92,62,Delivered,Digital,118.03,No,Good,
DBW02600,2022-10-12,Wednesday,Bandra,Andheri,10.47,DW093,Corporate,Mix,1.98,45,Delivered,Cash,127.33,No,Good,
DBW02601,2023-09-23,Saturday,Kurla,Lower Parel,12.65,DW077,Corporate,Non-Veg,1.07,44,Delivered,Digital,112.56,No,Good,
DBW02602,2022-06-06,Monday,Chembur,Sion,10.19,DW148,School,Veg,1.56,47,Delivered,Cash,95.13,No,Excellent,
DBW02603,2023-07-24,Monday,Lower Parel,Thane,17.38,DW083,Corporate,Veg,1.65,64,Delivered,Digital,161.35,Yes,Average,
DBW02604,2023-02-15,Wednesday,Bandra,Andheri,7.53,DW076,Residential,Veg,1.82,46,Delivered,Monthly-Pre-paid,94.53,No,Good,
DBW02605,2023-07-08,Saturday,Ghatkopar,Churchgate,16.84,DW070,Residential,Veg,1.07,48,Delivered,Cash,157.26,No,Poor,
DBW02606,2023-07-06,Thursday,Goregaon,Malad,21.5,DW057,Hospital,Non-Veg,1.34,79,Delayed,Cash,191.12,No,Good,
DBW02607,2023-01-24,Tuesday,Worli,Malad,15.07,DW067,Residential,Non-Veg,1.58,48,Delivered,Cash,164.83,Yes,nan,
DBW02608,2022-07-07,Thursday,Dadar,Chembur,11.69,DW070,Corporate,Mix,2.33,51,Delivered,Digital,118.49,Yes,nan,
DBW02609,2023-01-20,Friday,Bandra,Dadar,6.31,DW115,Corporate,Veg,1.93,50,Delivered,Digital,68.51,No,Good,
DBW02610,2023-08-27,Sunday,Borivali,Chembur,12.83,DW007,Residential,Mix,2.31,50,Delivered,Cash,138.58,No,Average,
DBW02611,2023-12-10,Sunday,Lower Parel,Kurla,10.26,DW076,Corporate,Veg,1.74,34,Delivered,Monthly-Pre-paid,112.96,No,Excellent,
DBW02612,2023-11-09,Thursday,Churchgate,Sion,9.99,DW083,Residential,Mix,1.8,64,Returned,Cash,110.38,No,Excellent,nan
DBW02613,2022-05-13,Friday,Dadar,Borivali,11.79,DW113,Corporate,Mix,2.05,58,Delivered,Digital,131.0,No,Average,
DBW02614,2023-03-13,Monday,Vikhroli,Churchgate,9.08,DW100,Corporate,Veg,1.71,43,Delivered,Digital,100.6,Yes,Excellent,
DBW02615,2022-03-18,Friday,Ghatkopar,Kurla,14.69,DW065,School,Veg,1.49,61,Delivered,Monthly-Pre-paid,160.18,Yes,Average,
DBW02616,2023-05-04,Thursday,Dadar,Thane,11.27,DW017,School,Veg,1.06,52,Delivered,Digital,98.72,No,Excellent,
DBW02617,2023-12-26,Tuesday,Thane,Thane,0.51,DW056,Residential,Mix,1.5,30,Delivered,Cash,52.68,No,Excellent,
DBW02618,2022-02-08,Tuesday,Goregaon,Churchgate,9.24,DW039,Corporate,Veg,2.22,39,Delivered,Cash,90.22,Yes,Good,
DBW02619,2023-04-25,Tuesday,Borivali,Ghatkopar,20.37,DW031,School,Veg,2.43,70,Delivered,Cash,168.43,No,nan,
DBW02620,2023-11-22,Wednesday,Andheri,Dadar,6.67,DW109,Residential,Veg,1.41,39,Delivered,Digital,71.52,Yes,Average,
DBW02621,2023-09-11,Monday,Borivali,Lower Parel,16.74,DW072,School,Veg,0.93,64,Delivered,Monthly-Pre-paid,158.68,Yes,Average,
DBW02622,2022-10-14,Friday,Chembur,Dadar,8.7,DW120,Corporate,Mix,2.26,51,Delivered,Digital,88.54,No,Average,
DBW02623,2022-03-17,Thursday,Malad,Vikhroli,7.99,DW021,Corporate,Veg,1.83,51,Delivered,Digital,79.47,No,Poor,
DBW02624,2023-11-06,Monday,Thane,Worli,11.4,DW148,Residential,Non-Veg,1.13,43,Delivered,Digital,136.34,Yes,Excellent,
DBW02625,2023-11-04,Saturday,Lower Parel,Churchgate,11.48,DW072,Hospital,Non-Veg,0.5,27,Delivered,Cash,108.82,Yes,nan,
DBW02626,2023-02-27,Monday,Lower Parel,Sion,17.09,DW038,Corporate,Mix,1.32,68,Delayed,Monthly-Pre-paid,132.87,No,Good,
DBW02627,2023-12-16,Saturday,Thane,Bandra,16.5,DW055,Corporate,Mix,1.57,53,Delivered,Digital,156.76,No,Good,
DBW02628,2022-01-04,Tuesday,Kurla,Andheri,5.12,DW127,Residential,Mix,1.22,27,Delivered,Monthly-Pre-paid,101.66,Yes,Poor,
DBW02629,2023-03-27,Monday,Worli,Worli,0.5,DW107,School,Non-Veg,2.15,26,Delivered,Digital,18.04,No,Poor,
DBW02630,2022-01-29,Saturday,Borivali,Worli,4.99,DW026,Residential,Mix,1.39,14,Delivered,Cash,56.43,No,Good,
DBW02631,2023-11-15,Wednesday,Sion,Vikhroli,7.21,DW149,School,Veg,1.81,39,Delivered,Digital,81.6,Yes,Good,
DBW02632,2023-05-12,Friday,Andheri,Ghatkopar,13.35,DW020,Residential,Non-Veg,2.99,60,Delivered,Cash,160.0,No,Good,
DBW02633,2023-10-29,Sunday,Sion,Kurla,4.81,DW042,Hospital,Mix,1.86,20,Delivered,Cash,63.05,Yes,Excellent,
DBW02634,2023-02-15,Wednesday,Goregaon,Malad,20.01,DW110,Residential,Mix,1.74,68,Delivered,Monthly-Pre-paid,174.75,Yes,Average,
DBW02635,2022-03-02,Wednesday,Kurla,Borivali,7.54,DW080,Corporate,Veg,1.75,43,Delivered,Monthly-Pre-paid,95.76,No,Average,
DBW02636,2022-01-20,Thursday,Thane,Goregaon,19.24,DW067,Residential,Non-Veg,2.13,65,Delivered,Cash,188.26,Yes,Good,
DBW02637,2022-09-02,Friday,Borivali,Borivali,0.5,DW139,Residential,Mix,2.07,41,Delivered,Digital,41.3,No,Excellent,
DBW02638,2023-06-27,Tuesday,Kurla,Sion,7.01,DW120,Residential,Veg,1.3,34,Delivered,Monthly-Pre-paid,70.17,Yes,Good,
DBW02639,2022-04-21,Thursday,Thane,Bandra,16.38,DW145,Corporate,Non-Veg,1.59,61,Delivered,Monthly-Pre-paid,152.54,No,Excellent,
DBW02640,2023-09-15,Friday,Dadar,Worli,13.03,DW043,Residential,Non-Veg,1.47,59,Delivered,Monthly-Pre-paid,151.09,No,Good,
DBW02641,2022-06-24,Friday,Vikhroli,Lower Parel,9.87,DW128,Hospital,Veg,1.66,41,Delivered,Monthly-Pre-paid,115.1,No,Average,
DBW02642,2022-12-29,Thursday,Kurla,Borivali,7.48,DW032,Corporate,Mix,2.71,41,Delivered,Cash,101.99,No,Excellent,
DBW02643,2022-05-29,Sunday,Malad,Bandra,9.75,DW121,School,Non-Veg,2.11,41,Delivered,Cash,107.2,No,nan,
DBW02644,2022-12-07,Wednesday,Vikhroli,Borivali,3.78,DW083,Corporate,Mix,1.76,20,Delivered,Monthly-Pre-paid,76.09,No,Average,
DBW02645,2022-11-27,Sunday,Borivali,Chembur,10.35,DW090,Corporate,Non-Veg,2.42,39,Delivered,Monthly-Pre-paid,117.23,No,Good,
DBW02646,2022-01-04,Tuesday,Andheri,Dadar,4.76,DW018,Corporate,Non-Veg,1.89,29,Delivered,Cash,60.21,Yes,Excellent,
DBW02647,2023-02-19,Sunday,Bandra,Goregaon,17.87,DW132,Residential,Mix,0.98,46,Delivered,Monthly-Pre-paid,184.17,Yes,Excellent,
DBW02648,2023-07-29,Saturday,Borivali,Malad,9.79,DW042,Corporate,Mix,2.63,40,Delivered,Cash,95.19,No,Poor,
DBW02649,2023-11-15,Wednesday,Kurla,Kurla,0.5,DW090,Residential,Non-Veg,1.72,29,Delivered,Digital,57.15,No,Excellent,
DBW02650,2022-08-30,Tuesday,Lower Parel,Bandra,8.72,DW025,Residential,Non-Veg,0.67,70,Delayed,Monthly-Pre-paid,114.88,Yes,Average,
DBW02651,2023-10-05,Thursday,Malad,Vikhroli,8.51,DW139,Residential,Mix,1.0,36,Delivered,Digital,93.72,No,Average,
DBW02652,2023-10-04,Wednesday,Vikhroli,Dadar,8.8,DW049,Hospital,Mix,2.36,48,Returned,Monthly-Pre-paid,97.6,No,Good,Wrong Address
DBW02653,2023-12-23,Saturday,Worli,Ghatkopar,18.97,DW115,School,Mix,1.01,61,Delivered,Cash,183.76,No,Good,
DBW02654,2022-09-30,Friday,Borivali,Goregaon,17.17,DW115,Corporate,Veg,2.47,72,Delivered,Digital,164.73,No,Good,
DBW02655,2023-09-14,Thursday,Borivali,Dadar,12.72,DW083,Corporate,Veg,1.84,55,Delivered,Monthly-Pre-paid,151.51,Yes,Poor,
DBW02656,2023-02-17,Friday,Thane,Sion,3.51,DW019,Corporate,Veg,2.16,31,Delivered,Monthly-Pre-paid,49.98,No,nan,
DBW02657,2022-02-12,Saturday,Dadar,Ghatkopar,9.21,DW042,Residential,Non-Veg,1.67,38,Delivered,Digital,81.12,No,nan,
DBW02658,2022-07-17,Sunday,Kurla,Worli,10.13,DW092,Corporate,Veg,2.06,30,Delivered,Cash,107.17,No,Excellent,
DBW02659,2023-05-06,Saturday,Lower Parel,Andheri,13.14,DW081,Residential,Mix,1.96,42,Delivered,Digital,146.39,No,Average,
DBW02660,2022-04-28,Thursday,Malad,Sion,13.63,DW088,Residential,Mix,1.78,53,Delivered,Monthly-Pre-paid,154.27,Yes,Good,
DBW02661,2022-11-14,Monday,Goregaon,Vikhroli,14.93,DW038,Residential,Veg,1.27,60,Delivered,Digital,151.17,No,nan,
DBW02662,2023-07-20,Thursday,Churchgate,Lower Parel,11.66,DW081,Corporate,Mix,1.98,43,Delivered,Monthly-Pre-paid,113.76,No,Good,
DBW02663,2022-04-20,Wednesday,Andheri,Churchgate,16.72,DW013,Corporate,Non-Veg,0.89,51,Delivered,Cash,163.06,No,Good,
DBW02664,2022-12-29,Thursday,Goregaon,Malad,20.22,DW073,Corporate,Veg,2.27,74,Delivered,Monthly-Pre-paid,181.91,Yes,Good,
DBW02665,2022-06-06,Monday,Worli,Sion,7.04,DW014,Hospital,Veg,1.9,37,Delivered,Monthly-Pre-paid,51.77,Yes,Poor,
DBW02666,2023-01-27,Friday,Churchgate,Dadar,11.74,DW100,Residential,Veg,2.03,62,Delivered,Digital,111.12,No,Average,
DBW02667,2022-06-25,Saturday,Malad,Worli,14.84,DW086,Residential,Non-Veg,0.5,47,Delivered,Cash,156.38,No,Excellent,
DBW02668,2023-12-06,Wednesday,Chembur,Andheri,5.64,DW128,Residential,Veg,1.24,29,Delivered,Digital,71.03,Yes,nan,
DBW02669,2022-02-25,Friday,Borivali,Vikhroli,6.33,DW070,Residential,Veg,1.55,37,Delivered,Monthly-Pre-paid,75.99,No,Average,
DBW02670,2023-12-05,Tuesday,Kurla,Dadar,6.85,DW025,Corporate,Mix,2.14,51,Delivered,Monthly-Pre-paid,101.41,No,Excellent,
DBW02671,2023-08-02,Wednesday,Bandra,Malad,10.59,DW036,Corporate,Non-Veg,1.33,35,Delivered,Digital,100.25,Yes,Good,
DBW02672,2023-09-17,Sunday,Churchgate,Malad,17.22,DW123,Corporate,Non-Veg,3.07,56,Delivered,Cash,154.78,No,Good,
DBW02673,2023-09-14,Thursday,Lower Parel,Ghatkopar,4.01,DW144,Corporate,Veg,1.67,39,Delivered,Monthly-Pre-paid,67.05,No,Good,
DBW02674,2022-05-17,Tuesday,Borivali,Andheri,11.35,DW010,Corporate,Non-Veg,1.29,45,Delivered,Monthly-Pre-paid,110.15,No,Good,
DBW02675,2023-11-11,Saturday,Goregaon,Goregaon,0.81,DW102,Residential,Non-Veg,1.71,18,Delivered,Cash,25.75,Yes,nan,
DBW02676,2023-03-10,Friday,Borivali,Chembur,13.16,DW073,Corporate,Veg,1.32,68,Returned,Cash,158.54,Yes,Excellent,nan
DBW02677,2023-12-04,Monday,Thane,Borivali,4.78,DW039,Corporate,Non-Veg,1.21,35,Delivered,Monthly-Pre-paid,52.13,No,Good,
DBW02678,2023-10-04,Wednesday,Chembur,Churchgate,18.85,DW077,Corporate,Veg,2.31,73,Delivered,Cash,169.82,Yes,Excellent,
DBW02679,2023-02-28,Tuesday,Vikhroli,Bandra,15.47,DW141,Corporate,Mix,2.06,57,Delivered,Monthly-Pre-paid,160.37,No,Excellent,
DBW02680,2022-10-01,Saturday,Kurla,Malad,6.09,DW030,Corporate,Mix,2.06,29,Delivered,Cash,77.96,No,Average,
DBW02681,2022-03-27,Sunday,Malad,Churchgate,16.92,DW126,Corporate,Mix,2.44,56,Delivered,Digital,144.78,No,Average,
DBW02682,2022-03-15,Tuesday,Churchgate,Vikhroli,8.42,DW014,Corporate,Non-Veg,2.04,35,Delivered,Digital,124.1,No,nan,
DBW02683,2022-10-12,Wednesday,Borivali,Chembur,12.04,DW109,School,Mix,1.27,57,Delivered,Digital,114.4,No,Good,
DBW02684,2023-08-16,Wednesday,Churchgate,Worli,3.32,DW012,Corporate,Veg,2.15,31,Delivered,Cash,52.88,No,Good,
DBW02685,2023-01-04,Wednesday,Bandra,Andheri,9.27,DW010,Corporate,Mix,1.24,38,Delivered,Cash,110.68,No,Good,
DBW02686,2022-12-18,Sunday,Vikhroli,Malad,8.94,DW006,Residential,Veg,1.56,28,Delivered,Digital,133.94,Yes,Average,
DBW02687,2022-06-28,Tuesday,Churchgate,Lower Parel,14.58,DW121,Corporate,Veg,1.78,64,Delivered,Cash,140.52,No,Average,
DBW02688,2023-02-17,Friday,Lower Parel,Borivali,17.06,DW087,Residential,Veg,1.73,55,Delivered,Monthly-Pre-paid,152.66,No,Excellent,
DBW02689,2023-04-11,Tuesday,Vikhroli,Dadar,6.51,DW104,Corporate,Non-Veg,0.9,32,Delivered,Digital,89.53,Yes,nan,
DBW02690,2023-12-18,Monday,Bandra,Worli,21.48,DW024,Hospital,Veg,1.32,60,Delivered,Cash,233.2,Yes,nan,
DBW02691,2023-06-17,Saturday,Dadar,Bandra,7.13,DW139,School,Veg,1.79,37,Delivered,Monthly-Pre-paid,89.1,No,Average,
DBW02692,2023-03-20,Monday,Goregaon,Vikhroli,15.33,DW122,Residential,Veg,1.49,59,Delivered,Digital,148.36,Yes,Excellent,
DBW02693,2023-10-27,Friday,Goregaon,Borivali,16.81,DW074,Corporate,Veg,2.36,64,Delivered,Cash,170.34,No,Good,
DBW02694,2022-11-07,Monday,Thane,Dadar,10.21,DW135,Residential,Mix,2.45,55,Delivered,Digital,80.53,Yes,Average,
DBW02695,2023-11-14,Tuesday,Sion,Thane,3.65,DW022,Corporate,Veg,1.24,26,Delivered,Monthly-Pre-paid,49.94,No,Good,
DBW02696,2022-09-28,Wednesday,Malad,Chembur,4.34,DW044,Residential,Veg,1.83,29,Delivered,Digital,37.33,Yes,Good,
DBW02697,2022-04-04,Monday,Bandra,Vikhroli,13.0,DW008,Corporate,Veg,2.59,67,Delivered,Digital,128.57,No,Average,
DBW02698,2022-11-01,Tuesday,Chembur,Lower Parel,18.69,DW025,Residential,Non-Veg,1.73,88,Delayed,Digital,171.86,No,Excellent,
DBW02699,2022-04-04,Monday,Sion,Worli,7.02,DW127,Corporate,Mix,1.6,38,Delivered,Monthly-Pre-paid,46.56,Yes,Excellent,
DBW02700,2022-03-28,Monday,Kurla,Churchgate,12.22,DW062,Residential,Non-Veg,2.23,85,Delayed,Monthly-Pre-paid,130.46,Yes,Excellent,
DBW02701,2023-10-06,Friday,Vikhroli,Churchgate,7.92,DW097,Corporate,Veg,1.66,45,Delivered,Cash,102.66,Yes,Good,
DBW02702,2023-08-04,Friday,Ghatkopar,Borivali,19.17,DW133,Corporate,Veg,2.44,95,Delayed,Digital,180.48,Yes,Good,
DBW02703,2022-06-11,Saturday,Goregaon,Andheri,20.95,DW115,Residential,Mix,1.5,69,Delivered,Monthly-Pre-paid,174.7,No,Poor,
DBW02704,2023-09-04,Monday,Churchgate,Ghatkopar,15.78,DW060,Residential,Non-Veg,1.56,61,Delivered,Digital,175.25,Yes,Excellent,
DBW02705,2022-02-20,Sunday,Bandra,Vikhroli,14.97,DW053,Corporate,Non-Veg,2.2,49,Delivered,Cash,178.19,No,Good,
DBW02706,2022-07-27,Wednesday,Andheri,Goregaon,21.25,DW017,Corporate,Mix,1.85,75,Delivered,Cash,205.98,No,Excellent,
DBW02707,2023-05-31,Wednesday,Vikhroli,Bandra,15.14,DW125,Hospital,Mix,1.85,67,Returned,Monthly-Pre-paid,145.8,No,Good,Customer Unavailable
DBW02708,2022-08-10,Wednesday,Borivali,Vikhroli,5.71,DW148,Residential,Veg,0.85,44,Delayed,Digital,70.54,Yes,Excellent,
DBW02709,2023-06-18,Sunday,Chembur,Churchgate,18.48,DW076,Residential,Mix,1.62,57,Delivered,Monthly-Pre-paid,184.35,No,Good,
DBW02710,2023-10-01,Sunday,Malad,Chembur,4.39,DW075,Residential,Mix,2.23,21,Delivered,Cash,66.46,No,Poor,
DBW02711,2022-02-18,Friday,Lower Parel,Malad,14.39,DW128,Residential,Mix,1.41,67,Returned,Digital,151.68,No,nan,Customer Unavailable
DBW02712,2022-01-18,Tuesday,Bandra,Dadar,6.26,DW052,Residential,Veg,2.15,30,Delivered,Digital,86.86,No,Good,
DBW02713,2023-11-18,Saturday,Kurla,Kurla,1.33,DW061,Corporate,Mix,1.93,14,Delivered,Digital,29.59,No,Good,
DBW02714,2023-01-15,Sunday,Goregaon,Bandra,19.69,DW135,Residential,Veg,1.7,64,Delivered,Digital,175.2,Yes,Average,
DBW02715,2023-01-05,Thursday,Chembur,Worli,16.28,DW057,Residential,Non-Veg,2.48,60,Delivered,Cash,156.04,No,Average,
DBW02716,2022-12-05,Monday,Worli,Ghatkopar,21.12,DW140,Corporate,Veg,1.63,68,Delivered,Monthly-Pre-paid,205.99,No,Good,
DBW02717,2022-11-13,Sunday,Bandra,Borivali,18.89,DW025,Residential,Non-Veg,1.66,58,Delivered,Cash,157.74,Yes,nan,
DBW02718,2023-05-19,Friday,Chembur,Worli,16.08,DW075,Corporate,Mix,1.69,59,Delivered,Digital,155.2,Yes,Good,
DBW02719,2023-02-28,Tuesday,Andheri,Worli,14.85,DW074,Corporate,Non-Veg,1.84,64,Delivered,Monthly-Pre-paid,148.27,Yes,nan,
DBW02720,2022-04-30,Saturday,Thane,Andheri,9.19,DW047,Hospital,Non-Veg,2.18,38,Delivered,Digital,96.23,No,Poor,
DBW02721,2023-04-03,Monday,Bandra,Vikhroli,15.71,DW145,Hospital,Veg,1.06,64,Delivered,Cash,176.69,No,nan,
DBW02722,2023-05-03,Wednesday,Lower Parel,Chembur,19.13,DW073,Corporate,Mix,2.23,64,Delivered,Cash,201.5,Yes,Excellent,
DBW02723,2022-03-24,Thursday,Thane,Bandra,17.12,DW132,Residential,Mix,1.83,65,Delivered,Digital,173.16,No,Good,
DBW02724,2022-10-03,Monday,Vikhroli,Thane,6.71,DW033,Corporate,Veg,2.08,45,Delivered,Monthly-Pre-paid,110.2,No,Good,
DBW02725,2023-08-01,Tuesday,Malad,Bandra,10.29,DW053,Residential,Veg,3.0,59,Delivered,Digital,125.51,Yes,Average,
DBW02726,2023-03-28,Tuesday,Andheri,Malad,1.35,DW072,Residential,Non-Veg,1.54,27,Delivered,Monthly-Pre-paid,42.8,No,Good,
DBW02727,2022-04-10,Sunday,Malad,Dadar,7.41,DW085,Residential,Non-Veg,1.19,30,Delivered,Monthly-Pre-paid,82.09,No,Excellent,
DBW02728,2022-01-30,Sunday,Goregaon,Kurla,17.32,DW035,Corporate,Veg,1.9,42,Delivered,Digital,162.61,Yes,Good,
DBW02729,2023-03-01,Wednesday,Goregaon,Sion,17.14,DW047,Corporate,Veg,1.98,59,Delivered,Cash,172.82,No,Good,
DBW02730,2022-12-04,Sunday,Thane,Ghatkopar,19.26,DW094,Hospital,Veg,2.24,52,Delivered,Cash,178.48,Yes,Poor,
DBW02731,2023-12-03,Sunday,Vikhroli,Ghatkopar,15.74,DW042,Corporate,Mix,1.53,49,Delivered,Cash,133.19,No,nan,
DBW02732,2023-01-17,Tuesday,Churchgate,Churchgate,0.5,DW114,Corporate,Non-Veg,1.38,23,Delivered,Digital,28.29,Yes,Good,
DBW02733,2023-11-11,Saturday,Dadar,Goregaon,14.48,DW072,Corporate,Veg,1.03,60,Delayed,Digital,161.26,No,Excellent,
DBW02734,2022-06-06,Monday,Chembur,Ghatkopar,19.98,DW146,Residential,Veg,1.12,69,Delivered,Cash,151.25,No,Average,
DBW02735,2022-11-23,Wednesday,Thane,Kurla,3.15,DW036,Corporate,Mix,1.59,24,Delivered,Cash,76.21,No,Good,
DBW02736,2022-04-12,Tuesday,Vikhroli,Thane,4.17,DW127,Residential,Non-Veg,1.74,27,Delivered,Digital,71.99,No,Good,
DBW02737,2023-02-24,Friday,Sion,Sion,1.15,DW074,Corporate,Non-Veg,2.83,29,Delivered,Digital,35.67,No,Good,
DBW02738,2022-05-18,Wednesday,Ghatkopar,Malad,14.79,DW013,Residential,Non-Veg,0.95,56,Delivered,Cash,152.6,Yes,Good,
DBW02739,2022-12-26,Monday,Bandra,Malad,9.75,DW106,Hospital,Veg,1.97,42,Delivered,Digital,122.45,No,Excellent,
DBW02740,2022-09-09,Friday,Sion,Malad,10.25,DW032,Corporate,Mix,1.44,52,Delivered,Digital,112.54,No,Average,
DBW02741,2022-05-16,Monday,Borivali,Chembur,13.41,DW021,Residential,Veg,1.91,59,Delivered,Cash,151.54,No,nan,
DBW02742,2022-03-12,Saturday,Worli,Worli,0.85,DW080,Residential,Mix,1.52,16,Delivered,Monthly-Pre-paid,49.59,No,nan,
DBW02743,2023-01-09,Monday,Malad,Borivali,11.59,DW118,Corporate,Non-Veg,2.32,64,Delivered,Cash,125.38,Yes,Average,
DBW02744,2023-11-23,Thursday,Churchgate,Kurla,9.76,DW039,Residential,Veg,2.31,59,Delivered,Cash,91.39,Yes,Good,
DBW02745,2022-05-26,Thursday,Sion,Malad,10.52,DW094,Hospital,Non-Veg,1.74,50,Delivered,Cash,112.68,Yes,nan,
DBW02746,2022-10-23,Sunday,Chembur,Vikhroli,11.7,DW003,Hospital,Veg,2.52,43,Delivered,Digital,92.96,Yes,Average,
DBW02747,2022-06-13,Monday,Churchgate,Churchgate,0.5,DW028,School,Mix,2.18,34,Delivered,Monthly-Pre-paid,40.69,No,Good,
DBW02748,2023-08-14,Monday,Ghatkopar,Kurla,14.84,DW114,Residential,Non-Veg,2.5,70,Delivered,Cash,142.44,No,Good,
DBW02749,2022-10-30,Sunday,Goregaon,Worli,13.7,DW002,Residential,Mix,1.78,42,Delivered,Monthly-Pre-paid,130.37,No,Average,
DBW02750,2023-12-13,Wednesday,Vikhroli,Vikhroli,0.76,DW054,Corporate,Veg,2.28,27,Delivered,Cash,45.9,Yes,Average,
DBW02751,2022-06-28,Tuesday,Lower Parel,Andheri,12.97,DW077,School,Non-Veg,1.42,59,Delivered,Cash,114.73,No,Good,
DBW02752,2022-02-28,Monday,Ghatkopar,Ghatkopar,0.5,DW010,Residential,Veg,1.37,31,Returned,Digital,35.68,Yes,Good,Wrong Address
DBW02753,2023-03-02,Thursday,Sion,Borivali,0.5,DW147,Corporate,Veg,2.89,32,Delivered,Monthly-Pre-paid,28.9,Yes,Good,
DBW02754,2023-04-21,Friday,Bandra,Churchgate,22.17,DW077,Hospital,Non-Veg,1.26,80,Delivered,Monthly-Pre-paid,204.66,No,Average,
DBW02755,2023-12-25,Monday,Bandra,Goregaon,18.83,DW051,Residential,Veg,1.58,64,Delivered,Digital,184.9,No,Excellent,
DBW02756,2023-09-29,Friday,Ghatkopar,Goregaon,12.73,DW147,School,Non-Veg,0.85,47,Delivered,Monthly-Pre-paid,159.22,Yes,Good,
DBW02757,2023-10-08,Sunday,Bandra,Sion,18.73,DW084,Residential,Veg,1.38,50,Delivered,Monthly-Pre-paid,185.83,Yes,Excellent,
DBW02758,2023-04-08,Saturday,Malad,Sion,10.45,DW102,Hospital,Non-Veg,1.3,51,Delayed,Cash,134.01,No,Poor,
DBW02759,2022-09-20,Tuesday,Lower Parel,Sion,16.22,DW014,Residential,Veg,1.46,63,Delivered,Digital,180.67,No,Good,
DBW02760,2022-11-10,Thursday,Borivali,Dadar,12.2,DW024,Residential,Veg,1.95,72,Delayed,Cash,139.16,Yes,Good,
DBW02761,2022-04-08,Friday,Goregaon,Vikhroli,13.11,DW007,Residential,Non-Veg,2.07,61,Delivered,Cash,107.2,No,Poor,
DBW02762,2022-11-11,Friday,Chembur,Dadar,11.43,DW078,Corporate,Veg,1.3,49,Delivered,Digital,117.82,Yes,Good,
DBW02763,2022-09-24,Saturday,Thane,Andheri,6.05,DW126,Corporate,Mix,1.41,15,Delivered,Monthly-Pre-paid,62.08,No,Good,
DBW02764,2022-01-27,Thursday,Worli,Dadar,15.7,DW136,School,Veg,2.34,69,Delivered,Digital,198.53,No,Good,
DBW02765,2022-05-30,Monday,Worli,Andheri,16.48,DW087,Hospital,Non-Veg,2.65,76,Delayed,Cash,146.74,No,Poor,
DBW02766,2023-01-26,Thursday,Lower Parel,Goregaon,10.2,DW009,School,Veg,2.43,38,Delivered,Monthly-Pre-paid,89.17,Yes,Good,
DBW02767,2022-09-27,Tuesday,Lower Parel,Lower Parel,0.5,DW094,Corporate,Mix,0.98,31,Delivered,Digital,-7.56,Yes,Good,
DBW02768,2023-12-27,Wednesday,Chembur,Borivali,11.34,DW096,Corporate,Mix,2.39,50,Delivered,Monthly-Pre-paid,105.22,Yes,Good,
DBW02769,2022-12-16,Friday,Churchgate,Chembur,20.36,DW090,Hospital,Veg,2.73,64,Delivered,Digital,194.7,Yes,Average,
DBW02770,2023-12-01,Friday,Kurla,Churchgate,15.09,DW109,Corporate,Veg,0.95,64,Delivered,Monthly-Pre-paid,167.01,Yes,Good,
DBW02771,2023-04-28,Friday,Chembur,Lower Parel,19.31,DW084,Residential,Veg,2.34,93,Delayed,Digital,168.45,Yes,Good,
DBW02772,2022-01-30,Sunday,Malad,Thane,8.48,DW106,Corporate,Veg,1.91,23,Delivered,Cash,115.4,No,Average,
DBW02773,2022-05-29,Sunday,Chembur,Sion,11.56,DW073,Hospital,Veg,1.64,64,Delayed,Digital,121.54,No,Average,
DBW02774,2023-05-31,Wednesday,Worli,Vikhroli,6.4,DW023,Residential,Mix,1.85,37,Delivered,Monthly-Pre-paid,73.95,No,Average,
DBW02775,2023-02-02,Thursday,Chembur,Thane,8.29,DW012,Corporate,Non-Veg,2.02,39,Delivered,Cash,98.95,Yes,Good,
DBW02776,2022-08-09,Tuesday,Ghatkopar,Churchgate,15.48,DW137,Residential,Non-Veg,2.38,50,Delivered,Monthly-Pre-paid,175.08,No,nan,
DBW02777,2023-01-17,Tuesday,Kurla,Chembur,6.94,DW067,Corporate,Veg,2.35,30,Delivered,Monthly-Pre-paid,86.26,No,Good,
DBW02778,2023-10-22,Sunday,Bandra,Borivali,17.52,DW049,Residential,Veg,1.05,63,Delayed,Cash,153.54,No,Average,
DBW02779,2022-10-11,Tuesday,Ghatkopar,Chembur,20.48,DW044,Residential,Non-Veg,1.48,68,Delivered,Digital,200.22,Yes,Good,
DBW02780,2022-02-02,Wednesday,Vikhroli,Lower Parel,11.04,DW008,Residential,Mix,1.85,50,Delivered,Cash,124.41,No,Good,
DBW02781,2022-08-16,Tuesday,Vikhroli,Malad,9.08,DW142,Corporate,Non-Veg,2.59,42,Delivered,Digital,99.76,Yes,Good,
DBW02782,2023-11-15,Wednesday,Lower Parel,Lower Parel,0.5,DW013,Corporate,Non-Veg,0.5,14,Delivered,Monthly-Pre-paid,49.32,Yes,Good,
DBW02783,2023-07-11,Tuesday,Churchgate,Lower Parel,11.62,DW033,Corporate,Veg,1.49,41,Delivered,Digital,88.58,Yes,Good,
DBW02784,2023-09-04,Monday,Thane,Borivali,4.17,DW069,School,Mix,1.04,28,Delivered,Digital,68.71,Yes,Average,
DBW02785,2023-10-28,Saturday,Lower Parel,Churchgate,12.12,DW054,Corporate,Mix,1.12,41,Delivered,Cash,138.73,No,Good,
DBW02786,2022-03-27,Sunday,Chembur,Lower Parel,16.71,DW006,Residential,Mix,2.29,52,Delivered,Cash,141.97,No,Average,
DBW02787,2022-07-26,Tuesday,Lower Parel,Lower Parel,0.5,DW050,Corporate,Mix,1.53,21,Delivered,Monthly-Pre-paid,11.75,No,Good,
DBW02788,2022-02-13,Sunday,Andheri,Thane,6.62,DW117,School,Mix,0.63,14,Delivered,Digital,97.95,No,Good,
DBW02789,2022-01-04,Tuesday,Borivali,Malad,12.41,DW038,Residential,Veg,1.72,53,Delivered,Monthly-Pre-paid,146.92,No,Good,
DBW02790,2023-09-02,Saturday,Dadar,Kurla,7.01,DW130,Corporate,Veg,2.82,19,Delivered,Digital,106.48,No,Good,
DBW02791,2023-11-15,Wednesday,Vikhroli,Goregaon,12.73,DW055,Residential,Veg,0.9,46,Delivered,Digital,121.43,No,Average,
DBW02792,2022-04-24,Sunday,Sion,Malad,10.57,DW003,Residential,Non-Veg,2.07,44,Delivered,Monthly-Pre-paid,117.56,Yes,Excellent,
DBW02793,2023-06-12,Monday,Andheri,Sion,12.8,DW017,Residential,Non-Veg,2.58,62,Delivered,Cash,137.36,Yes,Excellent,
DBW02794,2023-01-26,Thursday,Ghatkopar,Dadar,7.83,DW122,School,Veg,1.78,45,Delivered,Monthly-Pre-paid,67.01,No,Good,
DBW02795,2022-02-20,Sunday,Sion,Andheri,11.37,DW061,Residential,Mix,2.76,41,Delivered,Cash,123.28,No,Good,
DBW02796,2023-10-31,Tuesday,Thane,Worli,10.12,DW148,Hospital,Non-Veg,1.47,31,Delivered,Monthly-Pre-paid,113.03,No,Excellent,
DBW02797,2023-09-29,Friday,Dadar,Andheri,6.97,DW119,Residential,Non-Veg,2.52,59,Delayed,Digital,96.92,Yes,Poor,
DBW02798,2023-02-19,Sunday,Ghatkopar,Goregaon,12.83,DW005,Corporate,Mix,2.4,33,Delivered,Digital,124.03,No,Excellent,
DBW02799,2023-06-01,Thursday,Kurla,Ghatkopar,14.3,DW047,Residential,Non-Veg,1.78,56,Delivered,Digital,163.17,No,Average,
DBW02800,2022-10-17,Monday,Thane,Thane,0.5,DW109,Residential,Veg,1.06,34,Delivered,Monthly-Pre-paid,35.21,Yes,Good,
DBW02801,2023-08-02,Wednesday,Bandra,Goregaon,19.19,DW010,Corporate,Mix,1.3,58,Delivered,Cash,209.2,No,Excellent,
DBW02802,2022-11-21,Monday,Thane,Vikhroli,5.4,DW150,Residential,Mix,0.63,43,Delivered,Cash,84.37,No,Good,
DBW02803,2023-12-24,Sunday,Thane,Dadar,8.7,DW025,Corporate,Veg,2.1,37,Delivered,Monthly-Pre-paid,103.76,Yes,Excellent,
DBW02804,2022-02-16,Wednesday,Thane,Lower Parel,17.1,DW120,Corporate,Non-Veg,2.04,56,Delivered,Digital,149.06,Yes,Excellent,
DBW02805,2022-05-06,Friday,Chembur,Ghatkopar,20.57,DW127,Hospital,Non-Veg,1.84,79,Delayed,Cash,174.78,No,Good,
DBW02806,2023-12-09,Saturday,Borivali,Worli,4.52,DW076,Corporate,Veg,1.74,24,Delivered,Monthly-Pre-paid,90.14,No,Average,
DBW02807,2022-07-30,Saturday,Vikhroli,Thane,5.19,DW121,Hospital,Veg,2.48,26,Delivered,Cash,84.67,Yes,Good,
DBW02808,2022-08-15,Monday,Worli,Chembur,16.95,DW133,Corporate,Mix,1.95,81,Delayed,Monthly-Pre-paid,161.3,No,Good,
DBW02809,2023-08-01,Tuesday,Thane,Lower Parel,14.7,DW111,Residential,Non-Veg,1.52,64,Delivered,Cash,141.34,Yes,Excellent,
DBW02810,2022-05-19,Thursday,Chembur,Vikhroli,9.26,DW107,Hospital,Non-Veg,1.87,34,Delivered,Digital,107.42,Yes,Poor,
DBW02811,2023-01-10,Tuesday,Malad,Kurla,5.44,DW059,Residential,Mix,2.82,32,Delivered,Cash,53.31,No,Good,
DBW02812,2022-07-28,Thursday,Vikhroli,Borivali,4.97,DW044,Hospital,Non-Veg,2.11,26,Delivered,Cash,62.77,No,Excellent,
DBW02813,2022-05-25,Wednesday,Vikhroli,Borivali,3.89,DW131,Corporate,Mix,1.61,30,Delivered,Cash,70.3,No,Good,
DBW02814,2023-12-05,Tuesday,Malad,Goregaon,21.19,DW034,Corporate,Non-Veg,1.78,70,Delivered,Cash,210.69,Yes,nan,
DBW02815,2022-05-26,Thursday,Chembur,Thane,8.46,DW063,Residential,Mix,2.03,35,Delivered,Cash,92.18,Yes,Average,
DBW02816,2022-03-10,Thursday,Dadar,Vikhroli,7.95,DW077,Residential,Veg,1.59,56,Delivered,Monthly-Pre-paid,117.57,Yes,Excellent,
DBW02817,2023-05-07,Sunday,Dadar,Malad,6.74,DW059,Residential,Mix,1.55,22,Delivered,Monthly-Pre-paid,99.59,No,Excellent,
DBW02818,2023-09-26,Tuesday,Malad,Vikhroli,7.14,DW056,Residential,Veg,1.79,45,Delivered,Cash,75.56,Yes,Average,
DBW02819,2022-04-04,Monday,Thane,Chembur,8.02,DW090,Corporate,Mix,2.56,37,Delivered,Monthly-Pre-paid,74.99,Yes,Poor,
DBW02820,2023-06-01,Thursday,Ghatkopar,Lower Parel,3.98,DW050,Corporate,Non-Veg,2.2,27,Delivered,Cash,70.79,No,Excellent,
DBW02821,2023-01-30,Monday,Chembur,Kurla,8.57,DW149,School,Non-Veg,1.6,49,Delivered,Cash,91.82,No,Good,
DBW02822,2023-08-29,Tuesday,Dadar,Thane,11.96,DW027,Residential,Mix,2.23,47,Delivered,Monthly-Pre-paid,116.04,No,Excellent,
DBW02823,2022-04-03,Sunday,Andheri,Worli,14.86,DW059,Residential,Non-Veg,1.8,40,Delivered,Digital,152.2,Yes,Excellent,
DBW02824,2023-12-14,Thursday,Borivali,Thane,1.96,DW127,Residential,Mix,1.97,22,Delivered,Cash,56.51,Yes,Excellent,
DBW02825,2023-03-28,Tuesday,Bandra,Bandra,0.5,DW072,School,Mix,1.93,31,Delivered,Monthly-Pre-paid,45.88,No,Good,
DBW02826,2023-09-07,Thursday,Thane,Churchgate,12.88,DW106,Hospital,Mix,0.74,47,Delivered,Digital,133.85,No,Excellent,
DBW02827,2022-09-22,Thursday,Lower Parel,Ghatkopar,3.86,DW098,Corporate,Veg,0.5,32,Delivered,Cash,26.51,No,Average,
DBW02828,2023-11-20,Monday,Ghatkopar,Vikhroli,13.07,DW050,Hospital,Mix,1.91,55,Delivered,Cash,148.87,No,Good,
DBW02829,2023-04-03,Monday,Andheri,Andheri,0.5,DW112,Corporate,Non-Veg,1.37,23,Delivered,Cash,21.91,No,Good,
DBW02830,2022-04-03,Sunday,Lower Parel,Andheri,12.66,DW036,Corporate,Veg,0.98,33,Delivered,Cash,135.91,No,nan,
DBW02831,2023-11-05,Sunday,Goregaon,Dadar,13.55,DW113,Hospital,Mix,1.39,37,Delivered,Monthly-Pre-paid,136.55,Yes,Good,
DBW02832,2023-08-04,Friday,Thane,Kurla,4.32,DW020,Corporate,Mix,2.26,38,Delivered,Cash,98.18,Yes,Excellent,
DBW02833,2022-08-08,Monday,Goregaon,Sion,17.47,DW105,Corporate,Mix,1.98,63,Delivered,Cash,200.62,Yes,Good,
DBW02834,2023-02-03,Friday,Vikhroli,Lower Parel,10.47,DW017,Residential,Mix,2.19,57,Delivered,Cash,106.84,No,Good,
DBW02835,2022-10-11,Tuesday,Goregaon,Churchgate,8.61,DW131,School,Non-Veg,2.03,40,Delivered,Monthly-Pre-paid,78.7,Yes,Good,
DBW02836,2023-02-01,Wednesday,Borivali,Malad,12.1,DW094,Corporate,Non-Veg,1.34,58,Delivered,Digital,107.79,Yes,Good,
DBW02837,2023-12-06,Wednesday,Worli,Bandra,20.8,DW007,Residential,Veg,2.19,67,Delivered,Monthly-Pre-paid,200.46,No,Good,
DBW02838,2023-10-19,Thursday,Borivali,Sion,1.31,DW017,Residential,Non-Veg,2.09,38,Delivered,Digital,32.41,No,Good,
DBW02839,2022-06-07,Tuesday,Bandra,Lower Parel,9.82,DW029,Corporate,Veg,1.74,32,Delivered,Monthly-Pre-paid,91.89,No,Poor,
DBW02840,2023-12-11,Monday,Chembur,Churchgate,18.9,DW145,Residential,Mix,1.83,72,Delivered,Digital,173.31,No,Good,
DBW02841,2022-11-16,Wednesday,Worli,Ghatkopar,18.21,DW089,Residential,Mix,2.2,76,Delivered,Digital,182.42,Yes,Good,
DBW02842,2023-05-30,Tuesday,Worli,Churchgate,3.41,DW042,Residential,Mix,1.43,30,Delivered,Monthly-Pre-paid,56.11,No,Poor,
DBW02843,2023-07-12,Wednesday,Andheri,Chembur,4.9,DW042,Residential,Non-Veg,2.34,41,Delivered,Digital,61.95,No,Good,
DBW02844,2022-12-19,Monday,Ghatkopar,Ghatkopar,2.07,DW004,School,Mix,2.08,28,Delivered,Digital,41.17,No,Excellent,
DBW02845,2022-11-30,Wednesday,Chembur,Churchgate,17.62,DW031,Hospital,Veg,1.8,53,Delivered,Monthly-Pre-paid,168.52,No,Good,
DBW02846,2022-11-30,Wednesday,Andheri,Worli,15.26,DW129,Corporate,Non-Veg,2.57,55,Delivered,Digital,155.44,No,Good,
DBW02847,2023-09-22,Friday,Lower Parel,Bandra,9.74,DW090,Residential,Mix,1.15,41,Delivered,Monthly-Pre-paid,112.12,No,Poor,
DBW02848,2022-10-10,Monday,Lower Parel,Chembur,17.81,DW056,Residential,Mix,1.57,70,Delivered,Digital,147.79,No,Poor,
DBW02849,2022-07-24,Sunday,Dadar,Ghatkopar,9.88,DW004,Corporate,Mix,1.46,32,Delivered,Monthly-Pre-paid,111.55,No,Average,
DBW02850,2022-09-21,Wednesday,Vikhroli,Thane,5.18,DW052,Residential,Non-Veg,1.98,24,Delivered,Digital,66.01,No,Good,
DBW02851,2022-05-23,Monday,Lower Parel,Chembur,17.88,DW058,Residential,Veg,2.39,63,Delivered,Monthly-Pre-paid,157.86,No,Good,
DBW02852,2022-10-13,Thursday,Dadar,Ghatkopar,9.62,DW018,Corporate,Mix,1.31,32,Delivered,Cash,101.39,No,Good,
DBW02853,2022-03-25,Friday,Vikhroli,Bandra,15.69,DW092,Corporate,Non-Veg,3.45,63,Delivered,Digital,172.88,No,Good,
DBW02854,2022-03-07,Monday,Ghatkopar,Goregaon,13.94,DW100,Residential,Non-Veg,1.47,53,Delivered,Monthly-Pre-paid,153.63,No,nan,
DBW02855,2023-06-13,Tuesday,Vikhroli,Vikhroli,0.5,DW150,Corporate,Veg,1.98,35,Delivered,Cash,35.46,Yes,Excellent,
DBW02856,2022-02-26,Saturday,Ghatkopar,Ghatkopar,0.5,DW054,Hospital,Mix,1.8,9,Delivered,Digital,20.54,Yes,Good,
DBW02857,2023-02-19,Sunday,Ghatkopar,Worli,19.29,DW042,Corporate,Veg,1.82,50,Delivered,Cash,163.89,No,Good,
DBW02858,2023-07-24,Monday,Lower Parel,Vikhroli,11.24,DW124,Residential,Mix,1.4,47,Delivered,Digital,105.8,No,Average,
DBW02859,2023-06-13,Tuesday,Worli,Goregaon,12.64,DW053,Residential,Mix,2.33,55,Delivered,Digital,131.31,Yes,Good,
DBW02860,2022-11-22,Tuesday,Borivali,Malad,12.77,DW095,Corporate,Veg,1.37,40,Delivered,Digital,132.67,No,Excellent,
DBW02861,2022-05-22,Sunday,Goregaon,Malad,21.22,DW111,Residential,Non-Veg,0.92,63,Delivered,Cash,189.96,Yes,Average,
DBW02862,2023-11-11,Saturday,Worli,Kurla,9.81,DW132,Corporate,Mix,1.24,34,Delivered,Monthly-Pre-paid,121.61,No,Good,
DBW02863,2023-09-02,Saturday,Kurla,Vikhroli,1.74,DW048,Corporate,Non-Veg,2.52,19,Delivered,Monthly-Pre-paid,49.68,Yes,Average,
DBW02864,2023-03-23,Thursday,Malad,Andheri,1.08,DW094,Residential,Mix,2.43,46,Delivered,Digital,-1.11,No,Excellent,
DBW02865,2022-03-05,Saturday,Kurla,Thane,1.9,DW020,Corporate,Non-Veg,0.8,8,Delivered,Digital,46.85,No,Good,
DBW02866,2022-01-26,Wednesday,Kurla,Bandra,12.0,DW117,Hospital,Veg,2.21,41,Delivered,Digital,137.34,No,Good,
DBW02867,2022-08-19,Friday,Churchgate,Andheri,15.78,DW007,Residential,Veg,0.81,56,Delivered,Cash,159.29,Yes,Excellent,
DBW02868,2022-04-25,Monday,Dadar,Ghatkopar,9.09,DW105,Corporate,Veg,1.79,48,Delivered,Digital,111.48,No,Average,
DBW02869,2023-09-21,Thursday,Thane,Malad,9.32,DW032,Corporate,Non-Veg,1.2,49,Delivered,Digital,100.61,No,nan,
DBW02870,2022-05-31,Tuesday,Vikhroli,Borivali,5.9,DW070,Hospital,Mix,2.25,28,Delivered,Monthly-Pre-paid,76.23,Yes,Excellent,
DBW02871,2022-07-26,Tuesday,Borivali,Sion,2.56,DW012,Corporate,Veg,2.08,51,Delayed,Monthly-Pre-paid,49.81,Yes,Good,
DBW02872,2023-12-14,Thursday,Vikhroli,Sion,5.77,DW104,Residential,Veg,2.29,28,Delivered,Cash,78.95,No,Good,
DBW02873,2023-08-21,Monday,Kurla,Goregaon,17.71,DW073,Corporate,Non-Veg,1.65,81,Returned,Digital,162.97,Yes,Good,nan
DBW02874,2022-06-09,Thursday,Kurla,Churchgate,12.79,DW100,School,Veg,1.7,56,Delivered,Monthly-Pre-paid,148.74,Yes,Average,
DBW02875,2022-10-07,Friday,Dadar,Chembur,10.26,DW053,Corporate,Non-Veg,1.05,52,Delivered,Digital,133.39,No,Average,
DBW02876,2023-01-12,Thursday,Lower Parel,Dadar,6.35,DW002,Residential,Non-Veg,1.28,31,Delivered,Monthly-Pre-paid,72.85,No,Good,
DBW02877,2023-04-30,Sunday,Worli,Churchgate,4.81,DW088,Residential,Veg,2.27,22,Delivered,Digital,50.95,No,nan,
DBW02878,2023-11-15,Wednesday,Worli,Lower Parel,15.48,DW105,Corporate,Veg,1.98,58,Delivered,Cash,133.68,No,Good,
DBW02879,2023-09-28,Thursday,Dadar,Sion,11.93,DW100,Residential,Veg,1.85,55,Delivered,Cash,131.49,No,Average,
DBW02880,2023-12-15,Friday,Worli,Malad,15.7,DW040,Corporate,Non-Veg,2.43,68,Delivered,Cash,164.41,Yes,Poor,
DBW02881,2022-01-30,Sunday,Sion,Dadar,11.11,DW108,Corporate,Veg,1.15,37,Delivered,Digital,125.02,Yes,Excellent,
DBW02882,2022-06-22,Wednesday,Borivali,Malad,13.46,DW082,Corporate,Mix,2.16,59,Delivered,Monthly-Pre-paid,145.08,Yes,Excellent,
DBW02883,2023-02-15,Wednesday,Worli,Thane,8.91,DW032,Residential,Veg,1.21,53,Delivered,Digital,92.78,No,nan,
DBW02884,2022-02-05,Saturday,Worli,Kurla,10.54,DW017,Hospital,Veg,2.54,36,Delivered,Cash,84.44,No,Good,
DBW02885,2022-09-17,Saturday,Ghatkopar,Kurla,15.26,DW049,Corporate,Non-Veg,2.07,43,Delivered,Digital,144.6,No,Average,
DBW02886,2022-04-23,Saturday,Malad,Bandra,8.16,DW004,Hospital,Non-Veg,2.28,20,Delivered,Cash,120.06,No,Excellent,
DBW02887,2023-11-13,Monday,Bandra,Thane,14.97,DW108,Hospital,Mix,1.45,68,Delivered,Digital,153.69,Yes,Average,
DBW02888,2022-02-16,Wednesday,Malad,Ghatkopar,14.57,DW003,Corporate,Veg,2.89,65,Delivered,Cash,152.96,No,Good,
DBW02889,2022-04-19,Tuesday,Vikhroli,Bandra,14.45,DW008,Corporate,Mix,2.8,63,Delivered,Cash,159.14,Yes,Good,
DBW02890,2022-05-23,Monday,Churchgate,Borivali,8.46,DW024,Corporate,Mix,2.02,39,Delivered,Cash,85.08,Yes,Excellent,
DBW02891,2022-04-19,Tuesday,Malad,Thane,7.36,DW049,Corporate,Non-Veg,2.39,35,Delivered,Digital,92.2,Yes,Excellent,
DBW02892,2023-02-20,Monday,Sion,Andheri,9.48,DW003,Residential,Non-Veg,1.65,64,Delivered,Digital,113.53,Yes,Poor,
DBW02893,2022-09-23,Friday,Bandra,Thane,18.12,DW095,Residential,Non-Veg,1.17,72,Delivered,Cash,160.99,Yes,Good,
DBW02894,2023-10-29,Sunday,Dadar,Andheri,5.95,DW020,Corporate,Mix,2.2,21,Delivered,Monthly-Pre-paid,83.02,No,Average,
DBW02895,2022-07-10,Sunday,Chembur,Dadar,11.49,DW121,Residential,Veg,1.34,40,Delivered,Cash,141.33,No,Excellent,
DBW02896,2023-01-28,Saturday,Chembur,Dadar,10.45,DW084,Corporate,Mix,2.46,38,Delivered,Digital,107.57,No,Good,
DBW02897,2023-04-27,Thursday,Worli,Vikhroli,6.6,DW013,Hospital,Veg,2.32,30,Delivered,Cash,56.95,Yes,Poor,
DBW02898,2023-04-02,Sunday,Vikhroli,Chembur,13.04,DW061,Residential,Mix,1.92,41,Delivered,Cash,136.91,No,Good,
DBW02899,2023-08-05,Saturday,Thane,Dadar,8.1,DW022,Corporate,Veg,1.89,26,Delivered,Cash,84.97,No,Average,
DBW02900,2022-05-28,Saturday,Borivali,Chembur,12.42,DW148,Residential,Non-Veg,2.29,27,Delivered,Digital,132.05,No,Excellent,
DBW02901,2023-01-06,Friday,Churchgate,Vikhroli,6.72,DW089,Corporate,Non-Veg,1.94,68,Delayed,Cash,71.14,No,Good,
DBW02902,2023-08-08,Tuesday,Kurla,Lower Parel,11.7,DW122,School,Non-Veg,1.6,46,Delivered,Cash,124.48,No,Average,
DBW02903,2023-09-23,Saturday,Vikhroli,Andheri,7.93,DW057,Corporate,Non-Veg,1.04,22,Delivered,Digital,111.87,No,Excellent,
DBW02904,2023-03-27,Monday,Goregaon,Worli,12.5,DW023,Hospital,Veg,2.28,50,Delivered,Digital,129.6,No,Good,
DBW02905,2023-04-21,Friday,Andheri,Worli,15.72,DW036,School,Mix,1.98,67,Delivered,Monthly-Pre-paid,131.0,Yes,Excellent,
DBW02906,2023-09-23,Saturday,Andheri,Sion,8.37,DW063,Residential,Non-Veg,3.18,36,Delivered,Digital,102.6,Yes,nan,
DBW02907,2023-04-02,Sunday,Malad,Churchgate,16.53,DW116,Residential,Non-Veg,1.75,47,Delivered,Cash,162.55,No,Poor,
DBW02908,2023-11-24,Friday,Andheri,Andheri,0.5,DW065,Residential,Non-Veg,1.95,34,Delivered,Monthly-Pre-paid,37.2,No,Excellent,
DBW02909,2022-04-04,Monday,Worli,Thane,8.65,DW140,Corporate,Non-Veg,1.96,47,Delivered,Monthly-Pre-paid,113.83,No,Poor,
DBW02910,2022-09-11,Sunday,Chembur,Goregaon,25.93,DW055,School,Non-Veg,2.13,77,Delivered,Monthly-Pre-paid,229.55,No,Good,
DBW02911,2022-03-23,Wednesday,Lower Parel,Worli,14.89,DW035,Residential,Non-Veg,1.32,53,Delivered,Monthly-Pre-paid,144.81,Yes,nan,
DBW02912,2022-03-08,Tuesday,Dadar,Vikhroli,6.87,DW075,Hospital,Veg,1.76,49,Returned,Monthly-Pre-paid,69.49,No,Good,nan
DBW02913,2022-12-11,Sunday,Bandra,Chembur,13.15,DW017,Residential,Veg,2.21,40,Delivered,Monthly-Pre-paid,138.1,No,Excellent,
DBW02914,2022-06-14,Tuesday,Ghatkopar,Bandra,8.15,DW101,Corporate,Non-Veg,1.63,40,Delivered,Digital,97.68,Yes,Poor,
DBW02915,2022-10-25,Tuesday,Bandra,Andheri,10.2,DW016,Corporate,Veg,2.2,44,Delivered,Digital,107.68,No,nan,
DBW02916,2022-11-16,Wednesday,Vikhroli,Kurla,5.48,DW097,Corporate,Non-Veg,1.85,27,Delivered,Digital,85.07,No,Good,
DBW02917,2023-03-30,Thursday,Worli,Kurla,10.6,DW058,Corporate,Non-Veg,2.0,34,Delivered,Digital,99.22,No,Good,
DBW02918,2023-11-22,Wednesday,Borivali,Churchgate,9.92,DW054,Residential,Non-Veg,2.38,65,Delayed,Digital,111.22,No,Average,
DBW02919,2023-09-13,Wednesday,Bandra,Dadar,8.54,DW092,Corporate,Veg,1.69,50,Delivered,Cash,107.34,Yes,Excellent,
DBW02920,2022-10-04,Tuesday,Kurla,Andheri,6.1,DW106,School,Non-Veg,1.07,31,Delivered,Monthly-Pre-paid,70.65,Yes,Poor,
DBW02921,2022-08-26,Friday,Bandra,Vikhroli,15.45,DW140,Corporate,Mix,1.67,82,Delayed,Cash,133.01,Yes,Poor,
DBW02922,2023-07-17,Monday,Sion,Chembur,11.83,DW044,Residential,Non-Veg,1.39,53,Delivered,Monthly-Pre-paid,99.2,Yes,Good,
DBW02923,2022-04-01,Friday,Andheri,Ghatkopar,14.36,DW122,Corporate,Veg,0.74,53,Delivered,Monthly-Pre-paid,147.23,No,Excellent,
DBW02924,2023-01-30,Monday,Sion,Vikhroli,5.48,DW126,Corporate,Non-Veg,1.75,31,Delivered,Monthly-Pre-paid,99.24,No,Excellent,
DBW02925,2022-11-05,Saturday,Dadar,Thane,8.2,DW150,Residential,Non-Veg,1.9,40,Delivered,Digital,86.43,Yes,nan,
DBW02926,2022-05-14,Saturday,Worli,Borivali,5.85,DW145,Corporate,Non-Veg,2.31,39,Delivered,Digital,83.59,No,Average,
DBW02927,2023-03-27,Monday,Lower Parel,Vikhroli,9.55,DW119,Residential,Non-Veg,1.23,42,Delivered,Digital,70.02,No,Good,
DBW02928,2022-08-23,Tuesday,Goregaon,Malad,19.38,DW045,Residential,Mix,1.84,66,Delivered,Monthly-Pre-paid,190.67,Yes,Poor,
DBW02929,2022-05-16,Monday,Andheri,Vikhroli,8.76,DW105,Corporate,Non-Veg,2.36,43,Delivered,Digital,83.79,No,Poor,
DBW02930,2023-04-22,Saturday,Ghatkopar,Goregaon,11.42,DW118,Residential,Mix,1.51,34,Delivered,Digital,115.43,Yes,nan,
DBW02931,2022-05-08,Sunday,Kurla,Dadar,6.34,DW044,Corporate,Veg,2.07,24,Delivered,Cash,81.92,No,Good,
DBW02932,2023-05-07,Sunday,Ghatkopar,Borivali,19.72,DW123,Corporate,Veg,2.6,57,Delivered,Cash,162.87,No,Poor,
DBW02933,2022-04-29,Friday,Vikhroli,Bandra,14.06,DW106,Residential,Non-Veg,0.87,61,Delivered,Cash,189.7,Yes,Excellent,
DBW02934,2022-11-14,Monday,Ghatkopar,Lower Parel,2.93,DW074,Corporate,Veg,1.94,29,Delivered,Monthly-Pre-paid,44.39,No,Excellent,
DBW02935,2023-08-13,Sunday,Dadar,Borivali,13.1,DW130,Corporate,Mix,2.38,37,Delivered,Monthly-Pre-paid,143.94,No,Average,
DBW02936,2022-06-16,Thursday,Andheri,Ghatkopar,14.13,DW014,Residential,Mix,1.62,52,Delivered,Monthly-Pre-paid,165.42,No,Excellent,
DBW02937,2023-07-15,Saturday,Goregaon,Goregaon,0.5,DW103,Residential,Non-Veg,2.49,21,Delivered,Digital,38.4,No,Excellent,
DBW02938,2023-06-11,Sunday,Goregaon,Thane,18.29,DW118,School,Mix,2.12,46,Delivered,Monthly-Pre-paid,157.88,No,Excellent,
DBW02939,2023-10-21,Saturday,Malad,Worli,15.77,DW007,Hospital,Mix,2.68,45,Delivered,Cash,157.7,No,Good,
DBW02940,2022-05-04,Wednesday,Lower Parel,Vikhroli,12.19,DW062,Residential,Veg,2.09,61,Delivered,Monthly-Pre-paid,99.96,No,Good,
DBW02941,2023-06-07,Wednesday,Churchgate,Dadar,14.08,DW078,Residential,Non-Veg,2.73,73,Delayed,Monthly-Pre-paid,137.7,Yes,nan,
DBW02942,2023-11-15,Wednesday,Malad,Ghatkopar,14.44,DW032,Corporate,Non-Veg,1.95,55,Delivered,Digital,170.66,Yes,Good,
DBW02943,2023-07-12,Wednesday,Malad,Goregaon,20.46,DW132,Corporate,Mix,1.12,65,Delivered,Cash,172.54,No,Good,
DBW02944,2022-05-18,Wednesday,Worli,Kurla,8.86,DW094,Hospital,Veg,1.48,44,Delivered,Monthly-Pre-paid,88.53,No,Poor,
DBW02945,2023-08-24,Thursday,Borivali,Dadar,11.55,DW042,Corporate,Veg,2.31,58,Delivered,Cash,150.2,No,Poor,
DBW02946,2022-03-20,Sunday,Andheri,Dadar,4.48,DW066,Corporate,Mix,2.3,19,Delivered,Digital,63.19,No,Good,
DBW02947,2023-03-06,Monday,Churchgate,Kurla,10.8,DW017,Residential,Mix,1.64,43,Delivered,Cash,102.98,No,Average,
DBW02948,2022-12-30,Friday,Borivali,Sion,1.74,DW014,Residential,Veg,2.7,37,Delivered,Digital,49.79,Yes,Poor,
DBW02949,2023-01-23,Monday,Goregaon,Dadar,14.01,DW112,Residential,Non-Veg,1.62,66,Delivered,Monthly-Pre-paid,135.04,No,Poor,
DBW02950,2023-01-15,Sunday,Chembur,Dadar,10.9,DW148,Corporate,Mix,2.03,28,Delivered,Cash,76.44,No,Good,
DBW02951,2022-01-23,Sunday,Churchgate,Sion,9.44,DW042,School,Veg,2.02,50,Returned,Cash,85.1,No,Average,nan
DBW02952,2023-01-06,Friday,Andheri,Chembur,6.35,DW037,Corporate,Non-Veg,1.13,41,Delivered,Digital,111.64,No,Average,
DBW02953,2023-11-15,Wednesday,Dadar,Borivali,11.59,DW103,School,Mix,1.74,57,Delivered,Monthly-Pre-paid,127.68,Yes,Excellent,
DBW02954,2022-11-15,Tuesday,Vikhroli,Chembur,10.55,DW077,Corporate,Mix,2.99,54,Delivered,Cash,136.38,No,Average,
DBW02955,2022-07-22,Friday,Malad,Sion,10.02,DW021,School,Veg,1.34,50,Delivered,Cash,94.71,No,Excellent,
DBW02956,2023-12-28,Thursday,Lower Parel,Worli,14.35,DW101,Hospital,Mix,2.11,56,Delivered,Monthly-Pre-paid,143.97,No,Good,
DBW02957,2022-03-14,Monday,Andheri,Dadar,6.4,DW032,Corporate,Non-Veg,1.22,47,Delivered,Monthly-Pre-paid,78.7,No,Excellent,
DBW02958,2022-12-21,Wednesday,Kurla,Sion,5.46,DW018,Hospital,Non-Veg,1.33,37,Delayed,Monthly-Pre-paid,65.5,Yes,Excellent,
DBW02959,2023-01-10,Tuesday,Sion,Dadar,11.76,DW070,Corporate,Veg,1.09,59,Delayed,Monthly-Pre-paid,127.25,Yes,Excellent,
DBW02960,2022-12-15,Thursday,Goregaon,Malad,22.28,DW111,Corporate,Mix,2.27,76,Delivered,Monthly-Pre-paid,191.55,Yes,nan,
DBW02961,2023-11-04,Saturday,Sion,Chembur,12.37,DW079,Corporate,Veg,1.36,27,Delivered,Cash,147.09,No,Excellent,
DBW02962,2022-11-04,Friday,Sion,Chembur,9.39,DW098,Residential,Mix,2.43,56,Delivered,Cash,112.13,No,Excellent,
DBW02963,2023-12-12,Tuesday,Malad,Lower Parel,14.66,DW036,Corporate,Veg,1.53,53,Delivered,Digital,144.68,No,Average,
DBW02964,2022-02-18,Friday,Andheri,Malad,1.25,DW075,Residential,Mix,1.86,28,Delivered,Digital,41.96,No,Average,
DBW02965,2023-06-20,Tuesday,Malad,Borivali,11.37,DW107,School,Veg,2.01,48,Delivered,Cash,116.45,Yes,Average,
DBW02966,2023-03-09,Thursday,Thane,Vikhroli,5.82,DW080,Hospital,Non-Veg,0.99,22,Delivered,Digital,50.68,No,Poor,
DBW02967,2022-06-25,Saturday,Bandra,Ghatkopar,6.5,DW036,Corporate,Veg,1.9,22,Delivered,Monthly-Pre-paid,67.16,No,Average,
DBW02968,2022-06-16,Thursday,Lower Parel,Thane,17.32,DW144,Residential,Veg,1.97,76,Delivered,Monthly-Pre-paid,165.84,No,Average,
DBW02969,2023-06-10,Saturday,Dadar,Dadar,0.51,DW011,Corporate,Veg,2.37,25,Delivered,Monthly-Pre-paid,28.83,Yes,Good,
DBW02970,2023-04-11,Tuesday,Kurla,Worli,8.98,DW137,Corporate,Mix,1.32,33,Delivered,Cash,111.59,No,Good,
DBW02971,2023-03-23,Thursday,Andheri,Borivali,11.27,DW109,School,Veg,1.39,65,Delayed,Monthly-Pre-paid,128.58,No,Average,
DBW02972,2022-02-07,Monday,Worli,Thane,8.31,DW017,School,Veg,2.13,44,Delivered,Digital,88.08,No,Good,
DBW02973,2023-03-13,Monday,Worli,Dadar,13.63,DW039,Corporate,Non-Veg,2.51,55,Delivered,Cash,124.69,Yes,Excellent,
DBW02974,2023-12-18,Monday,Thane,Lower Parel,15.37,DW056,Corporate,Mix,1.5,67,Delivered,Monthly-Pre-paid,164.31,No,Good,
DBW02975,2022-01-13,Thursday,Ghatkopar,Kurla,13.41,DW144,Corporate,Veg,1.18,60,Delivered,Cash,140.1,No,Good,
DBW02976,2022-12-09,Friday,Churchgate,Borivali,9.6,DW078,Corporate,Veg,1.64,41,Delivered,Cash,97.51,No,Excellent,
DBW02977,2022-12-27,Tuesday,Thane,Chembur,8.58,DW039,Corporate,Non-Veg,1.29,38,Delivered,Monthly-Pre-paid,81.48,No,Average,
DBW02978,2023-10-17,Tuesday,Worli,Ghatkopar,19.21,DW138,Corporate,Non-Veg,2.0,69,Delivered,Monthly-Pre-paid,173.56,Yes,Poor,
DBW02979,2022-07-26,Tuesday,Thane,Churchgate,12.09,DW018,Corporate,Veg,1.26,44,Delivered,Cash,132.56,No,Excellent,
DBW02980,2022-12-14,Wednesday,Vikhroli,Borivali,5.76,DW123,Corporate,Mix,2.29,40,Delivered,Monthly-Pre-paid,101.42,Yes,Good,
DBW02981,2023-06-08,Thursday,Goregaon,Ghatkopar,12.51,DW125,Hospital,Non-Veg,1.91,48,Delivered,Monthly-Pre-paid,126.9,No,Good,
DBW02982,2022-02-14,Monday,Chembur,Goregaon,23.33,DW058,Residential,Mix,2.3,70,Delivered,Monthly-Pre-paid,204.17,No,Good,
DBW02983,2023-08-08,Tuesday,Malad,Sion,10.21,DW007,Residential,Non-Veg,0.59,36,Delivered,Digital,144.06,No,Excellent,
DBW02984,2023-08-24,Thursday,Kurla,Goregaon,16.29,DW133,Corporate,Non-Veg,0.92,64,Delivered,Monthly-Pre-paid,154.7,No,nan,
DBW02985,2023-06-10,Saturday,Lower Parel,Worli,15.73,DW146,Hospital,Mix,2.45,45,Delivered,Cash,143.96,No,Excellent,
DBW02986,2023-04-19,Wednesday,Goregaon,Thane,19.49,DW057,Corporate,Veg,1.44,52,Delivered,Monthly-Pre-paid,179.84,Yes,Poor,
DBW02987,2023-06-30,Friday,Thane,Churchgate,12.6,DW028,Hospital,Mix,1.07,54,Delivered,Monthly-Pre-paid,123.96,No,Excellent,
DBW02988,2023-07-25,Tuesday,Churchgate,Churchgate,0.5,DW041,Corporate,Veg,1.7,24,Delivered,Digital,53.06,No,Average,
DBW02989,2023-10-22,Sunday,Borivali,Borivali,0.67,DW021,School,Veg,1.92,15,Delivered,Digital,10.22,No,Good,
DBW02990,2022-11-09,Wednesday,Worli,Malad,15.95,DW092,Corporate,Veg,1.72,59,Delivered,Digital,166.53,Yes,Average,
DBW02991,2022-11-29,Tuesday,Borivali,Bandra,21.35,DW078,Hospital,Non-Veg,2.03,82,Delayed,Cash,200.6,Yes,nan,
DBW02992,2023-04-11,Tuesday,Dadar,Thane,9.63,DW054,Corporate,Non-Veg,1.97,39,Delivered,Cash,98.7,No,nan,
DBW02993,2022-05-21,Saturday,Goregaon,Malad,21.33,DW098,Hospital,Non-Veg,1.94,58,Delivered,Digital,195.62,Yes,Poor,
DBW02994,2023-09-18,Monday,Chembur,Worli,20.0,DW094,Residential,Non-Veg,2.47,78,Delivered,Cash,186.25,Yes,Good,
DBW02995,2023-07-17,Monday,Borivali,Bandra,18.99,DW002,Corporate,Non-Veg,1.79,70,Delivered,Digital,183.22,Yes,Good,
DBW02996,2023-04-06,Thursday,Chembur,Chembur,0.5,DW062,Residential,Veg,1.78,31,Delayed,Digital,27.23,No,nan,
DBW02997,2022-08-09,Tuesday,Lower Parel,Vikhroli,10.11,DW130,Corporate,Mix,2.2,39,Delivered,Monthly-Pre-paid,109.87,No,Poor,
DBW02998,2022-09-11,Sunday,Kurla,Andheri,7.38,DW120,Residential,Non-Veg,2.08,30,Delivered,Cash,77.35,Yes,Good,
DBW02999,2022-11-14,Monday,Churchgate,Chembur,17.81,DW129,Corporate,Veg,1.35,63,Delivered,Monthly-Pre-paid,205.2,No,Good,
DBW03000,2023-04-29,Saturday,Thane,Borivali,5.27,DW144,Residential,Mix,1.75,25,Delivered,Cash,87.27,Yes,Excellent,
DBW03001,2023-07-22,Saturday,Sion,Churchgate,9.19,DW010,Hospital,Non-Veg,2.02,35,Returned,Digital,110.81,Yes,Good,nan
DBW03002,2023-05-06,Saturday,Borivali,Chembur,11.95,DW041,Residential,Mix,1.51,36,Delivered,Monthly-Pre-paid,118.93,No,Good,
DBW03003,2023-11-10,Friday,Bandra,Vikhroli,12.46,DW069,Residential,Non-Veg,1.53,54,Delivered,Digital,141.98,No,Poor,
DBW03004,2023-12-03,Sunday,Sion,Bandra,19.51,DW077,Hospital,Non-Veg,1.1,57,Delivered,Cash,190.56,Yes,Good,
DBW03005,2023-05-30,Tuesday,Thane,Vikhroli,5.21,DW118,Residential,Mix,0.5,23,Delivered,Monthly-Pre-paid,73.47,No,Good,
DBW03006,2022-09-28,Wednesday,Andheri,Ghatkopar,13.0,DW109,Corporate,Mix,1.61,52,Delivered,Cash,126.03,Yes,Excellent,
DBW03007,2023-03-14,Tuesday,Thane,Dadar,11.27,DW106,Residential,Mix,1.86,45,Delivered,Cash,124.29,Yes,Excellent,
DBW03008,2022-11-07,Monday,Sion,Sion,0.5,DW024,Corporate,Non-Veg,1.25,18,Delivered,Monthly-Pre-paid,59.25,No,Poor,
DBW03009,2023-04-05,Wednesday,Borivali,Goregaon,17.67,DW102,Residential,Non-Veg,2.49,68,Delivered,Digital,172.55,Yes,Excellent,
DBW03010,2023-08-16,Wednesday,Churchgate,Chembur,19.81,DW120,Corporate,Non-Veg,1.28,74,Delivered,Cash,184.52,No,nan,
DBW03011,2022-09-27,Tuesday,Sion,Andheri,11.41,DW113,Hospital,Non-Veg,2.26,63,Delayed,Monthly-Pre-paid,122.79,No,Excellent,
DBW03012,2023-01-05,Thursday,Dadar,Thane,7.82,DW088,Residential,Non-Veg,2.01,39,Delivered,Digital,93.24,Yes,Poor,
DBW03013,2022-02-03,Thursday,Thane,Dadar,10.71,DW014,Residential,Veg,2.89,52,Delivered,Cash,107.51,No,Excellent,
DBW03014,2023-06-22,Thursday,Sion,Goregaon,17.78,DW023,Corporate,Mix,2.07,59,Delivered,Cash,161.12,No,Average,
DBW03015,2022-12-24,Saturday,Kurla,Bandra,12.25,DW112,Corporate,Veg,1.08,41,Delivered,Monthly-Pre-paid,139.93,No,Average,
DBW03016,2022-12-02,Friday,Ghatkopar,Kurla,14.62,DW131,Residential,Veg,2.33,62,Delivered,Monthly-Pre-paid,165.07,No,Excellent,
DBW03017,2023-01-24,Tuesday,Dadar,Thane,8.41,DW124,Residential,Veg,2.65,44,Delivered,Monthly-Pre-paid,131.26,No,Good,
DBW03018,2022-06-07,Tuesday,Thane,Andheri,7.9,DW065,School,Veg,0.91,40,Delivered,Digital,100.04,Yes,Average,
DBW03019,2023-03-13,Monday,Churchgate,Borivali,7.46,DW089,Residential,Non-Veg,2.12,41,Delivered,Monthly-Pre-paid,91.45,No,Excellent,
DBW03020,2023-06-28,Wednesday,Worli,Vikhroli,6.96,DW027,Corporate,Mix,2.23,37,Delivered,Digital,99.25,No,Good,
DBW03021,2022-09-13,Tuesday,Thane,Churchgate,12.55,DW089,Residential,Veg,1.69,50,Delivered,Cash,116.76,Yes,Good,
DBW03022,2022-04-06,Wednesday,Vikhroli,Andheri,9.65,DW030,Residential,Mix,0.59,38,Delivered,Cash,116.8,Yes,Average,
DBW03023,2022-10-10,Monday,Thane,Bandra,14.98,DW120,Corporate,Mix,1.65,52,Delivered,Digital,165.39,No,Good,
DBW03024,2022-05-25,Wednesday,Chembur,Vikhroli,12.58,DW118,Residential,Mix,1.51,46,Delivered,Monthly-Pre-paid,146.0,No,Average,
DBW03025,2022-09-30,Friday,Kurla,Worli,10.8,DW008,Corporate,Non-Veg,2.56,54,Delivered,Cash,141.38,Yes,nan,
DBW03026,2023-04-03,Monday,Malad,Borivali,11.41,DW141,Corporate,Mix,1.76,49,Delivered,Cash,112.27,No,Average,
DBW03027,2022-03-24,Thursday,Goregaon,Bandra,18.0,DW120,Corporate,Mix,1.59,63,Delivered,Digital,166.65,Yes,Excellent,
DBW03028,2023-06-30,Friday,Churchgate,Bandra,18.17,DW057,Residential,Mix,1.51,59,Delivered,Digital,172.16,No,Excellent,
DBW03029,2022-06-13,Monday,Vikhroli,Chembur,11.4,DW068,Residential,Non-Veg,1.96,46,Delivered,Cash,104.46,No,Good,
DBW03030,2023-10-16,Monday,Churchgate,Bandra,18.88,DW012,Corporate,Veg,1.83,60,Delivered,Cash,189.11,Yes,Good,
DBW03031,2023-06-19,Monday,Lower Parel,Thane,17.05,DW141,Residential,Non-Veg,1.41,59,Delivered,Monthly-Pre-paid,176.57,No,Good,
DBW03032,2022-07-18,Monday,Worli,Chembur,16.49,DW016,Residential,Mix,1.93,74,Delivered,Cash,170.37,Yes,Good,
DBW03033,2023-02-16,Thursday,Andheri,Borivali,10.96,DW139,Corporate,Non-Veg,1.52,47,Delivered,Cash,119.89,No,nan,
DBW03034,2022-03-22,Tuesday,Sion,Malad,11.1,DW099,Corporate,Veg,0.5,41,Delivered,Cash,133.87,No,Poor,
DBW03035,2022-03-14,Monday,Kurla,Chembur,7.46,DW138,Corporate,Non-Veg,2.13,46,Delivered,Digital,98.32,No,Excellent,
DBW03036,2023-11-29,Wednesday,Worli,Bandra,20.76,DW056,Corporate,Veg,2.09,71,Delivered,Cash,187.07,No,Good,
DBW03037,2023-08-09,Wednesday,Andheri,Malad,2.01,DW135,School,Mix,1.9,32,Delivered,Monthly-Pre-paid,1.79,Yes,Average,
DBW03038,2022-04-23,Saturday,Thane,Dadar,10.14,DW064,Hospital,Mix,1.58,30,Delivered,Cash,106.13,Yes,Excellent,
DBW03039,2022-07-26,Tuesday,Goregaon,Andheri,20.28,DW053,Corporate,Non-Veg,1.76,67,Delivered,Cash,192.86,Yes,Excellent,
DBW03040,2022-05-25,Wednesday,Lower Parel,Borivali,16.47,DW051,Residential,Veg,2.21,54,Delivered,Cash,162.5,No,nan,
DBW03041,2022-10-16,Sunday,Thane,Malad,5.75,DW143,Corporate,Veg,1.48,41,Delayed,Digital,73.29,No,Average,
DBW03042,2022-08-01,Monday,Churchgate,Borivali,9.22,DW070,Corporate,Veg,2.23,49,Delivered,Monthly-Pre-paid,95.7,No,Poor,
DBW03043,2022-08-28,Sunday,Vikhroli,Vikhroli,0.5,DW072,Corporate,Non-Veg,1.06,16,Delivered,Cash,21.3,Yes,Average,
DBW03044,2023-01-22,Sunday,Sion,Dadar,12.6,DW097,Corporate,Veg,1.88,33,Delivered,Digital,115.3,No,Average,
DBW03045,2022-05-19,Thursday,Goregaon,Borivali,17.94,DW084,Corporate,Mix,1.81,58,Delivered,Digital,180.04,Yes,Average,
DBW03046,2023-10-07,Saturday,Thane,Sion,3.54,DW082,Corporate,Mix,2.3,24,Delivered,Digital,74.66,No,Good,
DBW03047,2023-06-16,Friday,Malad,Goregaon,22.04,DW057,Corporate,Non-Veg,1.34,77,Returned,Digital,187.57,Yes,Good,Wrong Address
DBW03048,2023-07-10,Monday,Kurla,Ghatkopar,14.44,DW025,Residential,Mix,1.4,64,Delivered,Cash,144.6,Yes,Excellent,
DBW03049,2022-05-04,Wednesday,Sion,Worli,6.84,DW150,Residential,Non-Veg,1.1,46,Delivered,Digital,96.59,No,Good,
DBW03050,2023-06-01,Thursday,Thane,Ghatkopar,18.21,DW074,Corporate,Veg,1.52,88,Delayed,Cash,172.87,No,Excellent,
DBW03051,2023-09-03,Sunday,Borivali,Churchgate,9.29,DW146,Residential,Mix,1.93,48,Delayed,Digital,115.05,No,Poor,
DBW03052,2022-05-08,Sunday,Vikhroli,Lower Parel,10.72,DW070,Corporate,Non-Veg,0.9,27,Delivered,Monthly-Pre-paid,131.91,No,Good,
DBW03053,2023-07-03,Monday,Borivali,Vikhroli,6.98,DW090,School,Mix,1.58,42,Delivered,Monthly-Pre-paid,91.73,Yes,nan,
DBW03054,2022-09-19,Monday,Bandra,Thane,17.81,DW082,Corporate,Mix,2.11,71,Delivered,Cash,165.07,Yes,Good,
DBW03055,2023-07-29,Saturday,Goregaon,Bandra,19.99,DW145,Residential,Mix,1.75,57,Delivered,Cash,209.62,No,Good,
DBW03056,2022-12-16,Friday,Bandra,Thane,17.34,DW017,Corporate,Non-Veg,1.84,64,Delivered,Monthly-Pre-paid,164.69,No,Good,
DBW03057,2023-08-09,Wednesday,Kurla,Bandra,11.04,DW078,Corporate,Non-Veg,1.05,41,Delivered,Cash,114.33,No,Good,
DBW03058,2022-04-18,Monday,Lower Parel,Dadar,5.73,DW024,Residential,Veg,1.75,36,Delivered,Digital,83.55,Yes,Good,
DBW03059,2022-10-12,Wednesday,Goregaon,Malad,20.69,DW131,Residential,Veg,1.81,76,Delivered,Digital,190.98,Yes,Excellent,
DBW03060,2022-07-19,Tuesday,Vikhroli,Ghatkopar,14.33,DW080,School,Veg,1.72,48,Delivered,Digital,141.25,No,Poor,
DBW03061,2022-07-01,Friday,Bandra,Bandra,0.5,DW139,Residential,Veg,1.88,28,Delivered,Cash,28.39,Yes,Excellent,
DBW03062,2022-08-14,Sunday,Thane,Churchgate,10.75,DW042,Corporate,Non-Veg,1.65,42,Delivered,Monthly-Pre-paid,113.28,No,nan,
DBW03063,2022-10-07,Friday,Andheri,Thane,8.86,DW025,Residential,Mix,1.57,62,Returned,Cash,103.8,Yes,Good,nan
DBW03064,2022-04-03,Sunday,Worli,Churchgate,6.3,DW095,Corporate,Veg,1.28,22,Delivered,Monthly-Pre-paid,50.77,No,Good,
DBW03065,2023-06-01,Thursday,Andheri,Lower Parel,14.3,DW022,Residential,Non-Veg,2.29,60,Delivered,Cash,142.9,No,nan,
DBW03066,2023-02-06,Monday,Andheri,Dadar,6.96,DW056,Hospital,Mix,1.19,49,Returned,Monthly-Pre-paid,59.21,Yes,Average,nan
DBW03067,2023-08-29,Tuesday,Kurla,Bandra,12.81,DW048,Corporate,Non-Veg,1.88,49,Delivered,Monthly-Pre-paid,126.37,No,Good,
DBW03068,2023-05-30,Tuesday,Chembur,Borivali,11.29,DW034,Residential,Veg,2.71,60,Delivered,Digital,125.43,No,Good,
DBW03069,2022-04-19,Tuesday,Chembur,Lower Parel,18.19,DW020,Corporate,Non-Veg,2.35,55,Delivered,Cash,170.61,No,Excellent,
DBW03070,2022-02-21,Monday,Chembur,Dadar,13.09,DW099,Corporate,Mix,2.05,51,Delivered,Cash,145.29,Yes,Average,
DBW03071,2022-11-05,Saturday,Churchgate,Bandra,19.26,DW114,School,Mix,1.92,61,Delivered,Digital,189.33,Yes,Average,
DBW03072,2022-12-18,Sunday,Churchgate,Goregaon,8.91,DW060,Corporate,Mix,1.74,22,Delivered,Digital,68.96,No,Poor,
DBW03073,2022-06-25,Saturday,Borivali,Andheri,12.96,DW043,Corporate,Non-Veg,1.35,60,Delayed,Cash,151.68,Yes,Good,
DBW03074,2023-07-26,Wednesday,Andheri,Chembur,6.47,DW024,Residential,Non-Veg,1.67,34,Delivered,Cash,85.48,No,Excellent,
DBW03075,2023-03-01,Wednesday,Sion,Dadar,10.86,DW102,Corporate,Mix,2.09,51,Delivered,Digital,108.33,Yes,Excellent,
DBW03076,2023-07-01,Saturday,Kurla,Kurla,0.5,DW122,Corporate,Mix,1.99,17,Delivered,Digital,26.95,No,nan,
DBW03077,2022-03-21,Monday,Bandra,Churchgate,19.12,DW083,Corporate,Veg,2.19,73,Delivered,Digital,151.65,No,nan,
DBW03078,2023-08-19,Saturday,Ghatkopar,Churchgate,16.65,DW065,Residential,Veg,2.41,50,Delivered,Digital,166.45,Yes,Good,
DBW03079,2022-05-31,Tuesday,Churchgate,Lower Parel,13.84,DW098,Corporate,Non-Veg,1.72,56,Delivered,Monthly-Pre-paid,150.52,Yes,Good,
DBW03080,2022-11-24,Thursday,Dadar,Worli,13.14,DW138,Residential,Veg,1.9,48,Delivered,Cash,124.93,No,Poor,
DBW03081,2022-11-17,Thursday,Malad,Sion,11.95,DW149,Corporate,Non-Veg,0.85,49,Delivered,Monthly-Pre-paid,112.06,No,Good,
DBW03082,2023-08-23,Wednesday,Borivali,Goregaon,17.43,DW030,School,Non-Veg,2.93,71,Delivered,Monthly-Pre-paid,171.59,No,nan,
DBW03083,2022-07-22,Friday,Ghatkopar,Andheri,16.54,DW072,Corporate,Mix,1.59,55,Delivered,Monthly-Pre-paid,180.27,No,Poor,
DBW03084,2022-06-25,Saturday,Borivali,Dadar,12.53,DW132,Corporate,Mix,2.13,34,Delivered,Monthly-Pre-paid,146.56,No,Average,
DBW03085,2022-09-05,Monday,Sion,Lower Parel,16.11,DW095,School,Veg,1.59,51,Delivered,Cash,171.34,No,Average,
DBW03086,2022-09-21,Wednesday,Goregaon,Andheri,20.74,DW123,Hospital,Mix,1.58,60,Delivered,Cash,226.21,Yes,Excellent,
DBW03087,2022-05-13,Friday,Bandra,Lower Parel,9.3,DW150,Corporate,Mix,1.68,54,Delivered,Monthly-Pre-paid,118.28,No,Excellent,
DBW03088,2022-05-09,Monday,Chembur,Goregaon,22.62,DW016,Corporate,Non-Veg,1.18,84,Delivered,Cash,228.31,No,Poor,
DBW03089,2022-06-18,Saturday,Ghatkopar,Chembur,19.27,DW092,Hospital,Veg,0.56,43,Delivered,Cash,185.43,No,Excellent,
DBW03090,2022-12-08,Thursday,Dadar,Vikhroli,6.85,DW080,Corporate,Mix,2.38,49,Delivered,Digital,79.58,No,Excellent,
DBW03091,2022-09-08,Thursday,Chembur,Malad,2.69,DW043,Corporate,Veg,2.07,33,Delivered,Digital,68.52,Yes,Poor,
DBW03092,2022-10-14,Friday,Worli,Worli,0.5,DW099,Residential,Veg,1.34,27,Delivered,Cash,19.28,Yes,Excellent,
DBW03093,2023-06-09,Friday,Bandra,Chembur,11.68,DW016,Hospital,Non-Veg,2.03,57,Delivered,Digital,129.76,Yes,Average,
DBW03094,2022-06-25,Saturday,Goregaon,Chembur,24.07,DW075,Residential,Veg,2.21,64,Delivered,Cash,213.42,Yes,Average,
DBW03095,2023-10-27,Friday,Lower Parel,Worli,15.73,DW063,Residential,Non-Veg,1.45,54,Delivered,Digital,160.93,No,Excellent,
DBW03096,2023-07-03,Monday,Lower Parel,Borivali,16.37,DW059,School,Veg,2.01,54,Delivered,Monthly-Pre-paid,164.94,No,Excellent,
DBW03097,2022-05-08,Sunday,Churchgate,Worli,3.73,DW093,Corporate,Veg,2.3,21,Delivered,Cash,62.29,Yes,Good,
DBW03098,2022-08-18,Thursday,Bandra,Churchgate,19.53,DW142,Residential,Mix,1.08,62,Delivered,Cash,185.99,Yes,Excellent,
DBW03099,2022-05-14,Saturday,Sion,Bandra,17.38,DW143,Corporate,Veg,2.07,56,Delivered,Digital,177.04,Yes,Excellent,
DBW03100,2022-07-19,Tuesday,Worli,Borivali,5.57,DW106,Residential,Non-Veg,1.98,33,Delivered,Cash,84.96,No,Poor,
DBW03101,2022-09-24,Saturday,Lower Parel,Worli,15.54,DW050,Residential,Mix,2.74,71,Returned,Cash,133.37,No,nan,Wrong Address
DBW03102,2022-04-06,Wednesday,Churchgate,Malad,15.95,DW145,Corporate,Non-Veg,2.08,58,Delivered,Digital,156.9,Yes,Excellent,
DBW03103,2022-01-11,Tuesday,Chembur,Vikhroli,11.4,DW150,Residential,Veg,1.59,51,Delivered,Cash,114.89,No,Good,
DBW03104,2022-11-17,Thursday,Bandra,Bandra,0.5,DW127,Hospital,Mix,1.65,18,Delivered,Cash,36.91,No,Good,
DBW03105,2023-05-27,Saturday,Lower Parel,Bandra,9.47,DW131,Residential,Mix,2.81,39,Delivered,Monthly-Pre-paid,99.54,No,Good,
DBW03106,2022-08-10,Wednesday,Borivali,Worli,7.98,DW123,Corporate,Veg,1.62,43,Delivered,Monthly-Pre-paid,112.97,No,nan,
DBW03107,2023-09-21,Thursday,Chembur,Andheri,5.15,DW115,Corporate,Mix,2.09,58,Delayed,Digital,70.19,No,Excellent,
DBW03108,2022-09-27,Tuesday,Bandra,Lower Parel,9.36,DW109,Residential,Veg,1.68,49,Delivered,Monthly-Pre-paid,119.68,Yes,nan,
DBW03109,2023-10-20,Friday,Dadar,Andheri,5.45,DW096,Residential,Mix,2.34,56,Returned,Monthly-Pre-paid,59.33,No,Good,nan
DBW03110,2022-06-22,Wednesday,Lower Parel,Bandra,8.67,DW097,Corporate,Veg,2.37,44,Delivered,Digital,95.13,No,Good,
DBW03111,2023-01-29,Sunday,Ghatkopar,Malad,15.92,DW059,Corporate,Veg,1.79,44,Delivered,Cash,148.16,Yes,nan,
DBW03112,2023-07-12,Wednesday,Thane,Malad,6.75,DW134,Residential,Veg,1.6,37,Delivered,Cash,89.94,No,Average,
DBW03113,2022-02-13,Sunday,Kurla,Borivali,5.76,DW096,Corporate,Mix,1.58,19,Delivered,Monthly-Pre-paid,58.28,No,Average,
DBW03114,2023-11-10,Friday,Thane,Worli,9.47,DW093,Corporate,Non-Veg,0.94,37,Delivered,Monthly-Pre-paid,80.17,No,Excellent,
DBW03115,2022-09-24,Saturday,Chembur,Vikhroli,10.14,DW112,Corporate,Non-Veg,1.85,34,Delivered,Monthly-Pre-paid,101.76,No,Good,
DBW03116,2022-12-30,Friday,Bandra,Worli,19.0,DW012,Residential,Veg,1.84,62,Delivered,Monthly-Pre-paid,190.45,Yes,Good,
DBW03117,2023-04-04,Tuesday,Dadar,Andheri,5.41,DW138,School,Veg,1.39,26,Delivered,Cash,61.15,No,Good,
DBW03118,2023-04-15,Saturday,Borivali,Kurla,7.2,DW088,Residential,Mix,0.88,34,Returned,Digital,91.57,Yes,Excellent,nan
DBW03119,2022-01-18,Tuesday,Dadar,Lower Parel,7.35,DW142,Corporate,Mix,1.9,43,Delivered,Digital,79.06,Yes,Average,
DBW03120,2023-09-26,Tuesday,Bandra,Malad,11.3,DW016,Hospital,Mix,1.97,47,Delivered,Digital,94.07,No,Good,
DBW03121,2023-04-01,Saturday,Andheri,Malad,1.77,DW036,Corporate,Veg,2.0,24,Delivered,Monthly-Pre-paid,56.94,Yes,Excellent,
DBW03122,2023-12-31,Sunday,Goregaon,Malad,21.53,DW143,School,Mix,1.31,65,Delivered,Digital,212.01,No,Average,
DBW03123,2022-12-11,Sunday,Goregaon,Churchgate,11.25,DW104,Corporate,Non-Veg,2.0,21,Delivered,Digital,119.4,Yes,Good,
DBW03124,2023-03-24,Friday,Lower Parel,Worli,15.39,DW098,Hospital,Veg,1.71,70,Delivered,Cash,153.76,No,Good,
DBW03125,2022-11-18,Friday,Borivali,Churchgate,8.89,DW061,Hospital,Veg,2.23,49,Delivered,Digital,98.01,Yes,Poor,
DBW03126,2023-10-12,Thursday,Worli,Churchgate,4.13,DW084,Hospital,Non-Veg,1.31,18,Delivered,Digital,47.55,Yes,Good,
DBW03127,2023-08-31,Thursday,Malad,Borivali,13.38,DW082,Corporate,Non-Veg,2.38,62,Delivered,Cash,156.62,No,Average,
DBW03128,2023-10-26,Thursday,Kurla,Sion,5.6,DW030,Hospital,Veg,2.55,42,Delivered,Monthly-Pre-paid,73.31,No,Poor,
DBW03129,2023-01-04,Wednesday,Churchgate,Churchgate,0.5,DW085,Residential,Non-Veg,1.86,13,Delivered,Digital,39.42,No,Average,
DBW03130,2023-08-01,Tuesday,Ghatkopar,Worli,19.83,DW078,Corporate,Veg,2.0,61,Delivered,Digital,181.13,No,nan,
DBW03131,2022-09-19,Monday,Vikhroli,Goregaon,13.2,DW047,Residential,Mix,2.19,65,Delivered,Monthly-Pre-paid,142.28,Yes,Excellent,
DBW03132,2022-12-03,Saturday,Andheri,Malad,1.55,DW052,Residential,Non-Veg,1.29,14,Delivered,Monthly-Pre-paid,59.6,Yes,Good,
DBW03133,2023-07-09,Sunday,Goregaon,Goregaon,0.5,DW116,School,Non-Veg,1.56,9,Delivered,Cash,36.5,Yes,Average,
DBW03134,2022-03-01,Tuesday,Thane,Borivali,4.65,DW102,Residential,Non-Veg,1.89,41,Delivered,Monthly-Pre-paid,72.61,No,Good,
DBW03135,2023-06-03,Saturday,Lower Parel,Andheri,13.58,DW071,Corporate,Mix,2.81,46,Delivered,Cash,151.81,No,Good,
DBW03136,2022-01-12,Wednesday,Borivali,Andheri,10.37,DW091,Residential,Mix,1.2,66,Delayed,Monthly-Pre-paid,123.56,No,Good,
DBW03137,2023-02-28,Tuesday,Andheri,Churchgate,16.51,DW037,Corporate,Non-Veg,2.62,61,Delivered,Digital,177.73,No,Average,
DBW03138,2022-12-15,Thursday,Vikhroli,Malad,8.51,DW075,Corporate,Mix,1.7,39,Delivered,Digital,102.92,Yes,Average,
DBW03139,2022-12-09,Friday,Malad,Sion,13.73,DW085,Residential,Non-Veg,1.78,67,Delivered,Monthly-Pre-paid,144.62,No,Average,
DBW03140,2022-12-27,Tuesday,Vikhroli,Goregaon,14.18,DW038,Residential,Veg,2.41,52,Delivered,Cash,147.01,No,Poor,
DBW03141,2022-12-26,Monday,Chembur,Churchgate,18.37,DW026,Residential,Non-Veg,2.81,71,Delivered,Cash,189.94,No,Good,
DBW03142,2022-10-25,Tuesday,Worli,Andheri,14.3,DW079,Residential,Mix,2.01,49,Delivered,Monthly-Pre-paid,137.95,No,Poor,
DBW03143,2022-11-26,Saturday,Churchgate,Churchgate,1.31,DW142,Corporate,Mix,2.38,12,Delivered,Cash,48.4,No,Excellent,
DBW03144,2023-02-19,Sunday,Malad,Goregaon,20.66,DW070,Residential,Veg,1.34,53,Delivered,Monthly-Pre-paid,229.74,Yes,nan,
DBW03145,2023-07-12,Wednesday,Kurla,Andheri,5.06,DW136,Corporate,Mix,1.54,36,Delivered,Digital,75.84,Yes,Poor,
DBW03146,2023-02-08,Wednesday,Ghatkopar,Churchgate,16.91,DW128,School,Mix,1.12,55,Delivered,Cash,147.36,Yes,Poor,
DBW03147,2023-04-15,Saturday,Bandra,Lower Parel,10.29,DW112,School,Veg,1.54,37,Delivered,Monthly-Pre-paid,107.96,Yes,Poor,
DBW03148,2023-09-03,Sunday,Dadar,Dadar,0.63,DW135,Hospital,Non-Veg,2.08,12,Delivered,Monthly-Pre-paid,44.38,Yes,Poor,
DBW03149,2023-12-24,Sunday,Sion,Borivali,1.13,DW062,Hospital,Mix,1.91,8,Delivered,Cash,28.99,Yes,Excellent,
DBW03150,2022-03-21,Monday,Kurla,Borivali,6.48,DW114,Residential,Veg,2.66,55,Returned,Monthly-Pre-paid,67.2,No,nan,nan
DBW03151,2023-06-05,Monday,Kurla,Malad,6.34,DW022,Residential,Mix,2.83,48,Delivered,Digital,60.02,Yes,Excellent,
DBW03152,2022-06-14,Tuesday,Ghatkopar,Goregaon,12.87,DW048,Hospital,Non-Veg,1.73,44,Delivered,Monthly-Pre-paid,129.8,No,Poor,
DBW03153,2022-05-24,Tuesday,Worli,Vikhroli,7.68,DW085,Corporate,Veg,1.46,47,Returned,Cash,115.58,No,Good,nan
DBW03154,2023-08-02,Wednesday,Kurla,Malad,7.2,DW006,Hospital,Veg,2.38,35,Delivered,Cash,79.65,Yes,Good,
DBW03155,2022-02-20,Sunday,Malad,Andheri,1.08,DW115,Corporate,Non-Veg,2.43,17,Delivered,Monthly-Pre-paid,51.74,Yes,Good,
DBW03156,2023-09-11,Monday,Churchgate,Borivali,8.01,DW139,Hospital,Mix,2.02,64,Delayed,Digital,89.9,Yes,Good,
DBW03157,2023-07-17,Monday,Kurla,Bandra,12.44,DW016,Residential,Mix,2.15,67,Delivered,Cash,123.7,Yes,Average,
DBW03158,2023-12-28,Thursday,Chembur,Borivali,12.89,DW149,Hospital,Veg,2.07,58,Delivered,Digital,140.88,Yes,Average,
DBW03159,2023-05-03,Wednesday,Vikhroli,Kurla,1.22,DW014,Residential,Mix,1.31,43,Delayed,Monthly-Pre-paid,16.79,No,Good,
DBW03160,2023-09-30,Saturday,Churchgate,Dadar,11.33,DW020,Residential,Mix,1.19,38,Delivered,Cash,145.7,Yes,Good,
DBW03161,2022-03-28,Monday,Bandra,Ghatkopar,9.15,DW115,School,Veg,1.77,54,Delivered,Monthly-Pre-paid,111.23,No,Excellent,
DBW03162,2023-10-12,Thursday,Bandra,Lower Parel,11.16,DW103,Corporate,Veg,1.7,55,Delivered,Cash,135.04,No,Good,
DBW03163,2022-04-28,Thursday,Andheri,Bandra,7.62,DW141,Corporate,Veg,1.94,57,Delayed,Monthly-Pre-paid,87.12,No,Average,
DBW03164,2022-08-18,Thursday,Thane,Kurla,3.9,DW064,Corporate,Mix,1.73,32,Delivered,Monthly-Pre-paid,68.61,No,Average,
DBW03165,2022-04-04,Monday,Goregaon,Vikhroli,13.62,DW086,Residential,Non-Veg,0.95,70,Delayed,Digital,152.97,No,Excellent,
DBW03166,2022-10-21,Friday,Kurla,Ghatkopar,14.47,DW023,Residential,Veg,0.74,49,Delivered,Digital,144.42,Yes,Average,
DBW03167,2023-07-01,Saturday,Thane,Malad,7.75,DW104,Residential,Mix,2.17,28,Delivered,Cash,78.87,No,nan,
DBW03168,2022-07-15,Friday,Goregaon,Thane,18.19,DW150,Corporate,Mix,1.47,72,Delivered,Digital,161.38,No,Poor,
DBW03169,2023-08-24,Thursday,Bandra,Sion,17.06,DW090,Corporate,Mix,1.68,68,Delivered,Digital,160.13,No,Excellent,
DBW03170,2023-03-19,Sunday,Bandra,Vikhroli,13.58,DW140,Hospital,Mix,1.52,39,Delivered,Digital,142.05,No,Poor,
DBW03171,2023-04-05,Wednesday,Vikhroli,Goregaon,13.88,DW060,Residential,Mix,1.34,52,Delivered,Monthly-Pre-paid,138.56,No,Excellent,
DBW03172,2023-11-17,Friday,Thane,Dadar,8.89,DW148,Corporate,Veg,1.33,40,Delivered,Digital,93.8,No,Excellent,
DBW03173,2022-11-12,Saturday,Churchgate,Borivali,9.62,DW081,Corporate,Veg,2.31,25,Delivered,Cash,117.1,Yes,Excellent,
DBW03174,2022-09-09,Friday,Chembur,Ghatkopar,19.09,DW022,Corporate,Veg,1.68,74,Delivered,Digital,175.79,No,Good,
DBW03175,2023-12-28,Thursday,Sion,Andheri,10.52,DW055,Hospital,Non-Veg,2.12,42,Delivered,Cash,105.17,No,Poor,
DBW03176,2023-02-11,Saturday,Malad,Goregaon,21.29,DW074,Residential,Non-Veg,2.18,77,Delivered,Digital,214.43,Yes,Poor,
DBW03177,2023-03-25,Saturday,Churchgate,Thane,12.26,DW011,Residential,Non-Veg,1.96,42,Delivered,Monthly-Pre-paid,136.36,No,Good,
DBW03178,2022-08-05,Friday,Andheri,Andheri,0.84,DW135,Residential,Mix,2.2,29,Delivered,Cash,18.32,No,Good,
DBW03179,2022-06-07,Tuesday,Ghatkopar,Worli,18.31,DW036,Hospital,Mix,1.81,51,Delivered,Cash,156.48,Yes,Excellent,
DBW03180,2022-05-04,Wednesday,Malad,Sion,9.47,DW102,Corporate,Mix,2.48,61,Delayed,Digital,89.12,No,nan,
DBW03181,2022-06-13,Monday,Kurla,Borivali,6.01,DW138,Corporate,Non-Veg,2.21,40,Delivered,Digital,77.66,No,Good,
DBW03182,2022-05-23,Monday,Lower Parel,Dadar,7.21,DW066,Corporate,Veg,2.28,41,Delivered,Cash,105.35,Yes,Excellent,
DBW03183,2023-06-30,Friday,Malad,Andheri,0.5,DW092,School,Non-Veg,1.33,28,Delivered,Cash,55.71,Yes,nan,
DBW03184,2022-02-12,Saturday,Chembur,Malad,2.89,DW078,Residential,Mix,1.93,22,Delivered,Monthly-Pre-paid,64.4,Yes,Excellent,
DBW03185,2023-04-05,Wednesday,Goregaon,Malad,21.19,DW115,Residential,Mix,0.88,69,Delivered,Digital,228.23,Yes,Excellent,
DBW03186,2023-11-24,Friday,Bandra,Kurla,11.82,DW006,Hospital,Mix,2.5,54,Delivered,Digital,127.62,No,nan,
DBW03187,2023-07-13,Thursday,Borivali,Borivali,0.5,DW054,Corporate,Non-Veg,1.49,15,Delivered,Cash,50.64,No,Excellent,
DBW03188,2022-10-22,Saturday,Lower Parel,Kurla,13.07,DW092,Corporate,Mix,1.56,62,Delayed,Monthly-Pre-paid,125.96,Yes,Excellent,
DBW03189,2022-02-13,Sunday,Sion,Lower Parel,15.58,DW014,Residential,Non-Veg,1.12,48,Returned,Digital,131.28,No,Good,Damaged
DBW03190,2023-09-01,Friday,Lower Parel,Andheri,14.16,DW129,School,Veg,1.78,58,Delivered,Digital,138.69,Yes,Good,
DBW03191,2022-01-03,Monday,Churchgate,Goregaon,9.4,DW095,Corporate,Mix,1.67,41,Delivered,Digital,103.29,No,Poor,
DBW03192,2023-05-13,Saturday,Goregaon,Malad,21.3,DW001,Residential,Veg,2.71,75,Delivered,Cash,239.21,Yes,Average,
DBW03193,2023-05-05,Friday,Malad,Andheri,0.81,DW002,Hospital,Non-Veg,2.23,24,Delivered,Monthly-Pre-paid,36.46,No,Good,
DBW03194,2022-05-21,Saturday,Sion,Worli,3.94,DW024,Residential,Mix,1.54,15,Delivered,Cash,46.27,Yes,Excellent,
DBW03195,2023-06-25,Sunday,Lower Parel,Chembur,16.98,DW100,Residential,Veg,0.97,77,Delayed,Cash,180.32,No,Good,
DBW03196,2022-05-09,Monday,Ghatkopar,Bandra,8.1,DW078,Corporate,Mix,0.66,37,Delivered,Cash,83.43,No,Poor,
DBW03197,2022-06-14,Tuesday,Malad,Chembur,4.64,DW073,Corporate,Mix,1.29,26,Delivered,Digital,69.31,No,Excellent,
DBW03198,2023-08-16,Wednesday,Worli,Sion,4.81,DW085,Corporate,Non-Veg,1.13,37,Delivered,Digital,81.62,No,Excellent,
DBW03199,2023-12-16,Saturday,Borivali,Sion,1.06,DW075,Corporate,Mix,1.97,16,Delivered,Cash,24.48,No,Excellent,
DBW03200,2022-07-13,Wednesday,Dadar,Vikhroli,5.98,DW052,Hospital,Mix,1.73,31,Delivered,Monthly-Pre-paid,100.61,No,Average,
DBW03201,2023-11-04,Saturday,Sion,Borivali,1.35,DW002,Residential,Mix,1.81,23,Delivered,Cash,57.67,Yes,Poor,
DBW03202,2023-10-29,Sunday,Andheri,Goregaon,20.14,DW005,Hospital,Veg,1.33,43,Delivered,Cash,196.45,No,Good,
DBW03203,2023-07-16,Sunday,Dadar,Churchgate,13.86,DW104,Corporate,Mix,1.88,34,Delivered,Cash,167.13,Yes,Excellent,
DBW03204,2022-04-13,Wednesday,Malad,Goregaon,22.08,DW112,Corporate,Mix,1.09,63,Delivered,Digital,200.88,No,Poor,
DBW03205,2022-08-07,Sunday,Andheri,Borivali,12.32,DW036,Residential,Veg,1.76,40,Delivered,Cash,140.44,Yes,Excellent,
DBW03206,2023-05-10,Wednesday,Goregaon,Chembur,25.28,DW037,Corporate,Non-Veg,2.22,77,Delivered,Cash,236.39,No,Good,
DBW03207,2023-12-31,Sunday,Dadar,Sion,11.36,DW062,Corporate,Mix,1.62,37,Delivered,Cash,111.29,No,Good,
DBW03208,2023-08-18,Friday,Andheri,Vikhroli,11.39,DW097,Corporate,Mix,2.02,53,Delivered,Digital,112.04,No,Good,
DBW03209,2022-11-03,Thursday,Dadar,Sion,10.49,DW090,Corporate,Mix,0.81,41,Delivered,Monthly-Pre-paid,144.37,No,Excellent,
DBW03210,2022-06-21,Tuesday,Bandra,Malad,9.21,DW084,Corporate,Mix,0.77,27,Delivered,Digital,119.55,No,Poor,
DBW03211,2023-12-03,Sunday,Thane,Borivali,5.74,DW006,Corporate,Veg,1.96,28,Delivered,Cash,89.27,No,Excellent,
DBW03212,2022-07-21,Thursday,Worli,Goregaon,14.24,DW065,Hospital,Non-Veg,2.32,54,Delivered,Cash,134.55,No,Good,
DBW03213,2022-09-07,Wednesday,Goregaon,Bandra,19.6,DW113,Corporate,Veg,1.68,78,Delivered,Cash,197.42,No,Average,
DBW03214,2023-12-06,Wednesday,Kurla,Thane,4.47,DW089,Residential,Veg,2.87,35,Delivered,Cash,60.24,No,Poor,
DBW03215,2023-02-15,Wednesday,Malad,Ghatkopar,13.15,DW122,Residential,Veg,1.08,48,Delivered,Digital,160.69,Yes,Good,
DBW03216,2022-07-13,Wednesday,Lower Parel,Borivali,17.86,DW105,Residential,Mix,1.46,81,Delayed,Monthly-Pre-paid,191.05,Yes,Good,
DBW03217,2022-01-04,Tuesday,Bandra,Dadar,6.62,DW135,Residential,Non-Veg,1.87,35,Delivered,Digital,96.75,No,Excellent,
DBW03218,2022-11-10,Thursday,Churchgate,Worli,5.39,DW086,Corporate,Mix,2.03,40,Delivered,Digital,85.36,No,Good,
DBW03219,2023-12-21,Thursday,Churchgate,Thane,10.36,DW086,Corporate,Non-Veg,1.51,50,Returned,Digital,111.54,No,Good,Customer Unavailable
DBW03220,2022-11-12,Saturday,Goregaon,Malad,21.27,DW084,Residential,Non-Veg,1.27,57,Delivered,Digital,207.44,No,Good,
DBW03221,2023-05-26,Friday,Ghatkopar,Sion,18.84,DW040,School,Non-Veg,2.11,75,Delivered,Monthly-Pre-paid,203.81,No,Average,
DBW03222,2022-07-04,Monday,Kurla,Thane,4.37,DW066,Corporate,Mix,1.87,39,Delivered,Monthly-Pre-paid,71.93,No,Average,
DBW03223,2023-07-21,Friday,Sion,Borivali,1.43,DW026,Residential,Veg,1.63,25,Delivered,Monthly-Pre-paid,28.81,No,Excellent,
DBW03224,2023-07-21,Friday,Worli,Thane,10.38,DW065,School,Veg,2.05,47,Delivered,Cash,131.86,Yes,Poor,
DBW03225,2023-03-21,Tuesday,Churchgate,Churchgate,0.5,DW023,Residential,Mix,1.73,25,Delivered,Digital,23.81,Yes,Good,
DBW03226,2023-07-18,Tuesday,Bandra,Bandra,0.5,DW074,Residential,Non-Veg,1.73,21,Delivered,Monthly-Pre-paid,33.56,No,Good,
DBW03227,2023-02-27,Monday,Bandra,Dadar,6.64,DW144,Residential,Mix,1.71,43,Delivered,Monthly-Pre-paid,76.05,No,Average,
DBW03228,2022-10-04,Tuesday,Chembur,Sion,11.53,DW068,Hospital,Mix,1.39,37,Delivered,Monthly-Pre-paid,83.12,Yes,Average,
DBW03229,2023-06-23,Friday,Kurla,Worli,10.84,DW111,Residential,Veg,1.34,56,Delivered,Digital,119.34,No,Average,
DBW03230,2023-09-02,Saturday,Worli,Sion,6.75,DW066,Residential,Mix,1.54,32,Delivered,Digital,116.57,No,Good,
DBW03231,2023-09-06,Wednesday,Vikhroli,Malad,7.7,DW136,Residential,Veg,1.82,47,Delivered,Monthly-Pre-paid,96.4,Yes,Good,
DBW03232,2022-06-05,Sunday,Worli,Kurla,9.96,DW032,Corporate,Mix,0.86,32,Delivered,Digital,154.11,Yes,Good,
DBW03233,2023-05-09,Tuesday,Vikhroli,Dadar,9.71,DW126,School,Veg,2.27,32,Delivered,Digital,105.42,No,Good,
DBW03234,2022-01-04,Tuesday,Ghatkopar,Worli,20.89,DW109,School,Mix,1.81,82,Returned,Digital,200.4,Yes,Excellent,nan
DBW03235,2023-02-22,Wednesday,Chembur,Chembur,0.5,DW134,Residential,Mix,1.27,20,Delivered,Cash,32.44,Yes,nan,
DBW03236,2023-02-21,Tuesday,Vikhroli,Bandra,13.94,DW020,Corporate,Non-Veg,2.61,54,Delivered,Monthly-Pre-paid,142.46,No,Excellent,
DBW03237,2022-09-23,Friday,Vikhroli,Ghatkopar,15.22,DW135,Residential,Veg,1.82,64,Delivered,Monthly-Pre-paid,157.29,No,Average,
DBW03238,2023-12-27,Wednesday,Sion,Bandra,17.98,DW137,Corporate,Veg,1.13,63,Delivered,Cash,196.52,No,Good,
DBW03239,2023-10-07,Saturday,Andheri,Goregaon,19.7,DW045,Residential,Non-Veg,2.59,64,Delivered,Digital,175.05,No,Poor,
DBW03240,2022-01-29,Saturday,Chembur,Kurla,7.88,DW094,Corporate,Mix,2.48,34,Delivered,Monthly-Pre-paid,93.17,No,Good,
DBW03241,2022-06-02,Thursday,Worli,Vikhroli,7.8,DW088,Hospital,Mix,1.35,28,Delivered,Cash,101.66,No,Excellent,
DBW03242,2022-06-01,Wednesday,Lower Parel,Worli,14.34,DW008,School,Non-Veg,1.64,62,Delivered,Cash,163.9,No,Excellent,
DBW03243,2023-10-18,Wednesday,Andheri,Worli,16.87,DW079,Corporate,Veg,1.57,57,Delivered,Monthly-Pre-paid,132.6,Yes,Good,
DBW03244,2023-01-14,Saturday,Goregaon,Thane,19.43,DW099,Residential,Non-Veg,0.86,60,Delivered,Monthly-Pre-paid,164.45,No,Good,
DBW03245,2023-06-17,Saturday,Thane,Sion,2.81,DW031,Hospital,Mix,1.96,16,Delivered,Monthly-Pre-paid,53.09,No,Average,
DBW03246,2023-08-15,Tuesday,Andheri,Churchgate,17.47,DW055,Corporate,Non-Veg,2.22,62,Delivered,Monthly-Pre-paid,186.54,Yes,Poor,
DBW03247,2023-07-15,Saturday,Malad,Bandra,8.19,DW088,Corporate,Mix,2.13,22,Delivered,Monthly-Pre-paid,88.31,No,Good,
DBW03248,2022-03-07,Monday,Malad,Ghatkopar,14.68,DW140,Corporate,Veg,1.82,62,Delivered,Cash,157.48,Yes,Average,
DBW03249,2022-04-13,Wednesday,Chembur,Goregaon,23.84,DW010,Hospital,Non-Veg,2.27,69,Delivered,Monthly-Pre-paid,250.42,Yes,Excellent,
DBW03250,2022-10-16,Sunday,Churchgate,Sion,11.8,DW141,Residential,Veg,1.23,33,Delivered,Digital,124.58,No,Poor,
DBW03251,2022-09-05,Monday,Andheri,Dadar,5.19,DW123,Corporate,Non-Veg,2.71,42,Delivered,Digital,68.09,Yes,Excellent,
DBW03252,2023-06-30,Friday,Andheri,Borivali,9.7,DW127,Corporate,Non-Veg,1.41,42,Delivered,Digital,114.69,Yes,Poor,
DBW03253,2022-04-25,Monday,Worli,Ghatkopar,18.66,DW008,Residential,Veg,1.47,75,Delivered,Digital,181.96,No,Good,
DBW03254,2022-09-29,Thursday,Kurla,Goregaon,17.04,DW086,Corporate,Mix,1.51,77,Delayed,Digital,170.13,No,Average,
DBW03255,2022-06-22,Wednesday,Malad,Vikhroli,9.76,DW056,Residential,Mix,1.48,50,Delivered,Monthly-Pre-paid,105.37,No,Good,
DBW03256,2022-05-18,Wednesday,Worli,Malad,18.22,DW138,Corporate,Non-Veg,1.7,53,Delivered,Cash,171.94,Yes,Good,
DBW03257,2022-05-07,Saturday,Chembur,Goregaon,25.82,DW112,Residential,Non-Veg,1.68,69,Delivered,Digital,221.51,No,nan,
DBW03258,2022-05-23,Monday,Ghatkopar,Borivali,19.77,DW098,Residential,Veg,1.86,82,Delivered,Digital,197.38,No,Good,
DBW03259,2023-02-16,Thursday,Ghatkopar,Dadar,7.92,DW005,Hospital,Veg,1.39,41,Delivered,Digital,77.73,Yes,Excellent,
DBW03260,2022-10-27,Thursday,Lower Parel,Kurla,13.72,DW132,Corporate,Non-Veg,1.88,56,Delivered,Monthly-Pre-paid,127.54,Yes,Good,
DBW03261,2022-11-14,Monday,Dadar,Chembur,10.62,DW074,Residential,Non-Veg,1.25,52,Delivered,Digital,96.99,No,Excellent,
DBW03262,2022-12-16,Friday,Worli,Chembur,16.51,DW025,Residential,Mix,2.17,81,Delivered,Monthly-Pre-paid,157.22,No,Good,
DBW03263,2023-06-25,Sunday,Ghatkopar,Vikhroli,13.87,DW132,Residential,Mix,2.16,45,Delivered,Cash,141.33,Yes,Good,
DBW03264,2023-09-22,Friday,Sion,Bandra,16.91,DW136,Corporate,Veg,1.8,64,Delivered,Monthly-Pre-paid,148.81,Yes,Average,
DBW03265,2023-01-20,Friday,Andheri,Goregaon,19.7,DW075,Corporate,Veg,1.48,69,Delivered,Cash,183.6,No,nan,
DBW03266,2023-04-14,Friday,Worli,Malad,15.71,DW100,Residential,Non-Veg,1.96,68,Delivered,Digital,158.14,No,Good,
DBW03267,2023-06-24,Saturday,Vikhroli,Andheri,9.3,DW092,Residential,Non-Veg,1.36,28,Delivered,Cash,80.87,No,Poor,
DBW03268,2023-05-19,Friday,Worli,Vikhroli,6.86,DW046,School,Mix,1.82,41,Delivered,Cash,73.51,No,Poor,
DBW03269,2022-04-09,Saturday,Bandra,Dadar,5.56,DW113,Hospital,Veg,1.72,16,Delivered,Digital,101.53,Yes,Average,
DBW03270,2023-12-19,Tuesday,Andheri,Churchgate,14.74,DW150,Residential,Non-Veg,3.11,68,Delivered,Cash,137.3,No,Average,
DBW03271,2022-05-01,Sunday,Goregaon,Bandra,19.32,DW141,School,Non-Veg,1.19,51,Delivered,Cash,195.21,Yes,Average,
DBW03272,2022-10-28,Friday,Borivali,Borivali,0.5,DW104,Residential,Non-Veg,0.5,18,Delivered,Digital,26.39,No,Good,
DBW03273,2023-04-22,Saturday,Kurla,Bandra,12.03,DW055,Corporate,Veg,1.48,30,Delivered,Cash,129.23,No,nan,
DBW03274,2022-10-22,Saturday,Dadar,Chembur,10.52,DW137,Corporate,Mix,0.94,25,Delivered,Digital,102.21,No,Good,
DBW03275,2022-06-27,Monday,Borivali,Thane,5.23,DW140,Hospital,Non-Veg,1.44,41,Delivered,Digital,43.3,No,Excellent,
DBW03276,2023-11-06,Monday,Bandra,Goregaon,20.5,DW001,Corporate,Veg,1.15,84,Delivered,Monthly-Pre-paid,187.42,No,Average,
DBW03277,2022-02-22,Tuesday,Ghatkopar,Vikhroli,13.5,DW051,School,Non-Veg,1.35,49,Delivered,Digital,144.67,No,Good,
DBW03278,2022-06-29,Wednesday,Ghatkopar,Vikhroli,14.37,DW083,Corporate,Veg,1.27,50,Delivered,Digital,155.16,Yes,Excellent,
DBW03279,2023-12-26,Tuesday,Goregaon,Chembur,25.37,DW087,Corporate,Non-Veg,2.28,85,Delivered,Monthly-Pre-paid,235.13,Yes,Excellent,
DBW03280,2023-06-17,Saturday,Lower Parel,Dadar,6.37,DW107,Residential,Veg,1.78,23,Delivered,Cash,69.33,No,Good,
DBW03281,2022-03-05,Saturday,Vikhroli,Churchgate,7.92,DW078,Hospital,Veg,2.34,26,Delivered,Digital,107.14,No,Excellent,
DBW03282,2023-07-05,Wednesday,Lower Parel,Borivali,16.23,DW003,Hospital,Mix,1.82,59,Delivered,Cash,149.01,Yes,Excellent,
DBW03283,2023-12-09,Saturday,Churchgate,Bandra,18.31,DW025,Corporate,Non-Veg,2.26,65,Delivered,Digital,166.53,No,Excellent,
DBW03284,2022-03-13,Sunday,Borivali,Malad,12.0,DW115,Corporate,Mix,1.65,44,Delivered,Digital,111.33,No,Average,
DBW03285,2022-10-30,Sunday,Borivali,Borivali,0.5,DW105,Residential,Non-Veg,2.6,8,Delivered,Digital,27.65,No,Excellent,
DBW03286,2022-12-08,Thursday,Chembur,Worli,17.73,DW098,Hospital,Mix,2.04,81,Delayed,Cash,167.39,No,Average,
DBW03287,2022-04-06,Wednesday,Sion,Andheri,9.75,DW067,Corporate,Veg,1.41,37,Delivered,Digital,112.42,Yes,Poor,
DBW03288,2022-05-27,Friday,Borivali,Bandra,18.8,DW042,Residential,Mix,2.11,92,Delayed,Cash,160.13,No,Average,
DBW03289,2022-05-07,Saturday,Dadar,Thane,11.4,DW047,Corporate,Non-Veg,1.81,39,Delivered,Cash,114.3,No,Excellent,
DBW03290,2022-05-16,Monday,Worli,Bandra,22.83,DW104,Residential,Mix,1.7,74,Delivered,Cash,200.65,Yes,Good,
DBW03291,2022-10-22,Saturday,Vikhroli,Churchgate,9.21,DW076,Corporate,Veg,1.85,35,Delivered,Digital,110.12,Yes,Excellent,
DBW03292,2022-12-05,Monday,Goregaon,Lower Parel,8.39,DW020,School,Veg,2.18,48,Delivered,Digital,101.64,No,nan,
DBW03293,2022-06-23,Thursday,Bandra,Chembur,14.19,DW060,Corporate,Non-Veg,0.74,50,Delivered,Monthly-Pre-paid,128.1,Yes,Excellent,
DBW03294,2022-07-31,Sunday,Malad,Borivali,11.35,DW124,Residential,Veg,1.62,41,Delivered,Digital,128.2,No,Excellent,
DBW03295,2022-05-21,Saturday,Ghatkopar,Dadar,9.09,DW090,Residential,Veg,2.14,31,Delivered,Digital,101.95,Yes,Excellent,
DBW03296,2023-08-05,Saturday,Lower Parel,Dadar,6.38,DW130,Corporate,Mix,1.92,25,Delivered,Monthly-Pre-paid,92.92,Yes,nan,
DBW03297,2022-06-04,Saturday,Thane,Goregaon,17.77,DW077,Corporate,Mix,1.24,62,Delivered,Digital,162.47,No,Excellent,
DBW03298,2023-10-25,Wednesday,Worli,Worli,0.5,DW073,Residential,Mix,0.62,25,Delivered,Monthly-Pre-paid,42.86,Yes,Excellent,
DBW03299,2023-01-29,Sunday,Kurla,Goregaon,17.3,DW143,Residential,Non-Veg,2.65,66,Delivered,Digital,181.41,No,Excellent,
DBW03300,2023-08-09,Wednesday,Sion,Bandra,18.45,DW077,Residential,Non-Veg,1.71,73,Delivered,Cash,178.66,Yes,Poor,
DBW03301,2023-04-10,Monday,Lower Parel,Bandra,10.04,DW021,Residential,Mix,2.56,56,Delivered,Digital,141.8,No,Good,
DBW03302,2022-07-14,Thursday,Kurla,Kurla,0.5,DW061,Corporate,Non-Veg,2.2,20,Delivered,Monthly-Pre-paid,41.37,Yes,nan,
DBW03303,2023-03-15,Wednesday,Vikhroli,Kurla,3.42,DW098,School,Mix,1.4,54,Returned,Cash,83.76,No,nan,nan
DBW03304,2022-07-20,Wednesday,Kurla,Lower Parel,12.63,DW052,Corporate,Non-Veg,0.55,39,Delivered,Digital,168.86,No,Average,
DBW03305,2022-03-28,Monday,Sion,Sion,0.5,DW062,Residential,Veg,1.57,30,Delivered,Digital,8.91,Yes,Excellent,
DBW03306,2022-07-05,Tuesday,Churchgate,Chembur,19.05,DW131,School,Non-Veg,1.78,63,Delivered,Monthly-Pre-paid,199.68,Yes,nan,
DBW03307,2022-07-21,Thursday,Bandra,Goregaon,20.86,DW066,Hospital,Mix,2.03,66,Delivered,Monthly-Pre-paid,204.6,No,Good,
DBW03308,2022-04-09,Saturday,Churchgate,Borivali,8.97,DW046,Corporate,Non-Veg,1.24,33,Delivered,Digital,105.4,No,Good,
DBW03309,2022-01-18,Tuesday,Andheri,Chembur,5.34,DW017,Corporate,Mix,1.89,38,Delivered,Cash,62.77,Yes,Average,
DBW03310,2023-11-20,Monday,Sion,Lower Parel,16.31,DW061,Residential,Mix,1.89,66,Delivered,Cash,147.13,No,Average,
DBW03311,2023-01-10,Tuesday,Thane,Lower Parel,15.64,DW115,Corporate,Veg,2.29,60,Delivered,Digital,139.3,No,nan,
DBW03312,2022-10-21,Friday,Malad,Thane,7.01,DW045,Residential,Mix,1.65,41,Delivered,Cash,119.39,No,nan,
DBW03313,2023-11-10,Friday,Sion,Lower Parel,16.42,DW071,Residential,Mix,2.02,80,Delayed,Monthly-Pre-paid,168.66,Yes,Good,
DBW03314,2022-06-14,Tuesday,Malad,Thane,6.94,DW099,Corporate,Veg,1.94,36,Delivered,Monthly-Pre-paid,65.09,No,Excellent,
DBW03315,2022-10-22,Saturday,Churchgate,Goregaon,9.22,DW140,Corporate,Non-Veg,2.24,44,Delivered,Cash,87.98,No,nan,
DBW03316,2023-09-11,Monday,Churchgate,Thane,11.6,DW123,Residential,Mix,1.39,40,Delivered,Monthly-Pre-paid,92.43,No,Excellent,
DBW03317,2023-04-07,Friday,Goregaon,Ghatkopar,12.64,DW043,Residential,Veg,0.5,60,Delivered,Cash,148.97,Yes,Good,
DBW03318,2022-10-19,Wednesday,Vikhroli,Ghatkopar,14.87,DW025,Corporate,Veg,1.68,89,Delayed,Digital,149.63,No,Excellent,
DBW03319,2022-07-06,Wednesday,Sion,Sion,0.5,DW101,Corporate,Veg,1.68,24,Delivered,Digital,41.64,No,Good,
DBW03320,2022-01-26,Wednesday,Ghatkopar,Vikhroli,12.28,DW039,Corporate,Veg,1.22,48,Delivered,Digital,128.25,No,Good,
DBW03321,2022-03-04,Friday,Worli,Thane,10.6,DW059,Residential,Veg,1.05,50,Delivered,Digital,129.04,No,Average,
DBW03322,2022-04-29,Friday,Bandra,Sion,18.29,DW016,Residential,Mix,1.51,87,Delayed,Digital,170.33,Yes,nan,
DBW03323,2023-07-29,Saturday,Kurla,Ghatkopar,13.74,DW117,Hospital,Mix,1.74,38,Delivered,Cash,144.35,Yes,nan,
DBW03324,2023-04-12,Wednesday,Malad,Goregaon,21.78,DW025,School,Mix,1.85,77,Delivered,Monthly-Pre-paid,208.37,Yes,Good,
DBW03325,2022-11-13,Sunday,Sion,Malad,9.47,DW058,Residential,Non-Veg,0.66,21,Delivered,Monthly-Pre-paid,88.33,No,Good,
DBW03326,2023-07-26,Wednesday,Sion,Andheri,11.98,DW062,Hospital,Mix,0.92,50,Delivered,Digital,115.03,No,Good,
DBW03327,2022-04-28,Thursday,Ghatkopar,Bandra,8.17,DW007,Corporate,Veg,2.36,39,Delivered,Monthly-Pre-paid,90.83,No,Good,
DBW03328,2022-06-03,Friday,Churchgate,Goregaon,7.1,DW117,Residential,Veg,1.71,32,Delivered,Cash,91.6,Yes,Good,
DBW03329,2022-10-14,Friday,Sion,Chembur,11.21,DW093,Residential,Veg,1.8,55,Delivered,Monthly-Pre-paid,140.54,Yes,nan,
DBW03330,2023-11-01,Wednesday,Vikhroli,Ghatkopar,13.88,DW082,Residential,Veg,1.13,58,Delivered,Cash,142.77,No,Good,
DBW03331,2023-03-25,Saturday,Churchgate,Andheri,15.79,DW027,Residential,Mix,1.8,50,Delivered,Monthly-Pre-paid,154.99,Yes,Excellent,
DBW03332,2023-09-14,Thursday,Sion,Sion,0.5,DW008,Corporate,Mix,1.61,22,Delivered,Digital,38.65,No,Average,
DBW03333,2022-07-01,Friday,Andheri,Thane,7.58,DW009,Hospital,Mix,1.49,36,Delivered,Cash,88.26,No,Good,
DBW03334,2023-09-12,Tuesday,Kurla,Thane,3.31,DW094,Hospital,Mix,1.07,36,Returned,Digital,56.14,No,Excellent,Damaged
DBW03335,2022-02-22,Tuesday,Goregaon,Chembur,22.56,DW113,School,Mix,1.37,69,Delivered,Digital,233.21,No,Average,
DBW03336,2022-06-16,Thursday,Dadar,Dadar,1.27,DW120,Residential,Non-Veg,2.79,29,Delivered,Monthly-Pre-paid,36.83,No,Excellent,
DBW03337,2023-01-17,Tuesday,Dadar,Sion,11.46,DW121,School,Veg,1.63,49,Delivered,Cash,125.63,No,Average,
DBW03338,2022-02-06,Sunday,Malad,Andheri,0.5,DW060,Residential,Veg,2.19,12,Delivered,Monthly-Pre-paid,24.33,Yes,Poor,
DBW03339,2023-09-19,Tuesday,Bandra,Andheri,7.76,DW001,Residential,Mix,1.7,43,Delivered,Cash,110.99,No,Good,
DBW03340,2023-09-26,Tuesday,Worli,Chembur,17.94,DW037,Corporate,Non-Veg,1.64,69,Delivered,Cash,159.88,Yes,Good,
DBW03341,2023-01-31,Tuesday,Bandra,Chembur,12.44,DW119,Hospital,Mix,1.48,34,Delivered,Cash,128.47,No,Good,
DBW03342,2022-08-12,Friday,Ghatkopar,Goregaon,12.66,DW115,Residential,Veg,2.47,63,Delivered,Monthly-Pre-paid,146.05,Yes,Average,
DBW03343,2022-03-14,Monday,Sion,Lower Parel,15.63,DW077,Residential,Non-Veg,1.99,71,Delivered,Digital,142.02,No,nan,
DBW03344,2023-03-28,Tuesday,Worli,Ghatkopar,18.71,DW004,School,Veg,1.41,54,Delivered,Monthly-Pre-paid,192.73,No,Poor,
DBW03345,2023-01-28,Saturday,Goregaon,Thane,18.38,DW117,Corporate,Non-Veg,1.6,52,Delivered,Monthly-Pre-paid,146.31,No,Excellent,
DBW03346,2023-07-09,Sunday,Borivali,Goregaon,16.71,DW123,Residential,Non-Veg,2.34,51,Delivered,Digital,147.32,Yes,Good,
DBW03347,2023-03-16,Thursday,Kurla,Andheri,5.86,DW035,Corporate,Non-Veg,0.5,28,Delivered,Cash,75.44,No,Excellent,
DBW03348,2022-04-04,Monday,Worli,Sion,6.83,DW121,Residential,Veg,1.96,37,Delivered,Cash,120.81,No,Excellent,
DBW03349,2022-03-30,Wednesday,Borivali,Dadar,11.42,DW096,Corporate,Mix,2.07,49,Delivered,Digital,123.55,Yes,Good,
DBW03350,2023-07-25,Tuesday,Andheri,Chembur,5.2,DW134,Corporate,Mix,1.43,36,Delivered,Digital,74.11,Yes,Good,
DBW03351,2022-04-27,Wednesday,Bandra,Borivali,19.68,DW094,Corporate,Non-Veg,1.88,71,Delivered,Digital,204.67,Yes,Good,
DBW03352,2023-11-17,Friday,Ghatkopar,Chembur,17.84,DW014,Corporate,Non-Veg,2.05,71,Delivered,Monthly-Pre-paid,156.45,Yes,Average,
DBW03353,2022-03-19,Saturday,Borivali,Worli,5.55,DW098,Corporate,Veg,1.18,25,Delivered,Cash,28.93,No,Good,
DBW03354,2023-06-16,Friday,Churchgate,Lower Parel,11.79,DW017,Residential,Non-Veg,2.22,64,Delivered,Digital,150.33,Yes,Poor,
DBW03355,2023-12-13,Wednesday,Sion,Vikhroli,4.08,DW039,Corporate,Non-Veg,1.95,31,Delivered,Cash,71.68,No,Poor,
DBW03356,2022-11-19,Saturday,Churchgate,Goregaon,9.63,DW131,Corporate,Non-Veg,1.72,31,Delivered,Digital,100.35,No,Average,
DBW03357,2022-02-11,Friday,Bandra,Lower Parel,9.09,DW146,Corporate,Non-Veg,1.85,43,Delivered,Monthly-Pre-paid,103.61,No,Good,
DBW03358,2023-10-02,Monday,Churchgate,Malad,15.63,DW072,Corporate,Mix,2.15,68,Delivered,Cash,170.83,No,Excellent,
DBW03359,2022-05-17,Tuesday,Thane,Chembur,8.62,DW044,Corporate,Veg,2.96,41,Delivered,Digital,97.05,Yes,Excellent,
DBW03360,2023-01-21,Saturday,Malad,Goregaon,21.93,DW059,School,Non-Veg,2.1,53,Delivered,Cash,207.61,No,Good,
DBW03361,2023-12-20,Wednesday,Bandra,Dadar,4.89,DW037,Residential,Mix,2.21,33,Delivered,Digital,99.67,No,nan,
DBW03362,2023-06-28,Wednesday,Goregaon,Goregaon,0.5,DW086,Corporate,Mix,1.9,24,Delivered,Digital,15.35,Yes,Good,
DBW03363,2022-02-03,Thursday,Goregaon,Andheri,20.76,DW064,Residential,Mix,2.75,68,Delivered,Digital,203.82,No,Good,
DBW03364,2023-08-22,Tuesday,Borivali,Bandra,18.51,DW009,Corporate,Non-Veg,1.07,65,Delivered,Digital,159.74,No,Good,
DBW03365,2022-04-28,Thursday,Dadar,Vikhroli,8.6,DW092,Residential,Non-Veg,0.93,44,Delivered,Cash,122.28,No,Average,
DBW03366,2023-07-02,Sunday,Thane,Sion,4.36,DW097,School,Non-Veg,1.88,16,Delivered,Monthly-Pre-paid,69.28,No,nan,
DBW03367,2023-03-30,Thursday,Dadar,Chembur,11.29,DW101,Corporate,Mix,2.13,39,Delivered,Monthly-Pre-paid,110.0,No,Excellent,
DBW03368,2022-07-30,Saturday,Thane,Kurla,2.77,DW142,Corporate,Mix,0.51,20,Delivered,Digital,29.67,Yes,Poor,
DBW03369,2022-11-06,Sunday,Thane,Thane,0.5,DW106,Residential,Veg,1.8,11,Delivered,Monthly-Pre-paid,28.75,No,Good,
DBW03370,2022-03-28,Monday,Goregaon,Borivali,16.06,DW102,Corporate,Veg,1.71,68,Delivered,Cash,161.24,No,Good,
DBW03371,2023-12-22,Friday,Worli,Bandra,22.06,DW032,Corporate,Veg,2.17,94,Delivered,Cash,223.86,No,Good,
DBW03372,2022-06-23,Thursday,Dadar,Kurla,6.77,DW070,Residential,Veg,2.01,41,Delivered,Cash,67.76,No,Good,
DBW03373,2022-08-14,Sunday,Borivali,Thane,4.01,DW066,Residential,Veg,0.9,18,Delivered,Monthly-Pre-paid,49.75,No,Excellent,
DBW03374,2023-01-03,Tuesday,Worli,Chembur,17.98,DW145,Corporate,Mix,1.26,64,Delivered,Cash,166.36,Yes,Excellent,
DBW03375,2023-05-06,Saturday,Worli,Dadar,16.19,DW072,Hospital,Veg,1.4,48,Delivered,Cash,147.86,No,Average,
DBW03376,2023-01-04,Wednesday,Sion,Bandra,17.95,DW104,Corporate,Non-Veg,2.17,56,Delivered,Cash,165.87,No,Average,
DBW03377,2023-01-04,Wednesday,Sion,Andheri,11.49,DW082,Corporate,Non-Veg,1.99,56,Delivered,Digital,107.74,No,Average,
DBW03378,2023-03-02,Thursday,Kurla,Dadar,5.92,DW009,Residential,Veg,1.49,45,Delivered,Cash,83.59,Yes,Good,
DBW03379,2023-09-19,Tuesday,Thane,Sion,3.83,DW141,Residential,Veg,1.87,23,Delivered,Monthly-Pre-paid,53.39,Yes,Good,
DBW03380,2022-10-16,Sunday,Bandra,Dadar,5.32,DW101,Residential,Mix,1.27,24,Delivered,Monthly-Pre-paid,72.7,No,nan,
DBW03381,2023-08-31,Thursday,Borivali,Borivali,0.5,DW035,Residential,Non-Veg,2.82,28,Delivered,Monthly-Pre-paid,38.56,No,nan,
DBW03382,2023-07-29,Saturday,Chembur,Borivali,12.18,DW009,Residential,Veg,2.09,45,Delivered,Digital,106.76,Yes,Excellent,
DBW03383,2023-12-03,Sunday,Bandra,Churchgate,21.42,DW141,Hospital,Non-Veg,2.19,61,Delivered,Digital,210.23,No,Excellent,
DBW03384,2023-10-29,Sunday,Lower Parel,Sion,14.41,DW047,Residential,Non-Veg,2.49,46,Delivered,Monthly-Pre-paid,148.46,No,Average,
DBW03385,2023-08-06,Sunday,Sion,Chembur,10.76,DW003,Corporate,Non-Veg,2.31,35,Delivered,Monthly-Pre-paid,119.2,No,Excellent,
DBW03386,2022-06-30,Thursday,Bandra,Sion,19.45,DW093,Residential,Mix,1.82,73,Delivered,Monthly-Pre-paid,183.63,Yes,Poor,
DBW03387,2023-07-20,Thursday,Thane,Goregaon,19.24,DW003,Corporate,Mix,1.71,69,Delivered,Monthly-Pre-paid,179.89,No,Good,
DBW03388,2023-06-22,Thursday,Kurla,Lower Parel,11.93,DW033,Residential,Mix,2.44,58,Delivered,Cash,126.24,No,Excellent,
DBW03389,2022-07-31,Sunday,Sion,Dadar,10.87,DW135,Corporate,Non-Veg,1.81,33,Delivered,Cash,118.43,Yes,Poor,
DBW03390,2023-05-10,Wednesday,Dadar,Lower Parel,6.22,DW006,Residential,Non-Veg,1.43,39,Delivered,Monthly-Pre-paid,62.03,No,Excellent,
DBW03391,2022-07-04,Monday,Dadar,Worli,12.12,DW113,Residential,Veg,2.78,62,Delivered,Cash,150.58,Yes,Excellent,
DBW03392,2023-01-17,Tuesday,Bandra,Vikhroli,13.25,DW093,Residential,Veg,1.33,53,Delivered,Cash,125.58,No,Poor,
DBW03393,2023-08-05,Saturday,Sion,Worli,5.61,DW046,Corporate,Mix,0.93,23,Delivered,Cash,75.87,Yes,Excellent,
DBW03394,2022-05-18,Wednesday,Sion,Worli,6.72,DW043,Corporate,Mix,2.3,61,Delayed,Cash,101.2,Yes,Good,
DBW03395,2022-09-03,Saturday,Ghatkopar,Bandra,7.44,DW072,Hospital,Veg,1.43,29,Delivered,Digital,84.4,Yes,Good,
DBW03396,2023-08-04,Friday,Chembur,Kurla,7.67,DW080,School,Mix,2.02,35,Delivered,Cash,94.89,No,Excellent,
DBW03397,2022-11-28,Monday,Lower Parel,Lower Parel,0.5,DW134,Residential,Veg,2.71,50,Delayed,Monthly-Pre-paid,1.13,No,Excellent,
DBW03398,2023-12-03,Sunday,Chembur,Churchgate,18.92,DW040,Corporate,Veg,1.11,41,Delivered,Cash,151.63,No,Excellent,
DBW03399,2022-01-06,Thursday,Malad,Lower Parel,13.48,DW089,Corporate,Veg,1.78,47,Delivered,Digital,137.49,Yes,Good,
DBW03400,2023-06-11,Sunday,Thane,Vikhroli,4.43,DW103,Residential,Non-Veg,2.54,27,Delivered,Digital,68.26,No,nan,
DBW03401,2023-08-18,Friday,Chembur,Goregaon,24.5,DW002,Corporate,Veg,2.14,82,Delivered,Digital,242.6,No,Average,
DBW03402,2023-11-02,Thursday,Goregaon,Ghatkopar,13.6,DW135,Hospital,Non-Veg,1.71,51,Delivered,Monthly-Pre-paid,150.79,No,Average,
DBW03403,2022-04-25,Monday,Goregaon,Borivali,17.46,DW149,Residential,Non-Veg,2.99,100,Delayed,Monthly-Pre-paid,145.81,Yes,Average,
DBW03404,2023-12-20,Wednesday,Sion,Chembur,10.43,DW013,Corporate,Veg,1.75,34,Delivered,Digital,132.44,No,Average,
DBW03405,2022-10-14,Friday,Thane,Goregaon,19.36,DW040,Corporate,Veg,2.0,67,Delivered,Digital,167.03,Yes,Good,
DBW03406,2022-09-14,Wednesday,Dadar,Vikhroli,5.05,DW118,Corporate,Mix,2.62,24,Delivered,Digital,83.37,Yes,nan,
DBW03407,2022-09-17,Saturday,Malad,Malad,0.5,DW122,Residential,Non-Veg,2.29,13,Delivered,Monthly-Pre-paid,27.22,No,Average,
DBW03408,2023-04-11,Tuesday,Dadar,Andheri,5.47,DW024,Residential,Mix,2.46,28,Delivered,Monthly-Pre-paid,114.53,No,Average,
DBW03409,2023-04-27,Thursday,Lower Parel,Borivali,15.33,DW138,Corporate,Veg,1.35,59,Delivered,Cash,143.82,Yes,Excellent,
DBW03410,2022-12-12,Monday,Ghatkopar,Sion,18.65,DW050,Residential,Veg,2.41,78,Delivered,Monthly-Pre-paid,178.07,No,Average,
DBW03411,2022-02-21,Monday,Kurla,Thane,3.38,DW045,Corporate,Veg,1.88,28,Delivered,Cash,59.45,No,Good,
DBW03412,2023-12-22,Friday,Worli,Chembur,18.17,DW054,Residential,Mix,1.43,65,Delivered,Monthly-Pre-paid,171.68,No,Average,
DBW03413,2022-06-12,Sunday,Kurla,Ghatkopar,15.82,DW101,Hospital,Veg,1.91,43,Delivered,Cash,141.64,No,Poor,
DBW03414,2022-03-10,Thursday,Churchgate,Ghatkopar,15.65,DW031,Corporate,Mix,1.9,65,Delivered,Monthly-Pre-paid,188.26,No,Excellent,
DBW03415,2023-03-13,Monday,Chembur,Andheri,4.77,DW082,Corporate,Veg,2.73,41,Delivered,Monthly-Pre-paid,59.04,No,Good,
DBW03416,2022-10-29,Saturday,Sion,Sion,0.5,DW012,Hospital,Mix,1.99,8,Delivered,Digital,24.3,No,nan,
DBW03417,2023-03-26,Sunday,Sion,Vikhroli,5.94,DW023,Corporate,Non-Veg,1.41,16,Delivered,Monthly-Pre-paid,75.87,No,Excellent,
DBW03418,2023-10-02,Monday,Ghatkopar,Dadar,8.95,DW116,Corporate,Mix,1.29,27,Delivered,Digital,104.52,Yes,Average,
DBW03419,2022-03-13,Sunday,Churchgate,Dadar,13.21,DW058,Hospital,Veg,1.78,36,Delivered,Digital,125.38,No,Good,
DBW03420,2022-07-27,Wednesday,Dadar,Andheri,6.41,DW120,Residential,Veg,1.13,36,Delivered,Digital,95.59,No,Good,
DBW03421,2023-01-13,Friday,Chembur,Borivali,11.54,DW111,School,Mix,1.44,55,Delivered,Cash,124.62,Yes,nan,
DBW03422,2023-07-30,Sunday,Thane,Sion,5.11,DW150,Residential,Mix,1.68,38,Delivered,Cash,71.17,No,Average,
DBW03423,2023-03-15,Wednesday,Sion,Dadar,11.71,DW021,Residential,Non-Veg,1.59,50,Delivered,Monthly-Pre-paid,132.01,No,Good,
DBW03424,2022-10-07,Friday,Lower Parel,Thane,15.0,DW141,Corporate,Veg,2.16,66,Delivered,Monthly-Pre-paid,137.27,Yes,Average,
DBW03425,2023-03-22,Wednesday,Lower Parel,Bandra,9.41,DW134,Corporate,Non-Veg,1.43,29,Delivered,Monthly-Pre-paid,96.5,No,Excellent,
DBW03426,2023-12-17,Sunday,Andheri,Sion,12.17,DW066,Residential,Non-Veg,0.57,42,Delivered,Monthly-Pre-paid,127.04,No,Excellent,
DBW03427,2022-12-17,Saturday,Sion,Lower Parel,15.78,DW021,Corporate,Mix,0.96,46,Delivered,Digital,170.23,No,Average,
DBW03428,2023-10-07,Saturday,Malad,Lower Parel,14.96,DW021,Residential,Non-Veg,1.79,63,Delayed,Monthly-Pre-paid,146.04,Yes,Poor,
DBW03429,2023-07-24,Monday,Sion,Lower Parel,15.58,DW077,Corporate,Mix,1.51,61,Delivered,Monthly-Pre-paid,149.92,Yes,Average,
DBW03430,2022-08-08,Monday,Vikhroli,Worli,6.49,DW002,Corporate,Veg,1.18,51,Delayed,Cash,50.26,Yes,Good,
DBW03431,2022-07-02,Saturday,Borivali,Thane,5.5,DW015,Residential,Non-Veg,2.78,25,Delivered,Digital,63.59,Yes,Excellent,
DBW03432,2023-07-17,Monday,Ghatkopar,Borivali,18.71,DW080,Residential,Mix,2.21,73,Delivered,Cash,154.93,Yes,Excellent,
DBW03433,2022-06-01,Wednesday,Kurla,Borivali,7.15,DW085,Corporate,Non-Veg,1.77,32,Delivered,Monthly-Pre-paid,66.16,No,Good,
DBW03434,2022-09-03,Saturday,Dadar,Vikhroli,7.46,DW130,Residential,Non-Veg,1.92,20,Delivered,Cash,95.13,No,nan,
DBW03435,2022-06-21,Tuesday,Sion,Lower Parel,15.34,DW147,Corporate,Mix,1.67,78,Delayed,Monthly-Pre-paid,202.47,No,Good,
DBW03436,2023-03-19,Sunday,Vikhroli,Kurla,2.94,DW041,Corporate,Non-Veg,1.17,13,Delivered,Monthly-Pre-paid,56.43,No,Poor,
DBW03437,2022-08-03,Wednesday,Borivali,Thane,4.29,DW050,School,Non-Veg,2.32,26,Delivered,Digital,69.32,No,Excellent,
DBW03438,2023-04-26,Wednesday,Chembur,Thane,7.65,DW030,School,Non-Veg,2.23,45,Delivered,Digital,79.78,Yes,Good,
DBW03439,2023-11-14,Tuesday,Dadar,Sion,13.59,DW034,Corporate,Mix,0.81,51,Delivered,Monthly-Pre-paid,123.03,Yes,Excellent,
DBW03440,2023-08-29,Tuesday,Ghatkopar,Sion,19.03,DW066,Corporate,Veg,1.91,66,Delivered,Monthly-Pre-paid,213.08,Yes,nan,
DBW03441,2023-11-24,Friday,Sion,Sion,0.53,DW149,Hospital,Mix,1.97,25,Delivered,Digital,22.19,No,Excellent,
DBW03442,2022-01-18,Tuesday,Sion,Ghatkopar,19.42,DW135,Residential,Veg,1.64,75,Delivered,Monthly-Pre-paid,155.4,No,Excellent,
DBW03443,2022-11-29,Tuesday,Ghatkopar,Vikhroli,14.31,DW137,Corporate,Veg,2.85,51,Delivered,Cash,148.16,Yes,Excellent,
DBW03444,2022-06-10,Friday,Vikhroli,Kurla,2.85,DW068,Corporate,Veg,2.79,34,Delivered,Cash,46.32,No,Excellent,
DBW03445,2023-11-02,Thursday,Thane,Lower Parel,15.0,DW099,Corporate,Veg,1.61,55,Delivered,Cash,158.92,No,Good,
DBW03446,2023-06-04,Sunday,Worli,Borivali,5.89,DW109,Residential,Mix,1.69,30,Delivered,Digital,100.67,Yes,nan,
DBW03447,2022-08-22,Monday,Goregaon,Vikhroli,13.73,DW037,Residential,Veg,1.63,59,Delivered,Monthly-Pre-paid,145.39,No,nan,
DBW03448,2023-02-16,Thursday,Andheri,Dadar,4.97,DW070,Corporate,Mix,1.49,32,Delivered,Monthly-Pre-paid,73.16,Yes,Good,
DBW03449,2023-03-18,Saturday,Thane,Thane,1.01,DW083,Corporate,Veg,1.34,15,Delivered,Cash,48.01,No,Poor,
DBW03450,2022-12-28,Wednesday,Churchgate,Kurla,11.04,DW056,Corporate,Non-Veg,2.05,49,Delivered,Cash,158.85,No,Good,
DBW03451,2022-12-13,Tuesday,Thane,Goregaon,19.26,DW071,Residential,Non-Veg,2.78,77,Delivered,Monthly-Pre-paid,218.22,Yes,Poor,
DBW03452,2022-02-10,Thursday,Dadar,Dadar,1.34,DW067,Hospital,Non-Veg,2.58,22,Delivered,Digital,35.98,Yes,Excellent,
DBW03453,2022-11-27,Sunday,Bandra,Malad,7.9,DW010,Residential,Mix,2.19,23,Delivered,Cash,107.44,No,Good,
DBW03454,2022-09-12,Monday,Kurla,Churchgate,12.21,DW116,Residential,Non-Veg,0.6,41,Delivered,Digital,154.47,No,Excellent,
DBW03455,2023-08-21,Monday,Lower Parel,Dadar,6.27,DW136,Corporate,Mix,0.87,42,Delivered,Digital,90.56,No,nan,
DBW03456,2023-09-24,Sunday,Lower Parel,Lower Parel,0.5,DW114,Residential,Veg,2.33,8,Delivered,Digital,33.01,No,Good,
DBW03457,2023-07-02,Sunday,Borivali,Malad,11.25,DW141,Corporate,Veg,2.61,37,Delivered,Monthly-Pre-paid,112.51,Yes,Excellent,
DBW03458,2022-01-23,Sunday,Andheri,Andheri,0.5,DW065,Corporate,Veg,2.08,9,Delivered,Monthly-Pre-paid,35.48,Yes,Excellent,
DBW03459,2023-09-07,Thursday,Thane,Dadar,11.33,DW009,Residential,Veg,1.65,54,Delivered,Monthly-Pre-paid,103.57,No,Good,
DBW03460,2022-10-17,Monday,Sion,Ghatkopar,21.26,DW041,Hospital,Non-Veg,2.48,67,Delivered,Cash,213.48,Yes,Good,
DBW03461,2022-10-31,Monday,Ghatkopar,Thane,18.3,DW129,Corporate,Veg,2.18,69,Delivered,Digital,197.29,No,Average,
DBW03462,2023-11-21,Tuesday,Worli,Andheri,16.02,DW021,Residential,Veg,2.37,63,Delivered,Digital,152.19,Yes,Poor,
DBW03463,2023-09-26,Tuesday,Sion,Kurla,5.66,DW083,Hospital,Non-Veg,0.87,29,Delivered,Digital,68.49,No,Average,
DBW03464,2022-02-07,Monday,Malad,Sion,12.6,DW001,Residential,Mix,1.97,58,Delivered,Monthly-Pre-paid,114.92,No,Good,
DBW03465,2022-09-20,Tuesday,Churchgate,Ghatkopar,14.47,DW049,Residential,Mix,2.69,54,Delivered,Digital,152.73,Yes,Good,
DBW03466,2023-07-02,Sunday,Dadar,Dadar,0.5,DW017,Corporate,Veg,2.06,9,Delivered,Digital,33.84,No,nan,
DBW03467,2023-01-29,Sunday,Andheri,Andheri,0.5,DW018,Hospital,Veg,2.27,8,Delivered,Monthly-Pre-paid,12.35,No,Good,
DBW03468,2022-07-08,Friday,Lower Parel,Lower Parel,0.5,DW025,Corporate,Non-Veg,1.82,29,Delivered,Monthly-Pre-paid,77.72,No,Good,
DBW03469,2023-01-19,Thursday,Malad,Churchgate,16.49,DW081,Corporate,Mix,1.85,55,Delivered,Digital,135.22,No,Average,
DBW03470,2023-09-25,Monday,Malad,Kurla,7.96,DW104,Corporate,Non-Veg,2.5,40,Delivered,Monthly-Pre-paid,72.05,Yes,Average,
DBW03471,2022-06-13,Monday,Dadar,Chembur,10.33,DW044,Residential,Mix,1.47,43,Delivered,Cash,126.75,No,nan,
DBW03472,2023-06-29,Thursday,Thane,Dadar,10.81,DW123,Residential,Mix,1.42,41,Delivered,Cash,126.33,No,Good,
DBW03473,2023-06-21,Wednesday,Thane,Vikhroli,6.69,DW059,Hospital,Mix,1.56,29,Delivered,Cash,72.78,Yes,Good,
DBW03474,2023-10-09,Monday,Bandra,Thane,15.78,DW111,Residential,Mix,1.81,60,Delivered,Cash,144.59,No,Average,
DBW03475,2022-08-06,Saturday,Ghatkopar,Borivali,19.71,DW080,School,Veg,0.99,60,Delivered,Monthly-Pre-paid,194.51,Yes,Average,
DBW03476,2022-06-07,Tuesday,Borivali,Sion,0.5,DW109,Residential,Non-Veg,2.17,29,Delivered,Cash,39.67,No,Excellent,
DBW03477,2023-02-04,Saturday,Dadar,Lower Parel,6.43,DW147,Residential,Veg,1.72,23,Delivered,Monthly-Pre-paid,70.91,Yes,nan,
DBW03478,2023-01-23,Monday,Churchgate,Churchgate,0.91,DW150,Corporate,Veg,2.23,35,Delivered,Cash,52.16,No,Excellent,
DBW03479,2022-10-26,Wednesday,Worli,Borivali,5.62,DW089,Corporate,Non-Veg,0.74,32,Delivered,Cash,83.54,Yes,Excellent,
DBW03480,2023-07-23,Sunday,Andheri,Sion,11.31,DW145,Residential,Non-Veg,2.23,40,Delivered,Digital,140.5,No,Average,
DBW03481,2023-08-07,Monday,Vikhroli,Vikhroli,0.5,DW106,Residential,Mix,2.47,21,Delivered,Cash,33.25,No,Excellent,
DBW03482,2022-06-29,Wednesday,Lower Parel,Chembur,20.31,DW041,Corporate,Veg,2.02,65,Delivered,Cash,204.63,No,Excellent,
DBW03483,2023-08-04,Friday,Borivali,Thane,4.41,DW141,Residential,Veg,1.82,41,Delivered,Monthly-Pre-paid,61.85,No,nan,
DBW03484,2022-06-18,Saturday,Lower Parel,Sion,17.82,DW022,Corporate,Veg,2.23,57,Delivered,Digital,180.64,Yes,Average,
DBW03485,2022-10-25,Tuesday,Sion,Vikhroli,5.26,DW071,Corporate,Mix,2.44,33,Delivered,Digital,77.47,No,nan,
DBW03486,2022-01-20,Thursday,Thane,Kurla,5.49,DW023,Corporate,Non-Veg,2.06,36,Delivered,Monthly-Pre-paid,86.63,Yes,Excellent,
DBW03487,2022-09-06,Tuesday,Dadar,Andheri,4.65,DW118,Corporate,Non-Veg,2.1,38,Delivered,Monthly-Pre-paid,74.99,No,Excellent,
DBW03488,2023-12-01,Friday,Worli,Malad,16.13,DW135,Corporate,Veg,2.63,73,Delayed,Cash,130.73,No,Good,
DBW03489,2022-11-20,Sunday,Vikhroli,Lower Parel,10.7,DW123,Hospital,Non-Veg,2.18,26,Delivered,Digital,106.2,Yes,Excellent,
DBW03490,2023-06-03,Saturday,Churchgate,Thane,12.53,DW016,Hospital,Veg,1.4,59,Delayed,Digital,131.49,Yes,Good,
DBW03491,2022-03-20,Sunday,Lower Parel,Bandra,10.86,DW041,Corporate,Veg,2.43,36,Delivered,Cash,123.89,No,nan,
DBW03492,2023-04-09,Sunday,Borivali,Vikhroli,5.71,DW052,Corporate,Non-Veg,1.74,14,Delivered,Cash,88.04,No,Good,
DBW03493,2022-09-29,Thursday,Chembur,Borivali,13.36,DW018,Residential,Non-Veg,1.82,44,Delivered,Monthly-Pre-paid,145.09,Yes,Average,
DBW03494,2023-06-28,Wednesday,Sion,Vikhroli,4.46,DW080,Corporate,Non-Veg,1.85,38,Delivered,Monthly-Pre-paid,55.1,No,Average,
DBW03495,2023-11-09,Thursday,Vikhroli,Kurla,2.19,DW006,Hospital,Mix,2.28,36,Returned,Monthly-Pre-paid,61.27,No,Excellent,Customer Unavailable
DBW03496,2023-01-24,Tuesday,Andheri,Andheri,0.5,DW093,Residential,Mix,2.67,27,Delivered,Cash,21.86,No,Excellent,
DBW03497,2022-03-17,Thursday,Dadar,Borivali,12.17,DW087,Hospital,Veg,1.81,48,Delivered,Digital,146.29,Yes,Average,
DBW03498,2022-12-14,Wednesday,Malad,Worli,15.76,DW090,Corporate,Veg,2.67,60,Delivered,Cash,176.05,No,Excellent,
DBW03499,2022-03-31,Thursday,Malad,Vikhroli,8.02,DW137,School,Non-Veg,1.88,37,Delivered,Cash,93.99,No,Good,
DBW03500,2022-11-25,Friday,Churchgate,Kurla,12.14,DW118,Residential,Non-Veg,2.5,61,Delivered,Monthly-Pre-paid,117.36,Yes,Average,
DBW03501,2022-02-14,Monday,Malad,Sion,10.5,DW039,Residential,Non-Veg,1.9,48,Delivered,Cash,103.58,No,Good,
DBW03502,2023-04-13,Thursday,Ghatkopar,Kurla,16.16,DW086,School,Mix,1.55,57,Delivered,Monthly-Pre-paid,142.86,Yes,Good,
DBW03503,2022-08-15,Monday,Lower Parel,Thane,15.87,DW121,Residential,Veg,2.76,77,Delivered,Cash,143.11,Yes,Average,
DBW03504,2022-05-28,Saturday,Chembur,Worli,17.82,DW128,Corporate,Mix,1.51,43,Delivered,Digital,169.86,Yes,Good,
DBW03505,2022-01-13,Thursday,Borivali,Ghatkopar,20.14,DW097,Residential,Veg,1.47,66,Delivered,Digital,182.75,No,Good,
DBW03506,2023-10-11,Wednesday,Dadar,Malad,6.04,DW013,Hospital,Non-Veg,1.17,49,Delayed,Monthly-Pre-paid,54.19,No,Excellent,
DBW03507,2023-09-04,Monday,Ghatkopar,Vikhroli,14.65,DW066,Hospital,Veg,2.43,49,Delivered,Monthly-Pre-paid,139.96,Yes,Average,
DBW03508,2023-08-16,Wednesday,Chembur,Kurla,10.08,DW129,Residential,Non-Veg,2.55,70,Delayed,Digital,112.0,No,Good,
DBW03509,2022-02-12,Saturday,Kurla,Malad,6.36,DW012,Residential,Mix,1.99,28,Delivered,Monthly-Pre-paid,75.78,Yes,nan,
DBW03510,2022-09-13,Tuesday,Malad,Sion,11.77,DW089,Corporate,Non-Veg,1.31,46,Delivered,Cash,110.71,Yes,Average,
DBW03511,2023-12-11,Monday,Lower Parel,Borivali,16.96,DW082,Corporate,Non-Veg,1.8,79,Returned,Monthly-Pre-paid,129.82,No,Good,nan
DBW03512,2023-02-27,Monday,Vikhroli,Malad,9.28,DW034,Residential,Veg,1.65,57,Delivered,Digital,121.45,No,Average,
DBW03513,2022-04-04,Monday,Chembur,Vikhroli,11.31,DW052,Corporate,Mix,1.28,66,Delayed,Monthly-Pre-paid,119.92,No,Good,
DBW03514,2022-04-13,Wednesday,Sion,Churchgate,10.21,DW147,Corporate,Veg,1.56,43,Delivered,Monthly-Pre-paid,116.46,Yes,Good,
DBW03515,2022-07-12,Tuesday,Andheri,Chembur,6.06,DW090,Residential,Veg,2.05,34,Delivered,Digital,81.16,Yes,Average,
DBW03516,2023-12-11,Monday,Goregaon,Borivali,15.98,DW141,Residential,Mix,1.5,59,Delivered,Monthly-Pre-paid,165.31,No,Good,
DBW03517,2022-05-04,Wednesday,Sion,Worli,6.84,DW071,Residential,Mix,1.95,39,Delivered,Monthly-Pre-paid,88.37,Yes,nan,
DBW03518,2023-10-22,Sunday,Borivali,Dadar,12.02,DW127,Corporate,Veg,0.91,32,Delivered,Digital,127.66,Yes,Good,
DBW03519,2023-05-10,Wednesday,Malad,Sion,10.47,DW093,Corporate,Non-Veg,2.64,54,Delivered,Cash,125.24,No,Excellent,
DBW03520,2023-11-04,Saturday,Malad,Vikhroli,10.27,DW137,Residential,Veg,1.6,26,Delivered,Digital,126.85,No,Excellent,
DBW03521,2023-08-26,Saturday,Worli,Kurla,9.12,DW050,Hospital,Mix,2.24,28,Delivered,Cash,123.69,No,Excellent,
DBW03522,2022-08-31,Wednesday,Chembur,Dadar,9.59,DW058,Corporate,Non-Veg,1.89,47,Returned,Monthly-Pre-paid,94.27,No,nan,Customer Unavailable
DBW03523,2023-08-28,Monday,Kurla,Thane,4.59,DW007,Hospital,Veg,2.0,31,Delivered,Digital,70.47,Yes,Good,
DBW03524,2022-05-04,Wednesday,Chembur,Goregaon,22.99,DW035,Residential,Veg,1.23,67,Delivered,Monthly-Pre-paid,189.88,Yes,Poor,
DBW03525,2022-08-01,Monday,Chembur,Thane,5.37,DW021,Hospital,Veg,1.42,34,Delivered,Digital,65.75,No,Good,
DBW03526,2022-06-04,Saturday,Malad,Lower Parel,14.92,DW028,Residential,Veg,1.43,52,Delivered,Cash,146.42,Yes,nan,
DBW03527,2022-04-08,Friday,Kurla,Bandra,12.74,DW047,Corporate,Veg,1.81,69,Delayed,Monthly-Pre-paid,143.04,No,Good,
DBW03528,2022-03-07,Monday,Chembur,Worli,17.65,DW132,Residential,Non-Veg,2.46,84,Delayed,Digital,169.4,Yes,Poor,
DBW03529,2022-05-17,Tuesday,Ghatkopar,Chembur,19.06,DW057,Residential,Mix,2.02,61,Delivered,Monthly-Pre-paid,192.6,No,Average,
DBW03530,2022-03-29,Tuesday,Sion,Andheri,9.55,DW124,Corporate,Mix,1.35,37,Delivered,Cash,101.26,No,Good,
DBW03531,2022-10-05,Wednesday,Bandra,Worli,19.57,DW123,Corporate,Non-Veg,1.84,68,Delivered,Digital,177.89,Yes,Good,
DBW03532,2022-02-22,Tuesday,Worli,Borivali,5.29,DW148,Residential,Mix,1.76,27,Delivered,Digital,60.27,Yes,Good,
DBW03533,2022-02-14,Monday,Vikhroli,Kurla,1.74,DW077,Residential,Non-Veg,1.62,45,Delivered,Monthly-Pre-paid,54.27,No,Excellent,
DBW03534,2023-12-24,Sunday,Andheri,Bandra,9.2,DW128,Hospital,Veg,1.79,16,Delivered,Monthly-Pre-paid,97.89,Yes,Good,
DBW03535,2022-03-06,Sunday,Churchgate,Churchgate,0.5,DW063,Corporate,Non-Veg,2.18,8,Delivered,Monthly-Pre-paid,-2.4,Yes,Good,
DBW03536,2022-02-24,Thursday,Vikhroli,Dadar,7.29,DW095,Corporate,Veg,1.44,35,Delivered,Cash,97.85,Yes,Good,
DBW03537,2022-01-22,Saturday,Thane,Lower Parel,16.01,DW122,School,Veg,1.63,49,Delivered,Digital,144.15,Yes,Average,
DBW03538,2022-04-07,Thursday,Lower Parel,Goregaon,9.95,DW022,Corporate,Mix,2.29,37,Delivered,Digital,112.51,Yes,nan,
DBW03539,2023-01-21,Saturday,Vikhroli,Goregaon,14.52,DW009,Corporate,Mix,2.03,45,Delivered,Cash,129.23,Yes,Good,
DBW03540,2023-08-27,Sunday,Bandra,Bandra,0.5,DW025,Hospital,Non-Veg,2.44,16,Delivered,Cash,34.22,Yes,Average,
DBW03541,2023-06-21,Wednesday,Borivali,Sion,1.29,DW109,School,Non-Veg,2.52,22,Delivered,Monthly-Pre-paid,-2.7,No,Good,
DBW03542,2023-02-28,Tuesday,Andheri,Borivali,12.09,DW072,Residential,Mix,1.12,39,Delivered,Cash,126.24,Yes,Good,
DBW03543,2022-03-04,Friday,Lower Parel,Lower Parel,0.5,DW043,Corporate,Mix,1.94,24,Delivered,Digital,20.87,No,Good,
DBW03544,2023-07-20,Thursday,Dadar,Churchgate,13.76,DW116,Residential,Veg,1.55,67,Delayed,Monthly-Pre-paid,121.06,No,Poor,
DBW03545,2022-01-28,Friday,Andheri,Thane,7.85,DW003,Hospital,Non-Veg,1.2,45,Delivered,Monthly-Pre-paid,104.29,No,Excellent,
DBW03546,2023-04-06,Thursday,Borivali,Churchgate,9.39,DW026,Hospital,Veg,1.41,27,Delivered,Digital,103.35,No,Good,
DBW03547,2022-10-26,Wednesday,Borivali,Bandra,17.51,DW071,Corporate,Non-Veg,1.65,74,Delayed,Monthly-Pre-paid,166.39,Yes,Average,
DBW03548,2023-10-06,Friday,Sion,Goregaon,17.56,DW138,Hospital,Veg,1.65,63,Delivered,Monthly-Pre-paid,159.65,Yes,Good,
DBW03549,2022-08-13,Saturday,Goregaon,Worli,12.4,DW113,Residential,Veg,1.5,50,Delivered,Cash,142.59,No,Excellent,
DBW03550,2023-04-12,Wednesday,Borivali,Bandra,19.54,DW103,Corporate,Mix,1.79,95,Delayed,Monthly-Pre-paid,179.78,Yes,Excellent,
DBW03551,2022-11-18,Friday,Thane,Malad,6.04,DW107,Corporate,Veg,3.02,45,Delivered,Monthly-Pre-paid,100.6,Yes,Excellent,
DBW03552,2023-01-17,Tuesday,Churchgate,Sion,8.73,DW047,Corporate,Mix,0.94,37,Delivered,Monthly-Pre-paid,118.29,No,Good,
DBW03553,2023-11-17,Friday,Chembur,Sion,11.57,DW068,School,Non-Veg,2.37,47,Delivered,Digital,143.94,No,Good,
DBW03554,2023-06-05,Monday,Sion,Lower Parel,15.58,DW133,Corporate,Veg,1.79,61,Delivered,Cash,169.16,No,nan,
DBW03555,2022-10-30,Sunday,Chembur,Sion,10.11,DW110,Residential,Veg,1.58,27,Delivered,Cash,101.77,No,Poor,
DBW03556,2022-11-23,Wednesday,Churchgate,Malad,17.75,DW090,Corporate,Mix,0.79,51,Delivered,Digital,172.82,No,Excellent,
DBW03557,2023-05-30,Tuesday,Thane,Andheri,8.65,DW013,Residential,Mix,2.18,47,Delivered,Cash,96.17,Yes,Excellent,
DBW03558,2022-09-10,Saturday,Worli,Lower Parel,16.21,DW110,Residential,Mix,1.08,44,Delivered,Digital,172.24,Yes,nan,
DBW03559,2022-05-03,Tuesday,Thane,Chembur,8.15,DW055,School,Veg,2.21,46,Delivered,Digital,95.03,No,Average,
DBW03560,2022-12-08,Thursday,Andheri,Bandra,8.66,DW058,Residential,Mix,2.67,43,Delivered,Monthly-Pre-paid,95.61,Yes,Average,
DBW03561,2022-02-19,Saturday,Vikhroli,Churchgate,7.73,DW102,Residential,Veg,1.16,30,Delivered,Digital,116.7,Yes,Good,
DBW03562,2022-05-04,Wednesday,Worli,Thane,9.37,DW060,Residential,Non-Veg,2.38,34,Delivered,Digital,100.01,No,Excellent,
DBW03563,2022-11-04,Friday,Andheri,Lower Parel,13.18,DW086,Residential,Veg,1.81,62,Delivered,Digital,126.09,No,Good,
DBW03564,2023-08-05,Saturday,Goregaon,Worli,12.96,DW002,School,Veg,0.75,37,Delivered,Cash,127.65,Yes,Good,
DBW03565,2023-07-25,Tuesday,Malad,Sion,10.43,DW028,Residential,Veg,1.2,48,Delivered,Monthly-Pre-paid,129.52,No,Good,
DBW03566,2022-07-10,Sunday,Malad,Chembur,4.88,DW081,Hospital,Mix,1.89,25,Delivered,Digital,71.86,No,nan,
DBW03567,2022-11-05,Saturday,Lower Parel,Malad,15.2,DW144,Corporate,Veg,2.0,52,Delivered,Cash,158.46,No,Excellent,
DBW03568,2022-04-23,Saturday,Vikhroli,Lower Parel,11.49,DW115,Residential,Veg,1.01,42,Delivered,Monthly-Pre-paid,125.48,Yes,Excellent,
DBW03569,2023-07-06,Thursday,Dadar,Lower Parel,8.94,DW063,Hospital,Veg,1.82,35,Delivered,Cash,68.66,No,nan,
DBW03570,2022-06-29,Wednesday,Goregaon,Dadar,14.09,DW146,Hospital,Veg,2.21,49,Delivered,Cash,126.67,No,Poor,
DBW03571,2023-08-07,Monday,Goregaon,Kurla,14.74,DW042,Residential,Non-Veg,2.3,85,Delayed,Cash,143.77,No,Good,
DBW03572,2023-09-07,Thursday,Malad,Goregaon,21.72,DW134,Residential,Veg,1.59,74,Delivered,Digital,208.51,No,Good,
DBW03573,2023-05-19,Friday,Ghatkopar,Sion,18.63,DW061,Hospital,Veg,2.02,64,Delivered,Monthly-Pre-paid,164.26,Yes,Good,
DBW03574,2022-08-30,Tuesday,Worli,Bandra,20.48,DW014,Corporate,Non-Veg,2.34,68,Delivered,Monthly-Pre-paid,178.63,Yes,Excellent,
DBW03575,2023-11-27,Monday,Bandra,Malad,7.97,DW001,School,Mix,2.23,56,Delivered,Cash,89.04,No,Poor,
DBW03576,2023-05-16,Tuesday,Thane,Kurla,2.9,DW148,Corporate,Veg,2.25,16,Delivered,Cash,73.06,Yes,Good,
DBW03577,2023-04-17,Monday,Dadar,Bandra,5.32,DW097,Corporate,Non-Veg,1.86,37,Delivered,Monthly-Pre-paid,40.29,No,Excellent,
DBW03578,2023-09-18,Monday,Ghatkopar,Vikhroli,13.85,DW023,Residential,Non-Veg,1.75,55,Delivered,Digital,101.03,No,Good,
DBW03579,2023-10-06,Friday,Ghatkopar,Goregaon,12.14,DW149,Corporate,Mix,1.94,58,Delivered,Digital,153.11,Yes,Average,
DBW03580,2022-02-26,Saturday,Bandra,Lower Parel,9.73,DW007,Corporate,Mix,1.42,33,Delivered,Monthly-Pre-paid,84.88,No,nan,
DBW03581,2023-10-06,Friday,Sion,Dadar,12.95,DW051,Corporate,Mix,2.36,48,Delivered,Cash,127.49,No,Average,
DBW03582,2023-07-13,Thursday,Chembur,Bandra,14.42,DW113,School,Non-Veg,1.03,54,Delivered,Cash,122.84,No,Excellent,
DBW03583,2022-05-31,Tuesday,Kurla,Borivali,4.7,DW008,Residential,Veg,1.55,53,Delayed,Digital,63.08,No,Average,
DBW03584,2022-08-13,Saturday,Borivali,Chembur,12.75,DW136,School,Mix,1.78,43,Delivered,Cash,129.92,No,Excellent,
DBW03585,2023-07-04,Tuesday,Thane,Kurla,3.91,DW102,Corporate,Non-Veg,2.03,38,Delivered,Cash,85.41,Yes,Excellent,
DBW03586,2022-06-08,Wednesday,Worli,Ghatkopar,19.14,DW143,Corporate,Mix,2.13,73,Delivered,Digital,193.94,No,Good,
DBW03587,2022-11-27,Sunday,Malad,Kurla,6.08,DW126,Corporate,Mix,2.54,27,Delivered,Cash,59.43,Yes,Excellent,
DBW03588,2023-05-18,Thursday,Goregaon,Sion,18.09,DW124,Corporate,Mix,1.84,59,Delivered,Digital,146.06,No,Good,
DBW03589,2023-04-20,Thursday,Chembur,Kurla,7.46,DW035,Corporate,Non-Veg,1.44,41,Delivered,Digital,97.14,No,Average,
DBW03590,2023-10-27,Friday,Worli,Andheri,15.5,DW031,Corporate,Non-Veg,1.73,72,Returned,Monthly-Pre-paid,146.2,No,Excellent,Damaged
DBW03591,2022-03-23,Wednesday,Lower Parel,Ghatkopar,5.02,DW037,Residential,Mix,1.64,41,Delivered,Monthly-Pre-paid,59.33,Yes,Good,
DBW03592,2022-08-04,Thursday,Ghatkopar,Thane,17.82,DW024,Residential,Mix,2.06,68,Delayed,Digital,190.34,Yes,Excellent,
DBW03593,2023-12-20,Wednesday,Goregaon,Borivali,16.3,DW100,Corporate,Veg,1.27,64,Delivered,Cash,134.08,No,Good,
DBW03594,2023-02-20,Monday,Ghatkopar,Lower Parel,3.78,DW009,Residential,Non-Veg,1.71,42,Delivered,Digital,54.71,Yes,Good,
DBW03595,2022-07-01,Friday,Sion,Malad,9.73,DW065,Corporate,Non-Veg,2.61,61,Delivered,Digital,117.34,No,Excellent,
DBW03596,2022-07-31,Sunday,Chembur,Malad,2.56,DW088,Residential,Veg,1.89,32,Returned,Digital,32.75,No,Poor,nan
DBW03597,2022-09-05,Monday,Bandra,Borivali,18.45,DW081,Residential,Non-Veg,1.27,55,Delivered,Digital,197.06,Yes,Good,
DBW03598,2023-02-09,Thursday,Kurla,Dadar,7.8,DW074,Hospital,Mix,1.63,45,Delivered,Cash,77.21,Yes,nan,
DBW03599,2022-07-27,Wednesday,Vikhroli,Churchgate,7.89,DW034,Hospital,Veg,0.68,36,Delivered,Cash,92.1,Yes,nan,
DBW03600,2023-03-30,Thursday,Thane,Worli,10.19,DW017,Corporate,Non-Veg,1.77,51,Delivered,Digital,101.13,No,Good,
DBW03601,2022-11-22,Tuesday,Vikhroli,Goregaon,11.89,DW149,Residential,Non-Veg,2.62,68,Returned,Cash,84.03,Yes,Poor,nan
DBW03602,2023-03-22,Wednesday,Sion,Ghatkopar,19.84,DW070,Hospital,Mix,1.21,61,Delivered,Cash,182.4,Yes,Average,
DBW03603,2022-04-24,Sunday,Ghatkopar,Andheri,14.31,DW090,School,Veg,1.07,39,Delivered,Digital,156.38,No,Good,
DBW03604,2023-04-01,Saturday,Lower Parel,Kurla,11.44,DW086,Residential,Non-Veg,1.47,43,Delivered,Monthly-Pre-paid,105.96,No,Poor,
DBW03605,2023-11-07,Tuesday,Sion,Malad,11.04,DW056,Residential,Veg,2.26,49,Delivered,Cash,108.94,No,Good,
DBW03606,2022-04-09,Saturday,Borivali,Dadar,12.38,DW109,Residential,Non-Veg,2.65,50,Delivered,Cash,121.26,No,Good,
DBW03607,2022-08-28,Sunday,Worli,Bandra,19.7,DW057,School,Mix,2.02,59,Delivered,Digital,195.61,No,Good,
DBW03608,2023-05-22,Monday,Sion,Chembur,11.37,DW063,Corporate,Mix,1.16,36,Delivered,Cash,115.55,No,Poor,
DBW03609,2023-03-27,Monday,Chembur,Churchgate,20.16,DW121,Corporate,Non-Veg,1.79,74,Delivered,Monthly-Pre-paid,191.66,No,nan,
DBW03610,2023-05-08,Monday,Kurla,Lower Parel,11.87,DW048,Hospital,Non-Veg,2.69,59,Delivered,Monthly-Pre-paid,125.52,No,Excellent,
DBW03611,2023-02-13,Monday,Goregaon,Thane,18.62,DW105,Residential,Mix,1.64,65,Delivered,Cash,171.08,No,Good,
DBW03612,2023-05-14,Sunday,Bandra,Bandra,0.5,DW100,Corporate,Non-Veg,1.87,8,Delivered,Cash,59.34,No,Excellent,
DBW03613,2023-03-21,Tuesday,Churchgate,Chembur,19.82,DW005,Corporate,Veg,1.92,55,Delivered,Digital,173.2,No,Poor,
DBW03614,2022-02-24,Thursday,Sion,Thane,2.52,DW103,Residential,Mix,1.03,31,Delivered,Digital,60.69,No,Excellent,
DBW03615,2023-07-03,Monday,Bandra,Bandra,0.58,DW121,Residential,Mix,2.3,60,Delayed,Monthly-Pre-paid,53.77,Yes,Excellent,
DBW03616,2022-11-23,Wednesday,Vikhroli,Dadar,6.43,DW041,Residential,Non-Veg,2.23,34,Delivered,Monthly-Pre-paid,79.33,No,Average,
DBW03617,2022-02-07,Monday,Sion,Worli,6.84,DW138,Corporate,Veg,0.8,33,Delivered,Digital,85.63,Yes,Average,
DBW03618,2022-10-26,Wednesday,Sion,Goregaon,17.32,DW003,Corporate,Veg,1.13,62,Delivered,Monthly-Pre-paid,176.48,Yes,Good,
DBW03619,2022-11-14,Monday,Sion,Goregaon,17.31,DW027,Residential,Veg,1.32,67,Delivered,Cash,162.94,Yes,Average,
DBW03620,2022-03-05,Saturday,Vikhroli,Borivali,6.85,DW142,Corporate,Mix,2.17,32,Delivered,Cash,56.38,Yes,Average,
DBW03621,2023-12-29,Friday,Ghatkopar,Thane,17.12,DW129,Residential,Veg,1.42,62,Delivered,Monthly-Pre-paid,163.18,No,Excellent,
DBW03622,2022-06-12,Sunday,Chembur,Churchgate,19.45,DW114,Residential,Veg,2.0,60,Delivered,Cash,210.31,Yes,Good,
DBW03623,2022-08-30,Tuesday,Lower Parel,Kurla,13.83,DW091,Corporate,Mix,1.71,55,Delivered,Cash,149.18,No,Good,
DBW03624,2022-11-18,Friday,Bandra,Vikhroli,14.57,DW031,Residential,Non-Veg,1.84,56,Delivered,Digital,147.69,No,Average,
DBW03625,2023-08-31,Thursday,Kurla,Bandra,11.25,DW074,Corporate,Non-Veg,2.05,48,Delivered,Digital,131.35,Yes,Average,
DBW03626,2023-06-27,Tuesday,Chembur,Bandra,12.46,DW085,Residential,Veg,1.94,46,Delivered,Digital,127.52,Yes,Good,
DBW03627,2023-07-17,Monday,Dadar,Andheri,5.12,DW014,Residential,Veg,1.79,37,Delivered,Cash,71.42,Yes,Average,
DBW03628,2022-06-23,Thursday,Goregaon,Lower Parel,9.72,DW090,Residential,Veg,1.96,50,Delivered,Cash,101.31,No,Excellent,
DBW03629,2023-09-10,Sunday,Andheri,Kurla,6.07,DW014,Hospital,Non-Veg,1.91,27,Returned,Monthly-Pre-paid,85.76,Yes,Good,nan
DBW03630,2023-08-29,Tuesday,Sion,Vikhroli,3.86,DW019,Corporate,Mix,1.7,38,Delivered,Cash,52.81,Yes,Good,
DBW03631,2022-12-05,Monday,Borivali,Vikhroli,4.46,DW026,Hospital,Mix,1.58,46,Delayed,Cash,60.93,Yes,Good,
DBW03632,2023-02-03,Friday,Borivali,Worli,4.75,DW029,Corporate,Veg,2.74,29,Delivered,Monthly-Pre-paid,81.17,Yes,nan,
DBW03633,2022-01-28,Friday,Lower Parel,Borivali,16.09,DW013,School,Mix,1.58,58,Delivered,Digital,155.78,No,nan,
DBW03634,2023-07-10,Monday,Lower Parel,Vikhroli,13.08,DW144,Corporate,Mix,2.48,59,Delivered,Digital,143.11,No,Good,
DBW03635,2023-12-03,Sunday,Bandra,Dadar,5.89,DW121,Residential,Veg,1.46,22,Delivered,Monthly-Pre-paid,86.85,Yes,Excellent,
DBW03636,2022-12-11,Sunday,Chembur,Andheri,4.32,DW077,Corporate,Non-Veg,2.21,26,Delivered,Monthly-Pre-paid,63.37,No,Excellent,
DBW03637,2023-01-30,Monday,Goregaon,Dadar,13.66,DW056,Corporate,Non-Veg,2.69,67,Delivered,Monthly-Pre-paid,134.04,No,Good,
DBW03638,2022-12-31,Saturday,Vikhroli,Goregaon,14.66,DW029,Corporate,Veg,1.63,30,Delivered,Cash,127.46,No,nan,
DBW03639,2022-03-02,Wednesday,Malad,Bandra,9.69,DW143,Corporate,Mix,1.47,53,Delivered,Cash,91.1,No,Excellent,
DBW03640,2023-03-29,Wednesday,Vikhroli,Sion,4.23,DW120,Corporate,Mix,1.59,31,Delivered,Digital,73.0,No,Good,
DBW03641,2023-06-11,Sunday,Dadar,Bandra,6.46,DW113,Corporate,Non-Veg,1.79,27,Delivered,Monthly-Pre-paid,90.55,No,Good,
DBW03642,2023-11-09,Thursday,Bandra,Andheri,8.1,DW071,Residential,Veg,1.96,59,Delayed,Digital,79.93,Yes,Good,
DBW03643,2023-11-10,Friday,Sion,Andheri,11.23,DW005,Residential,Non-Veg,1.78,55,Delivered,Monthly-Pre-paid,125.83,Yes,Average,
DBW03644,2022-12-26,Monday,Worli,Vikhroli,9.94,DW096,Corporate,Non-Veg,1.59,51,Delivered,Cash,112.73,No,Average,
DBW03645,2023-12-02,Saturday,Chembur,Malad,4.83,DW074,School,Mix,2.78,28,Delivered,Digital,82.68,Yes,Average,
DBW03646,2023-01-21,Saturday,Andheri,Worli,15.59,DW045,Residential,Mix,1.7,46,Delivered,Digital,187.2,No,Good,
DBW03647,2023-04-14,Friday,Dadar,Sion,11.04,DW048,Corporate,Mix,1.49,56,Delivered,Digital,126.96,No,Excellent,
DBW03648,2023-03-16,Thursday,Bandra,Lower Parel,8.3,DW009,Corporate,Mix,2.22,50,Delivered,Cash,86.0,No,Average,
DBW03649,2023-12-31,Sunday,Goregaon,Vikhroli,14.75,DW131,Residential,Mix,2.22,46,Delivered,Digital,159.19,Yes,Good,
DBW03650,2023-06-23,Friday,Sion,Goregaon,18.56,DW025,Residential,Veg,2.51,79,Delivered,Monthly-Pre-paid,162.85,No,Excellent,
DBW03651,2022-03-29,Tuesday,Worli,Andheri,15.22,DW122,Hospital,Veg,2.76,53,Delivered,Digital,185.05,Yes,Poor,
DBW03652,2022-02-22,Tuesday,Sion,Lower Parel,17.42,DW146,Residential,Mix,1.97,71,Delivered,Monthly-Pre-paid,150.99,Yes,Average,
DBW03653,2022-10-27,Thursday,Kurla,Malad,6.13,DW007,School,Non-Veg,1.66,53,Delayed,Monthly-Pre-paid,85.6,No,Good,
DBW03654,2023-01-12,Thursday,Ghatkopar,Thane,19.3,DW094,Residential,Mix,0.85,66,Delivered,Cash,184.42,Yes,nan,
DBW03655,2023-05-04,Thursday,Goregaon,Sion,18.18,DW011,School,Mix,1.33,61,Delivered,Cash,169.21,No,Average,
DBW03656,2022-12-18,Sunday,Sion,Ghatkopar,19.22,DW125,Residential,Non-Veg,1.9,52,Delivered,Digital,176.64,No,nan,
DBW03657,2023-01-11,Wednesday,Kurla,Sion,4.64,DW077,Residential,Non-Veg,1.21,45,Delivered,Digital,87.58,No,Average,
DBW03658,2023-11-04,Saturday,Thane,Kurla,3.65,DW004,Residential,Non-Veg,1.01,29,Delayed,Monthly-Pre-paid,67.69,No,Average,
DBW03659,2022-09-02,Friday,Thane,Vikhroli,6.33,DW116,Residential,Mix,1.83,38,Delivered,Cash,78.36,No,Excellent,
DBW03660,2022-12-27,Tuesday,Malad,Ghatkopar,14.73,DW115,Corporate,Non-Veg,2.19,75,Delayed,Digital,173.81,No,Good,
DBW03661,2023-02-11,Saturday,Ghatkopar,Ghatkopar,0.5,DW139,Corporate,Non-Veg,1.68,17,Delivered,Cash,32.22,No,Average,
DBW03662,2022-12-08,Thursday,Vikhroli,Goregaon,12.94,DW073,Corporate,Non-Veg,2.25,62,Delivered,Digital,144.53,Yes,Poor,
DBW03663,2023-12-08,Friday,Churchgate,Sion,10.44,DW140,Corporate,Veg,2.11,58,Delivered,Digital,93.41,No,nan,
DBW03664,2023-12-04,Monday,Worli,Bandra,21.07,DW100,Hospital,Non-Veg,2.37,63,Delivered,Monthly-Pre-paid,179.24,Yes,Excellent,
DBW03665,2023-01-10,Tuesday,Borivali,Dadar,11.0,DW079,Residential,Non-Veg,2.89,45,Delivered,Monthly-Pre-paid,128.68,No,Average,
DBW03666,2022-11-25,Friday,Bandra,Churchgate,19.39,DW054,Corporate,Veg,3.11,68,Delivered,Cash,189.76,No,Good,
DBW03667,2023-03-06,Monday,Andheri,Sion,11.87,DW044,Corporate,Mix,2.17,70,Delayed,Monthly-Pre-paid,157.16,No,Average,
DBW03668,2022-05-13,Friday,Thane,Bandra,14.54,DW094,Corporate,Mix,1.57,66,Delivered,Monthly-Pre-paid,135.72,No,Good,
DBW03669,2022-11-07,Monday,Ghatkopar,Dadar,7.74,DW111,Hospital,Veg,1.83,53,Delivered,Cash,102.03,No,Good,
DBW03670,2022-06-08,Wednesday,Worli,Andheri,15.61,DW006,Hospital,Veg,2.59,67,Returned,Cash,151.21,No,Good,Wrong Address
DBW03671,2022-04-16,Saturday,Bandra,Sion,20.3,DW062,Corporate,Non-Veg,1.35,59,Delivered,Monthly-Pre-paid,205.12,No,Poor,
DBW03672,2022-03-11,Friday,Kurla,Dadar,5.68,DW007,Corporate,Veg,2.52,38,Delivered,Monthly-Pre-paid,86.94,No,Average,
DBW03673,2023-03-05,Sunday,Malad,Lower Parel,14.51,DW060,School,Veg,1.72,40,Delivered,Cash,145.65,Yes,Excellent,
DBW03674,2022-01-01,Saturday,Churchgate,Lower Parel,13.0,DW120,Residential,Non-Veg,1.91,43,Delivered,Digital,122.9,Yes,Average,
DBW03675,2023-04-17,Monday,Sion,Lower Parel,15.62,DW104,Hospital,Mix,1.4,45,Delivered,Monthly-Pre-paid,149.88,Yes,Average,
DBW03676,2022-11-12,Saturday,Borivali,Bandra,18.95,DW019,Corporate,Veg,1.14,49,Delivered,Cash,164.94,No,Good,
DBW03677,2022-09-25,Sunday,Kurla,Dadar,5.9,DW108,Corporate,Non-Veg,1.66,36,Returned,Digital,82.68,No,Good,nan
DBW03678,2023-07-16,Sunday,Churchgate,Thane,12.03,DW003,Residential,Non-Veg,2.45,69,Delayed,Monthly-Pre-paid,84.13,Yes,nan,
DBW03679,2023-01-29,Sunday,Kurla,Worli,8.19,DW002,Corporate,Veg,1.45,22,Delivered,Cash,86.79,No,Excellent,
DBW03680,2023-06-20,Tuesday,Ghatkopar,Worli,19.21,DW137,Hospital,Non-Veg,2.61,60,Delivered,Digital,197.28,No,Excellent,
DBW03681,2023-06-02,Friday,Borivali,Malad,12.73,DW005,Residential,Non-Veg,1.51,56,Delivered,Digital,145.08,Yes,Good,
DBW03682,2022-01-24,Monday,Malad,Malad,0.5,DW040,Corporate,Veg,1.27,25,Delivered,Cash,9.82,No,Good,
DBW03683,2022-06-07,Tuesday,Sion,Sion,1.09,DW020,Residential,Mix,1.93,24,Delivered,Digital,47.47,No,Good,
DBW03684,2023-02-21,Tuesday,Sion,Worli,7.18,DW088,Residential,Veg,2.14,43,Delivered,Monthly-Pre-paid,70.3,No,Good,
DBW03685,2023-12-14,Thursday,Andheri,Bandra,8.83,DW079,School,Non-Veg,1.89,45,Delivered,Cash,94.96,Yes,Good,
DBW03686,2022-04-23,Saturday,Worli,Churchgate,3.51,DW126,Corporate,Veg,1.88,19,Delivered,Digital,69.6,No,Good,
DBW03687,2022-03-19,Saturday,Bandra,Sion,17.68,DW149,Residential,Non-Veg,2.6,65,Delivered,Digital,156.81,Yes,Good,
DBW03688,2023-11-18,Saturday,Sion,Vikhroli,3.66,DW112,Corporate,Non-Veg,1.85,29,Delivered,Cash,80.67,Yes,Excellent,
DBW03689,2023-12-07,Thursday,Worli,Bandra,20.49,DW071,Hospital,Veg,1.56,59,Delivered,Cash,197.76,Yes,Good,
DBW03690,2022-05-03,Tuesday,Dadar,Churchgate,13.26,DW007,Residential,Veg,1.23,52,Delivered,Digital,143.02,Yes,Average,
DBW03691,2022-10-21,Friday,Borivali,Borivali,1.72,DW139,Corporate,Mix,2.44,58,Delayed,Digital,59.88,No,Average,
DBW03692,2023-04-03,Monday,Worli,Worli,0.53,DW085,Residential,Mix,1.59,31,Delivered,Monthly-Pre-paid,47.58,No,Good,
DBW03693,2022-05-23,Monday,Vikhroli,Churchgate,7.07,DW033,Residential,Veg,1.64,37,Delivered,Monthly-Pre-paid,98.59,Yes,Good,
DBW03694,2022-08-27,Saturday,Ghatkopar,Chembur,18.07,DW082,Residential,Non-Veg,2.33,59,Delivered,Cash,164.67,No,Good,
DBW03695,2022-10-16,Sunday,Churchgate,Malad,16.64,DW059,Corporate,Mix,2.83,53,Delivered,Monthly-Pre-paid,146.46,No,Excellent,
DBW03696,2023-04-14,Friday,Andheri,Worli,16.49,DW053,Residential,Non-Veg,1.93,72,Delivered,Monthly-Pre-paid,157.72,Yes,Good,
DBW03697,2022-08-13,Saturday,Sion,Sion,0.5,DW068,Hospital,Veg,1.73,8,Delivered,Digital,41.12,Yes,Average,
DBW03698,2022-10-28,Friday,Ghatkopar,Lower Parel,4.38,DW114,Corporate,Veg,1.8,35,Delivered,Digital,45.76,No,nan,
DBW03699,2022-07-31,Sunday,Thane,Borivali,4.66,DW025,Corporate,Mix,1.57,32,Delivered,Cash,76.01,No,Excellent,
DBW03700,2023-07-09,Sunday,Thane,Bandra,16.51,DW145,Hospital,Veg,1.62,53,Delivered,Cash,167.72,Yes,Good,
DBW03701,2022-04-22,Friday,Borivali,Lower Parel,14.67,DW010,Residential,Mix,1.62,57,Delivered,Cash,144.64,No,nan,
DBW03702,2022-06-18,Saturday,Lower Parel,Vikhroli,12.7,DW023,Residential,Veg,2.26,46,Delivered,Monthly-Pre-paid,132.51,No,Good,
DBW03703,2022-07-02,Saturday,Dadar,Bandra,5.71,DW102,Hospital,Mix,1.76,26,Delivered,Digital,76.67,No,Poor,
DBW03704,2023-10-24,Tuesday,Bandra,Kurla,13.38,DW022,Corporate,Veg,2.48,60,Delivered,Digital,143.63,Yes,Average,
DBW03705,2023-11-21,Tuesday,Churchgate,Ghatkopar,16.31,DW117,Hospital,Non-Veg,1.74,68,Returned,Digital,171.65,No,Poor,nan
DBW03706,2023-01-01,Sunday,Kurla,Vikhroli,2.89,DW111,Residential,Mix,1.62,29,Delivered,Monthly-Pre-paid,96.23,Yes,Average,
DBW03707,2022-04-25,Monday,Worli,Malad,15.71,DW065,Corporate,Mix,2.44,57,Delivered,Monthly-Pre-paid,158.19,Yes,Excellent,
DBW03708,2023-07-06,Thursday,Churchgate,Chembur,19.22,DW069,School,Veg,1.81,65,Delivered,Digital,174.12,No,Average,
DBW03709,2022-12-26,Monday,Kurla,Borivali,6.78,DW150,Residential,Non-Veg,1.74,57,Delivered,Digital,55.67,No,Excellent,
DBW03710,2023-09-13,Wednesday,Churchgate,Lower Parel,13.8,DW120,Corporate,Veg,1.82,51,Delivered,Cash,119.27,Yes,Average,
DBW03711,2022-09-20,Tuesday,Churchgate,Thane,13.8,DW095,School,Veg,2.53,63,Delivered,Digital,129.03,Yes,Good,
DBW03712,2023-12-31,Sunday,Goregaon,Thane,19.82,DW022,School,Mix,1.95,62,Delivered,Cash,198.87,Yes,Average,
DBW03713,2023-08-13,Sunday,Chembur,Worli,18.89,DW089,Hospital,Mix,2.42,57,Delivered,Monthly-Pre-paid,175.17,No,Excellent,
DBW03714,2022-06-13,Monday,Sion,Ghatkopar,19.49,DW006,Corporate,Mix,1.68,75,Delivered,Digital,192.05,Yes,Excellent,
DBW03715,2023-06-14,Wednesday,Bandra,Worli,21.83,DW038,Corporate,Mix,2.34,63,Delivered,Cash,193.68,No,Excellent,
DBW03716,2022-07-29,Friday,Andheri,Lower Parel,13.44,DW105,Residential,Non-Veg,1.92,63,Delivered,Digital,144.38,No,Good,
DBW03717,2022-09-13,Tuesday,Andheri,Thane,7.15,DW062,Hospital,Non-Veg,2.24,41,Delivered,Digital,100.32,Yes,Excellent,
DBW03718,2022-07-02,Saturday,Borivali,Kurla,6.51,DW150,Corporate,Non-Veg,2.28,34,Delivered,Monthly-Pre-paid,76.01,No,Excellent,
DBW03719,2023-05-14,Sunday,Vikhroli,Borivali,5.83,DW141,Residential,Mix,1.33,31,Delivered,Cash,83.19,No,Poor,
DBW03720,2022-07-11,Monday,Worli,Thane,9.98,DW015,Corporate,Veg,1.84,38,Delivered,Monthly-Pre-paid,103.24,No,Average,
DBW03721,2023-04-12,Wednesday,Kurla,Thane,4.21,DW133,Residential,Mix,2.28,32,Delivered,Cash,45.18,No,Good,
DBW03722,2023-03-02,Thursday,Chembur,Andheri,6.16,DW130,Residential,Mix,2.36,43,Delivered,Monthly-Pre-paid,87.57,Yes,Average,
DBW03723,2023-07-03,Monday,Churchgate,Malad,16.82,DW016,Corporate,Mix,2.43,73,Delivered,Digital,170.78,Yes,Good,
DBW03724,2023-12-27,Wednesday,Malad,Borivali,8.89,DW058,Residential,Non-Veg,1.85,35,Delivered,Digital,110.03,Yes,Average,
DBW03725,2022-01-07,Friday,Worli,Bandra,22.43,DW143,Residential,Non-Veg,2.57,85,Delivered,Monthly-Pre-paid,223.8,Yes,Good,
DBW03726,2023-12-24,Sunday,Worli,Churchgate,3.84,DW003,Residential,Non-Veg,1.47,41,Delayed,Cash,57.02,No,Excellent,
DBW03727,2022-03-21,Monday,Goregaon,Malad,20.19,DW009,Hospital,Non-Veg,1.05,72,Delivered,Monthly-Pre-paid,188.86,Yes,Average,
DBW03728,2023-01-20,Friday,Thane,Chembur,6.18,DW077,Corporate,Veg,1.66,44,Delivered,Monthly-Pre-paid,75.13,Yes,nan,
DBW03729,2022-09-06,Tuesday,Kurla,Churchgate,10.6,DW143,Corporate,Mix,2.4,52,Delivered,Cash,119.98,No,Good,
DBW03730,2023-04-12,Wednesday,Andheri,Thane,7.14,DW042,Residential,Non-Veg,1.26,44,Delivered,Cash,85.05,Yes,Excellent,
DBW03731,2023-06-11,Sunday,Malad,Thane,6.7,DW116,Residential,Veg,1.07,16,Delivered,Monthly-Pre-paid,85.52,No,Average,
DBW03732,2023-09-20,Wednesday,Churchgate,Sion,8.98,DW105,Corporate,Mix,0.94,36,Delivered,Cash,91.01,Yes,Good,
DBW03733,2022-10-21,Friday,Vikhroli,Worli,7.78,DW022,School,Non-Veg,2.17,43,Delivered,Digital,76.83,No,Good,
DBW03734,2023-11-13,Monday,Worli,Borivali,7.59,DW044,Corporate,Veg,1.08,36,Delivered,Cash,77.09,Yes,Excellent,
DBW03735,2022-08-24,Wednesday,Dadar,Malad,7.69,DW094,Corporate,Non-Veg,2.07,47,Delivered,Monthly-Pre-paid,97.74,No,Excellent,
DBW03736,2022-05-29,Sunday,Lower Parel,Ghatkopar,4.96,DW073,Hospital,Non-Veg,1.64,18,Delivered,Monthly-Pre-paid,69.04,No,Average,
DBW03737,2022-10-04,Tuesday,Lower Parel,Kurla,11.72,DW036,School,Veg,1.41,49,Delivered,Monthly-Pre-paid,116.38,Yes,nan,
DBW03738,2023-01-21,Saturday,Sion,Vikhroli,5.23,DW031,Residential,Veg,1.3,32,Delivered,Monthly-Pre-paid,81.82,Yes,Good,
DBW03739,2023-05-03,Wednesday,Malad,Bandra,10.16,DW084,Corporate,Non-Veg,1.9,44,Delivered,Digital,133.16,No,Poor,
DBW03740,2023-08-31,Thursday,Andheri,Bandra,8.23,DW125,Corporate,Mix,1.42,37,Delivered,Cash,88.41,No,Excellent,
DBW03741,2022-06-14,Tuesday,Dadar,Kurla,5.92,DW062,Corporate,Mix,1.8,41,Delivered,Monthly-Pre-paid,61.13,No,Excellent,
DBW03742,2022-08-10,Wednesday,Sion,Borivali,1.97,DW139,Residential,Veg,2.0,31,Delivered,Monthly-Pre-paid,59.9,No,Good,
DBW03743,2023-11-17,Friday,Chembur,Goregaon,25.51,DW101,Residential,Non-Veg,2.11,88,Delivered,Cash,234.27,No,Excellent,
DBW03744,2022-11-18,Friday,Lower Parel,Borivali,16.34,DW061,Corporate,Mix,2.27,55,Delivered,Monthly-Pre-paid,157.93,No,Average,
DBW03745,2022-06-26,Sunday,Chembur,Goregaon,23.22,DW107,Residential,Non-Veg,1.88,61,Delivered,Cash,231.03,No,nan,
DBW03746,2023-12-21,Thursday,Bandra,Lower Parel,9.34,DW068,Residential,Non-Veg,1.27,32,Delivered,Digital,100.81,Yes,Excellent,
DBW03747,2022-11-24,Thursday,Lower Parel,Kurla,10.66,DW114,Corporate,Mix,2.03,53,Delivered,Cash,121.23,No,nan,
DBW03748,2023-12-21,Thursday,Vikhroli,Churchgate,8.01,DW148,Corporate,Non-Veg,2.13,38,Delivered,Cash,96.47,No,Good,
DBW03749,2023-11-03,Friday,Bandra,Sion,18.42,DW119,Hospital,Mix,1.71,73,Delayed,Cash,226.04,No,Excellent,
DBW03750,2023-10-24,Tuesday,Chembur,Vikhroli,10.86,DW022,Corporate,Non-Veg,1.66,61,Delayed,Cash,114.84,No,Good,
DBW03751,2023-03-01,Wednesday,Worli,Goregaon,13.73,DW011,Corporate,Non-Veg,3.04,53,Delivered,Digital,153.89,No,Good,
DBW03752,2023-08-06,Sunday,Vikhroli,Churchgate,8.35,DW122,Corporate,Non-Veg,1.15,29,Delivered,Cash,93.04,Yes,Average,
DBW03753,2023-12-03,Sunday,Thane,Borivali,5.1,DW128,Residential,Mix,2.05,18,Delivered,Digital,77.52,No,Average,
DBW03754,2022-07-16,Saturday,Lower Parel,Andheri,11.81,DW086,Residential,Non-Veg,2.32,42,Delivered,Digital,121.57,Yes,Average,
DBW03755,2022-01-28,Friday,Vikhroli,Borivali,5.08,DW037,Residential,Veg,1.63,40,Delivered,Digital,82.54,Yes,Average,
DBW03756,2022-08-23,Tuesday,Bandra,Thane,16.21,DW133,Corporate,Non-Veg,1.72,58,Delivered,Digital,158.21,Yes,Average,
DBW03757,2023-04-10,Monday,Worli,Borivali,7.14,DW068,Residential,Veg,1.6,48,Delivered,Digital,94.66,No,Excellent,
DBW03758,2023-02-04,Saturday,Dadar,Goregaon,14.52,DW044,Corporate,Veg,1.8,58,Delayed,Cash,134.83,No,nan,
DBW03759,2022-02-28,Monday,Malad,Chembur,4.83,DW055,Hospital,Mix,2.25,41,Delivered,Cash,56.7,No,Excellent,
DBW03760,2023-02-14,Tuesday,Dadar,Goregaon,15.67,DW045,School,Non-Veg,1.7,61,Returned,Cash,127.14,Yes,Good,nan
DBW03761,2022-05-08,Sunday,Vikhroli,Churchgate,7.74,DW043,Residential,Veg,3.36,44,Delivered,Cash,97.38,Yes,Average,
DBW03762,2023-01-05,Thursday,Ghatkopar,Worli,20.39,DW049,Corporate,Mix,1.57,66,Delivered,Digital,183.37,No,Excellent,
DBW03763,2023-02-25,Saturday,Malad,Sion,12.07,DW102,Residential,Mix,2.49,47,Delivered,Digital,159.47,Yes,Good,
DBW03764,2023-04-10,Monday,Vikhroli,Borivali,6.71,DW003,Corporate,Veg,2.07,48,Delivered,Monthly-Pre-paid,76.6,No,Excellent,
DBW03765,2022-10-29,Saturday,Thane,Churchgate,12.85,DW055,Corporate,Veg,1.85,48,Delivered,Cash,151.49,Yes,Excellent,
DBW03766,2022-10-26,Wednesday,Andheri,Worli,18.04,DW026,School,Mix,2.54,59,Delivered,Cash,191.5,Yes,Average,
DBW03767,2023-05-11,Thursday,Dadar,Thane,9.4,DW098,Corporate,Veg,1.0,47,Delivered,Monthly-Pre-paid,101.54,No,nan,
DBW03768,2023-07-01,Saturday,Dadar,Bandra,8.95,DW150,Corporate,Mix,2.01,44,Delivered,Monthly-Pre-paid,90.54,No,Good,
DBW03769,2023-08-13,Sunday,Bandra,Churchgate,20.39,DW119,Residential,Non-Veg,1.44,60,Delivered,Cash,191.06,Yes,Poor,
DBW03770,2022-09-01,Thursday,Kurla,Borivali,7.67,DW038,Residential,Non-Veg,1.58,32,Delivered,Monthly-Pre-paid,108.34,Yes,Good,
DBW03771,2022-11-06,Sunday,Churchgate,Andheri,16.02,DW077,Residential,Non-Veg,1.56,50,Delivered,Digital,192.48,Yes,Average,
DBW03772,2022-08-30,Tuesday,Kurla,Dadar,7.19,DW003,Corporate,Veg,1.32,46,Delivered,Monthly-Pre-paid,69.02,Yes,Poor,
DBW03773,2023-01-21,Saturday,Kurla,Thane,5.22,DW062,Residential,Mix,0.97,24,Delivered,Digital,71.99,No,Average,
DBW03774,2022-04-03,Sunday,Churchgate,Worli,3.05,DW042,Corporate,Non-Veg,1.99,28,Delivered,Digital,45.36,No,Good,
DBW03775,2022-11-10,Thursday,Churchgate,Dadar,12.95,DW076,School,Veg,1.77,50,Delivered,Digital,128.17,Yes,Good,
DBW03776,2022-05-18,Wednesday,Bandra,Lower Parel,7.5,DW062,Corporate,Mix,1.65,56,Delayed,Monthly-Pre-paid,115.58,Yes,Average,
DBW03777,2023-01-24,Tuesday,Kurla,Lower Parel,11.92,DW103,Corporate,Veg,2.18,60,Delivered,Monthly-Pre-paid,113.83,Yes,Poor,
DBW03778,2023-09-13,Wednesday,Dadar,Bandra,6.01,DW083,Residential,Non-Veg,2.03,40,Delivered,Monthly-Pre-paid,53.96,Yes,Good,
DBW03779,2023-12-21,Thursday,Andheri,Chembur,5.07,DW141,Corporate,Non-Veg,1.67,27,Delivered,Cash,73.63,No,Poor,
DBW03780,2022-11-22,Tuesday,Goregaon,Andheri,23.09,DW011,Residential,Veg,3.33,87,Delivered,Monthly-Pre-paid,220.39,Yes,Good,
DBW03781,2022-02-11,Friday,Worli,Churchgate,5.86,DW142,Corporate,Veg,2.31,38,Delivered,Monthly-Pre-paid,70.56,No,Average,
DBW03782,2022-06-16,Thursday,Lower Parel,Vikhroli,9.65,DW119,Corporate,Veg,3.02,45,Delivered,Cash,97.02,No,Average,
DBW03783,2022-03-18,Friday,Goregaon,Sion,18.44,DW107,Corporate,Mix,1.59,65,Delivered,Monthly-Pre-paid,179.89,No,Excellent,
DBW03784,2023-07-09,Sunday,Worli,Malad,16.75,DW124,Corporate,Non-Veg,1.92,48,Delivered,Cash,143.73,No,Good,
DBW03785,2023-12-20,Wednesday,Chembur,Sion,10.7,DW008,Corporate,Mix,1.18,42,Delivered,Cash,121.91,Yes,Average,
DBW03786,2023-02-09,Thursday,Sion,Churchgate,9.84,DW032,Corporate,Veg,1.63,41,Delivered,Cash,103.48,No,Average,
DBW03787,2022-05-10,Tuesday,Chembur,Bandra,14.02,DW001,Corporate,Veg,1.51,57,Delivered,Digital,162.95,No,Good,
DBW03788,2022-01-16,Sunday,Worli,Ghatkopar,17.89,DW120,Hospital,Veg,3.3,78,Delayed,Cash,177.92,No,Average,
DBW03789,2023-12-14,Thursday,Bandra,Malad,8.7,DW054,Residential,Veg,1.45,44,Delivered,Digital,97.33,Yes,nan,
DBW03790,2022-08-19,Friday,Bandra,Dadar,7.0,DW055,Corporate,Non-Veg,1.68,38,Delivered,Monthly-Pre-paid,82.53,Yes,Excellent,
DBW03791,2022-03-23,Wednesday,Lower Parel,Thane,15.95,DW092,Corporate,Veg,1.07,60,Delivered,Digital,128.63,Yes,Good,
DBW03792,2022-05-10,Tuesday,Chembur,Andheri,4.58,DW064,Corporate,Non-Veg,2.07,30,Delivered,Cash,64.81,Yes,nan,
DBW03793,2022-07-06,Wednesday,Borivali,Sion,0.5,DW096,Corporate,Mix,1.35,41,Delayed,Digital,30.95,No,Excellent,
DBW03794,2023-04-24,Monday,Lower Parel,Vikhroli,11.0,DW141,Residential,Veg,2.26,49,Delivered,Monthly-Pre-paid,118.8,No,Poor,
DBW03795,2023-10-14,Saturday,Goregaon,Ghatkopar,13.42,DW050,Corporate,Veg,0.91,49,Delivered,Digital,134.47,No,Good,
DBW03796,2022-07-20,Wednesday,Chembur,Churchgate,18.89,DW134,School,Mix,1.74,64,Delivered,Digital,202.55,No,Good,
DBW03797,2023-05-17,Wednesday,Andheri,Thane,9.33,DW080,Residential,Non-Veg,0.88,48,Delivered,Monthly-Pre-paid,100.58,No,Average,
DBW03798,2022-02-17,Thursday,Malad,Goregaon,20.31,DW057,Corporate,Veg,1.55,61,Delivered,Digital,179.85,No,Average,
DBW03799,2022-01-08,Saturday,Bandra,Kurla,12.78,DW138,Corporate,Mix,1.66,30,Delivered,Digital,107.23,No,Good,
DBW03800,2022-02-10,Thursday,Thane,Worli,9.66,DW074,Corporate,Veg,1.5,41,Delivered,Cash,100.58,No,Excellent,
DBW03801,2023-11-05,Sunday,Bandra,Dadar,7.41,DW020,Corporate,Non-Veg,1.55,29,Delivered,Monthly-Pre-paid,73.59,Yes,Average,
DBW03802,2023-03-01,Wednesday,Chembur,Dadar,10.21,DW043,Residential,Veg,2.29,47,Delivered,Cash,92.18,No,Average,
DBW03803,2023-08-11,Friday,Andheri,Bandra,10.82,DW127,Corporate,Mix,2.89,58,Delivered,Digital,111.85,Yes,Excellent,
DBW03804,2022-01-16,Sunday,Worli,Andheri,13.99,DW078,Corporate,Veg,1.97,39,Delivered,Cash,159.01,No,Excellent,
DBW03805,2022-01-17,Monday,Malad,Thane,9.16,DW085,Corporate,Non-Veg,1.37,45,Delivered,Monthly-Pre-paid,117.28,No,Average,
DBW03806,2023-09-12,Tuesday,Ghatkopar,Goregaon,12.62,DW103,Residential,Non-Veg,1.83,60,Delivered,Monthly-Pre-paid,111.73,No,Average,
DBW03807,2022-03-16,Wednesday,Malad,Dadar,7.42,DW030,Corporate,Non-Veg,1.62,37,Delivered,Monthly-Pre-paid,89.9,No,Average,
DBW03808,2022-04-24,Sunday,Malad,Andheri,2.35,DW014,School,Veg,2.24,18,Delivered,Cash,55.18,Yes,Poor,
DBW03809,2023-01-14,Saturday,Ghatkopar,Chembur,20.36,DW067,Corporate,Veg,1.94,47,Delivered,Cash,201.68,No,Average,
DBW03810,2023-03-19,Sunday,Bandra,Goregaon,18.38,DW138,Corporate,Mix,1.01,74,Delayed,Cash,201.12,Yes,Average,
DBW03811,2022-06-17,Friday,Goregaon,Dadar,15.39,DW020,Residential,Non-Veg,2.35,67,Delivered,Digital,135.6,No,Good,
DBW03812,2022-11-21,Monday,Vikhroli,Ghatkopar,16.15,DW108,Residential,Mix,2.28,61,Delivered,Cash,145.93,No,Good,
DBW03813,2023-05-08,Monday,Dadar,Dadar,0.5,DW147,Corporate,Non-Veg,2.55,23,Delivered,Cash,24.06,No,nan,
DBW03814,2022-11-20,Sunday,Malad,Andheri,3.14,DW015,Residential,Veg,1.54,30,Returned,Digital,60.6,No,Excellent,Customer Unavailable
DBW03815,2022-10-07,Friday,Chembur,Goregaon,24.8,DW020,Corporate,Non-Veg,1.95,82,Delivered,Cash,187.58,Yes,Good,
DBW03816,2022-02-22,Tuesday,Churchgate,Kurla,10.5,DW131,Corporate,Mix,1.21,35,Delivered,Digital,110.6,Yes,Excellent,
DBW03817,2022-11-26,Saturday,Lower Parel,Borivali,15.37,DW017,Corporate,Veg,1.77,62,Delivered,Monthly-Pre-paid,126.26,Yes,Average,
DBW03818,2023-08-10,Thursday,Bandra,Chembur,13.52,DW112,Residential,Non-Veg,2.0,44,Delivered,Monthly-Pre-paid,138.12,No,Average,
DBW03819,2023-04-03,Monday,Sion,Ghatkopar,17.44,DW120,Residential,Mix,1.48,67,Delivered,Monthly-Pre-paid,200.61,No,Good,
DBW03820,2023-10-14,Saturday,Lower Parel,Dadar,6.73,DW047,Residential,Mix,1.97,34,Delivered,Cash,97.39,No,Average,
DBW03821,2022-04-03,Sunday,Thane,Goregaon,19.22,DW044,School,Non-Veg,1.88,67,Delayed,Digital,165.37,No,Average,
DBW03822,2022-01-09,Sunday,Churchgate,Goregaon,8.29,DW079,Residential,Veg,1.58,29,Delivered,Cash,90.06,Yes,nan,
DBW03823,2023-02-05,Sunday,Lower Parel,Ghatkopar,4.59,DW076,Hospital,Non-Veg,2.5,24,Delivered,Cash,53.34,Yes,Poor,
DBW03824,2022-05-11,Wednesday,Sion,Ghatkopar,19.18,DW130,Corporate,Non-Veg,1.68,61,Delivered,Monthly-Pre-paid,202.87,No,Average,
DBW03825,2023-03-10,Friday,Borivali,Bandra,18.16,DW089,Residential,Mix,1.87,71,Delivered,Cash,142.23,Yes,Excellent,
DBW03826,2023-10-22,Sunday,Dadar,Sion,11.38,DW146,Residential,Veg,1.07,38,Delivered,Cash,114.47,No,nan,
DBW03827,2022-09-04,Sunday,Malad,Sion,11.22,DW036,Corporate,Non-Veg,2.06,36,Delivered,Digital,109.31,No,Average,
DBW03828,2023-02-06,Monday,Goregaon,Malad,21.08,DW043,Corporate,Veg,1.56,69,Delivered,Cash,181.06,Yes,Poor,
DBW03829,2023-05-13,Saturday,Malad,Malad,0.5,DW037,Residential,Mix,2.28,26,Delivered,Monthly-Pre-paid,58.88,No,Average,
DBW03830,2022-04-20,Wednesday,Worli,Malad,16.07,DW098,Corporate,Mix,1.14,70,Delivered,Monthly-Pre-paid,135.1,No,Poor,
DBW03831,2023-10-18,Wednesday,Borivali,Thane,4.79,DW006,Corporate,Mix,2.02,35,Delivered,Digital,50.4,Yes,Average,
DBW03832,2022-05-29,Sunday,Kurla,Goregaon,15.44,DW130,Residential,Veg,0.71,51,Returned,Digital,177.47,Yes,Excellent,Damaged
DBW03833,2023-08-14,Monday,Dadar,Bandra,6.54,DW116,Residential,Mix,2.11,36,Delivered,Monthly-Pre-paid,80.79,No,Good,
DBW03834,2023-04-27,Thursday,Thane,Malad,8.02,DW149,Corporate,Non-Veg,1.71,54,Delayed,Digital,91.53,No,Excellent,
DBW03835,2022-04-13,Wednesday,Churchgate,Vikhroli,8.51,DW144,Corporate,Non-Veg,2.0,47,Delivered,Digital,88.66,No,Good,
DBW03836,2023-06-14,Wednesday,Bandra,Borivali,18.56,DW011,Hospital,Veg,1.5,85,Delayed,Monthly-Pre-paid,178.47,Yes,Good,
DBW03837,2022-05-24,Tuesday,Vikhroli,Kurla,3.69,DW113,School,Non-Veg,1.33,32,Delivered,Digital,53.06,Yes,Average,
DBW03838,2023-03-14,Tuesday,Malad,Malad,0.5,DW076,Residential,Mix,1.58,33,Delivered,Cash,22.98,No,Average,
DBW03839,2023-12-02,Saturday,Churchgate,Worli,3.19,DW111,Corporate,Veg,1.9,46,Delayed,Cash,34.52,Yes,Poor,
DBW03840,2023-11-27,Monday,Sion,Sion,0.5,DW132,Corporate,Non-Veg,2.09,26,Delivered,Cash,34.6,No,Poor,
DBW03841,2023-09-29,Friday,Goregaon,Vikhroli,15.52,DW088,Corporate,Veg,1.95,74,Returned,Monthly-Pre-paid,145.19,Yes,Excellent,Damaged
DBW03842,2022-12-27,Tuesday,Dadar,Andheri,6.04,DW001,Residential,Veg,1.33,43,Delivered,Cash,71.26,No,Average,
DBW03843,2023-02-13,Monday,Andheri,Bandra,8.61,DW130,Residential,Non-Veg,2.72,39,Delivered,Monthly-Pre-paid,108.8,Yes,nan,
DBW03844,2022-08-08,Monday,Ghatkopar,Dadar,10.35,DW066,Residential,Non-Veg,1.97,61,Delivered,Cash,105.23,Yes,Average,
DBW03845,2023-11-04,Saturday,Bandra,Kurla,12.3,DW069,Corporate,Veg,1.49,38,Delivered,Monthly-Pre-paid,126.72,No,Excellent,
DBW03846,2022-12-15,Thursday,Worli,Kurla,12.08,DW088,Hospital,Veg,2.01,60,Delivered,Digital,151.78,No,nan,
DBW03847,2023-07-18,Tuesday,Vikhroli,Goregaon,13.51,DW137,Corporate,Mix,1.93,61,Delayed,Monthly-Pre-paid,143.83,No,Good,
DBW03848,2022-09-20,Tuesday,Malad,Vikhroli,7.96,DW079,Corporate,Veg,1.71,36,Delivered,Monthly-Pre-paid,85.62,No,Good,
DBW03849,2023-06-25,Sunday,Andheri,Churchgate,16.18,DW032,Residential,Non-Veg,1.65,51,Delivered,Digital,142.97,No,Good,
DBW03850,2022-06-13,Monday,Chembur,Kurla,7.9,DW110,Residential,Mix,2.29,37,Delivered,Monthly-Pre-paid,91.19,No,Poor,
DBW03851,2023-06-20,Tuesday,Ghatkopar,Churchgate,15.77,DW095,Hospital,Mix,2.66,67,Delivered,Monthly-Pre-paid,167.98,No,Poor,
DBW03852,2022-02-03,Thursday,Dadar,Ghatkopar,11.41,DW010,Residential,Mix,0.78,35,Delivered,Monthly-Pre-paid,112.42,No,Poor,
DBW03853,2022-03-18,Friday,Kurla,Worli,10.17,DW080,School,Veg,2.42,62,Returned,Digital,110.7,Yes,Excellent,Damaged
DBW03854,2022-09-15,Thursday,Lower Parel,Ghatkopar,4.3,DW118,Corporate,Mix,1.81,39,Delivered,Monthly-Pre-paid,55.18,No,Excellent,
DBW03855,2022-12-18,Sunday,Andheri,Bandra,8.43,DW133,Corporate,Mix,1.92,23,Delivered,Monthly-Pre-paid,91.3,No,nan,
DBW03856,2023-06-04,Sunday,Chembur,Sion,10.46,DW043,Corporate,Veg,2.48,37,Delivered,Digital,94.51,Yes,Poor,
DBW03857,2022-09-20,Tuesday,Worli,Lower Parel,16.51,DW079,Corporate,Mix,0.5,52,Delivered,Cash,165.25,Yes,Poor,
DBW03858,2022-01-14,Friday,Bandra,Borivali,17.12,DW124,Hospital,Veg,2.21,59,Delivered,Cash,168.2,Yes,Average,
DBW03859,2022-08-26,Friday,Dadar,Lower Parel,6.01,DW088,Corporate,Non-Veg,2.44,42,Delivered,Monthly-Pre-paid,99.26,No,Excellent,
DBW03860,2022-11-17,Thursday,Worli,Bandra,20.51,DW063,Corporate,Mix,1.46,58,Delivered,Cash,194.71,No,Good,
DBW03861,2023-02-01,Wednesday,Chembur,Thane,8.65,DW028,Corporate,Non-Veg,1.1,46,Delivered,Cash,87.54,Yes,Excellent,
DBW03862,2023-04-16,Sunday,Thane,Worli,9.64,DW007,Residential,Veg,2.62,41,Delivered,Digital,127.91,No,Good,
DBW03863,2022-06-30,Thursday,Kurla,Churchgate,11.35,DW104,School,Veg,0.92,37,Delivered,Monthly-Pre-paid,125.3,No,Excellent,
DBW03864,2023-03-22,Wednesday,Andheri,Vikhroli,8.6,DW145,Hospital,Mix,2.01,30,Delivered,Cash,100.64,Yes,Good,
DBW03865,2023-04-07,Friday,Andheri,Thane,9.0,DW091,Corporate,Veg,2.31,49,Delivered,Digital,100.8,No,Average,
DBW03866,2023-07-21,Friday,Thane,Churchgate,10.81,DW118,Residential,Non-Veg,2.0,58,Delivered,Cash,117.73,No,Poor,
DBW03867,2023-01-17,Tuesday,Worli,Thane,10.75,DW102,Corporate,Mix,2.08,51,Delivered,Monthly-Pre-paid,102.02,No,Excellent,
DBW03868,2023-08-15,Tuesday,Lower Parel,Ghatkopar,3.64,DW053,School,Mix,1.67,35,Delivered,Monthly-Pre-paid,56.82,Yes,Poor,
DBW03869,2022-06-11,Saturday,Chembur,Lower Parel,19.04,DW079,Corporate,Mix,2.03,51,Delivered,Digital,177.98,No,Excellent,
DBW03870,2023-06-04,Sunday,Andheri,Andheri,0.5,DW041,School,Non-Veg,1.45,8,Delivered,Cash,38.28,Yes,nan,
DBW03871,2022-02-03,Thursday,Andheri,Borivali,11.88,DW034,Hospital,Veg,1.51,45,Delivered,Cash,140.73,Yes,Good,
DBW03872,2022-03-17,Thursday,Ghatkopar,Worli,19.14,DW089,Residential,Mix,1.82,69,Delivered,Monthly-Pre-paid,196.52,Yes,Excellent,
DBW03873,2023-09-24,Sunday,Thane,Ghatkopar,17.52,DW097,Residential,Non-Veg,1.03,50,Delivered,Cash,176.78,No,Average,
DBW03874,2022-12-13,Tuesday,Dadar,Lower Parel,5.87,DW149,Corporate,Non-Veg,2.09,40,Delivered,Cash,50.03,Yes,Excellent,
DBW03875,2023-03-30,Thursday,Malad,Thane,6.86,DW036,Corporate,Mix,0.56,30,Delivered,Monthly-Pre-paid,77.29,No,Average,
DBW03876,2023-03-17,Friday,Bandra,Lower Parel,9.77,DW044,Corporate,Mix,1.98,43,Delivered,Digital,79.75,No,Average,
DBW03877,2023-05-23,Tuesday,Goregaon,Borivali,16.58,DW025,Corporate,Non-Veg,2.03,66,Delivered,Digital,177.78,No,Good,
DBW03878,2022-06-29,Wednesday,Andheri,Lower Parel,12.68,DW143,Residential,Veg,1.4,54,Delivered,Monthly-Pre-paid,128.6,No,Average,
DBW03879,2022-05-11,Wednesday,Chembur,Churchgate,17.08,DW118,Residential,Veg,1.18,54,Delivered,Digital,163.38,Yes,Good,
DBW03880,2022-02-01,Tuesday,Ghatkopar,Andheri,13.85,DW050,Hospital,Non-Veg,1.6,54,Delivered,Cash,129.43,No,Excellent,
DBW03881,2023-09-24,Sunday,Dadar,Goregaon,15.82,DW146,Hospital,Veg,2.12,38,Delivered,Digital,174.43,Yes,Average,
DBW03882,2022-06-13,Monday,Kurla,Ghatkopar,15.44,DW106,Corporate,Veg,1.97,61,Delivered,Cash,153.96,Yes,nan,
DBW03883,2023-02-24,Friday,Dadar,Bandra,6.74,DW072,Corporate,Mix,1.24,45,Delivered,Cash,81.12,Yes,Good,
DBW03884,2022-11-29,Tuesday,Borivali,Dadar,12.45,DW058,Corporate,Veg,1.85,49,Delivered,Digital,130.41,No,Excellent,
DBW03885,2022-04-29,Friday,Lower Parel,Churchgate,11.91,DW086,Corporate,Mix,1.93,64,Delivered,Monthly-Pre-paid,127.26,Yes,Good,
DBW03886,2022-10-30,Sunday,Vikhroli,Bandra,15.51,DW013,Residential,Non-Veg,1.91,51,Delivered,Digital,150.96,No,Average,
DBW03887,2022-03-02,Wednesday,Andheri,Lower Parel,15.08,DW026,Residential,Mix,1.31,47,Delivered,Monthly-Pre-paid,168.53,Yes,nan,
DBW03888,2022-05-09,Monday,Goregaon,Chembur,24.58,DW141,Residential,Veg,1.88,83,Delivered,Cash,244.36,No,Poor,
DBW03889,2022-04-12,Tuesday,Goregaon,Chembur,27.01,DW031,Residential,Non-Veg,2.26,90,Delivered,Cash,246.39,Yes,Average,
DBW03890,2023-08-25,Friday,Chembur,Vikhroli,10.45,DW025,Hospital,Mix,2.07,73,Delayed,Digital,100.85,No,Good,
DBW03891,2023-02-19,Sunday,Vikhroli,Ghatkopar,13.03,DW129,Residential,Non-Veg,2.01,40,Delivered,Monthly-Pre-paid,138.11,No,Average,
DBW03892,2023-11-07,Tuesday,Kurla,Lower Parel,11.39,DW142,School,Mix,2.62,56,Delivered,Cash,111.13,Yes,Good,
DBW03893,2022-11-15,Tuesday,Borivali,Thane,4.62,DW123,Hospital,Mix,1.88,29,Delivered,Monthly-Pre-paid,87.3,No,Excellent,
DBW03894,2022-05-27,Friday,Vikhroli,Malad,11.29,DW016,Residential,Mix,1.38,60,Delivered,Cash,142.81,No,Good,
DBW03895,2023-03-21,Tuesday,Chembur,Borivali,11.86,DW126,Corporate,Non-Veg,1.38,36,Delivered,Monthly-Pre-paid,134.6,Yes,Good,
DBW03896,2023-11-10,Friday,Thane,Sion,2.88,DW041,Hospital,Non-Veg,1.89,31,Delivered,Monthly-Pre-paid,34.61,Yes,Poor,
DBW03897,2023-01-24,Tuesday,Kurla,Malad,5.21,DW002,Corporate,Veg,1.08,18,Delivered,Digital,63.63,Yes,Average,
DBW03898,2022-01-14,Friday,Andheri,Worli,16.82,DW139,Corporate,Veg,1.64,71,Delivered,Cash,160.52,No,Good,
DBW03899,2022-08-10,Wednesday,Andheri,Sion,11.94,DW041,Residential,Veg,2.03,49,Delivered,Cash,111.83,Yes,Good,
DBW03900,2023-11-07,Tuesday,Bandra,Malad,9.25,DW099,Corporate,Veg,2.39,35,Delivered,Digital,98.4,No,Average,
DBW03901,2023-01-14,Saturday,Vikhroli,Goregaon,12.15,DW012,Corporate,Mix,1.03,35,Delivered,Monthly-Pre-paid,129.61,No,Good,
DBW03902,2023-11-26,Sunday,Lower Parel,Andheri,11.89,DW029,Corporate,Veg,1.85,31,Delivered,Monthly-Pre-paid,131.95,No,Good,
DBW03903,2023-01-07,Saturday,Worli,Bandra,22.48,DW133,Hospital,Non-Veg,1.77,56,Delivered,Digital,228.09,No,nan,
DBW03904,2022-01-09,Sunday,Thane,Andheri,8.39,DW089,Residential,Non-Veg,1.82,28,Delivered,Monthly-Pre-paid,95.78,Yes,Average,
DBW03905,2023-09-30,Saturday,Andheri,Worli,15.75,DW150,School,Veg,1.87,73,Delayed,Cash,150.44,No,nan,
DBW03906,2023-07-12,Wednesday,Lower Parel,Malad,15.88,DW028,Hospital,Mix,1.78,60,Delivered,Cash,136.7,Yes,Poor,
DBW03907,2023-06-07,Wednesday,Malad,Borivali,13.79,DW134,Corporate,Mix,2.5,42,Delivered,Digital,144.52,No,Average,
DBW03908,2023-12-10,Sunday,Goregaon,Borivali,17.3,DW132,Residential,Veg,2.42,57,Delivered,Digital,160.56,Yes,Good,
DBW03909,2022-05-24,Tuesday,Andheri,Andheri,0.5,DW139,Residential,Veg,2.87,29,Delivered,Cash,29.84,No,Good,
DBW03910,2023-10-24,Tuesday,Lower Parel,Kurla,11.52,DW008,Corporate,Veg,1.79,54,Delivered,Digital,112.63,Yes,Good,
DBW03911,2022-06-19,Sunday,Goregaon,Kurla,16.3,DW016,School,Veg,1.59,52,Delivered,Cash,151.29,No,Good,
DBW03912,2023-12-10,Sunday,Lower Parel,Bandra,8.15,DW080,School,Veg,1.32,33,Delivered,Cash,104.97,No,Average,
DBW03913,2022-05-20,Friday,Sion,Dadar,10.22,DW018,Corporate,Veg,1.54,61,Delayed,Monthly-Pre-paid,109.86,Yes,Good,
DBW03914,2023-02-06,Monday,Kurla,Dadar,4.63,DW010,Hospital,Non-Veg,2.16,26,Delivered,Cash,89.42,No,Excellent,
DBW03915,2023-07-31,Monday,Chembur,Sion,12.12,DW122,Corporate,Non-Veg,2.23,57,Delivered,Digital,109.18,No,Good,
DBW03916,2022-02-27,Sunday,Lower Parel,Lower Parel,0.5,DW105,School,Veg,2.14,33,Delayed,Monthly-Pre-paid,51.74,No,Poor,
DBW03917,2022-02-18,Friday,Churchgate,Sion,11.61,DW127,Residential,Non-Veg,1.47,48,Delivered,Monthly-Pre-paid,114.46,No,Good,
DBW03918,2023-09-13,Wednesday,Dadar,Churchgate,12.38,DW141,Corporate,Non-Veg,1.47,45,Delivered,Digital,127.22,No,Excellent,
DBW03919,2022-02-14,Monday,Bandra,Worli,22.49,DW022,Hospital,Veg,2.78,69,Delivered,Cash,216.35,No,Average,
DBW03920,2023-03-25,Saturday,Bandra,Goregaon,18.75,DW125,Residential,Veg,1.38,73,Delayed,Cash,194.37,Yes,Excellent,
DBW03921,2023-11-16,Thursday,Lower Parel,Bandra,8.07,DW007,Corporate,Mix,2.51,57,Delayed,Cash,109.56,No,Excellent,
DBW03922,2023-03-25,Saturday,Ghatkopar,Ghatkopar,1.28,DW056,Residential,Veg,2.0,18,Delivered,Digital,54.96,No,Good,
DBW03923,2022-12-18,Sunday,Bandra,Worli,22.16,DW045,Residential,Veg,1.43,52,Delivered,Digital,203.13,No,Average,
DBW03924,2022-11-01,Tuesday,Ghatkopar,Lower Parel,2.93,DW036,Residential,Mix,1.21,27,Delivered,Digital,79.64,No,Excellent,
DBW03925,2023-04-11,Tuesday,Borivali,Worli,5.23,DW108,Residential,Non-Veg,1.46,38,Delivered,Cash,80.05,No,Excellent,
DBW03926,2023-02-22,Wednesday,Chembur,Bandra,12.84,DW019,Corporate,Mix,2.01,68,Delayed,Cash,87.55,Yes,Excellent,
DBW03927,2023-01-02,Monday,Vikhroli,Malad,8.86,DW122,Corporate,Veg,1.35,42,Delivered,Cash,100.73,No,Poor,
DBW03928,2022-04-23,Saturday,Lower Parel,Bandra,9.75,DW132,Residential,Veg,2.58,35,Delivered,Cash,101.65,No,Good,
DBW03929,2023-04-29,Saturday,Lower Parel,Chembur,17.77,DW100,Corporate,Non-Veg,1.7,52,Delivered,Monthly-Pre-paid,166.83,Yes,Good,
DBW03930,2023-06-25,Sunday,Lower Parel,Ghatkopar,2.02,DW013,Residential,Veg,2.15,11,Delivered,Cash,55.1,Yes,Excellent,
DBW03931,2023-06-02,Friday,Dadar,Ghatkopar,8.23,DW090,School,Non-Veg,2.11,46,Delivered,Cash,99.81,Yes,Average,
DBW03932,2022-02-24,Thursday,Borivali,Kurla,7.03,DW095,Hospital,Veg,2.61,40,Delivered,Digital,75.48,No,Good,
DBW03933,2023-05-29,Monday,Borivali,Bandra,18.58,DW056,Residential,Mix,1.58,70,Delivered,Cash,200.62,No,Good,
DBW03934,2023-06-17,Saturday,Dadar,Chembur,10.66,DW056,Residential,Mix,1.85,49,Delivered,Digital,95.41,No,Good,
DBW03935,2022-05-14,Saturday,Borivali,Vikhroli,4.4,DW071,Hospital,Mix,1.1,29,Delayed,Monthly-Pre-paid,44.3,Yes,Average,
DBW03936,2023-09-12,Tuesday,Worli,Kurla,9.24,DW150,Hospital,Non-Veg,1.85,40,Delivered,Cash,87.03,Yes,Good,
DBW03937,2023-01-18,Wednesday,Vikhroli,Kurla,4.42,DW001,Corporate,Non-Veg,2.37,40,Delivered,Monthly-Pre-paid,71.42,Yes,Excellent,
DBW03938,2022-12-11,Sunday,Borivali,Churchgate,7.69,DW077,Residential,Non-Veg,1.91,53,Delayed,Digital,96.41,No,Good,
DBW03939,2023-06-12,Monday,Andheri,Dadar,6.6,DW048,Corporate,Veg,2.96,60,Delivered,Monthly-Pre-paid,69.98,No,nan,
DBW03940,2023-01-08,Sunday,Andheri,Borivali,11.9,DW083,Corporate,Non-Veg,2.06,34,Delivered,Monthly-Pre-paid,115.71,No,Poor,
DBW03941,2023-02-02,Thursday,Vikhroli,Dadar,7.35,DW001,Corporate,Veg,1.53,39,Delivered,Monthly-Pre-paid,88.13,Yes,nan,
DBW03942,2022-08-16,Tuesday,Andheri,Andheri,0.5,DW138,Residential,Mix,2.03,33,Returned,Digital,17.37,No,Good,nan
DBW03943,2023-11-09,Thursday,Kurla,Lower Parel,11.75,DW069,Residential,Veg,1.07,44,Delivered,Cash,135.37,No,Good,
DBW03944,2023-12-09,Saturday,Churchgate,Ghatkopar,16.57,DW146,Hospital,Veg,1.4,39,Delivered,Cash,185.47,No,Average,
DBW03945,2022-04-06,Wednesday,Ghatkopar,Chembur,18.99,DW024,Corporate,Mix,1.19,56,Delivered,Cash,178.62,No,Good,
DBW03946,2023-06-20,Tuesday,Worli,Chembur,17.5,DW088,Corporate,Veg,1.81,62,Delivered,Cash,174.63,No,Excellent,
DBW03947,2022-01-18,Tuesday,Bandra,Bandra,0.5,DW102,Corporate,Non-Veg,1.77,24,Delivered,Monthly-Pre-paid,35.03,No,Excellent,
DBW03948,2022-09-27,Tuesday,Malad,Borivali,14.01,DW120,Corporate,Non-Veg,2.4,56,Delivered,Monthly-Pre-paid,161.98,Yes,nan,
DBW03949,2023-12-10,Sunday,Malad,Lower Parel,14.29,DW002,Corporate,Veg,1.75,36,Delivered,Digital,172.85,No,Average,
DBW03950,2022-05-08,Sunday,Vikhroli,Thane,3.58,DW096,School,Non-Veg,1.3,13,Delivered,Cash,52.65,No,Good,
DBW03951,2022-10-03,Monday,Sion,Bandra,19.33,DW023,Corporate,Mix,2.58,63,Delivered,Monthly-Pre-paid,184.52,No,Average,
DBW03952,2022-06-10,Friday,Sion,Malad,10.66,DW065,Residential,Veg,0.5,57,Delivered,Cash,127.56,Yes,Average,
DBW03953,2023-06-16,Friday,Borivali,Kurla,8.34,DW009,Corporate,Non-Veg,1.82,60,Delivered,Monthly-Pre-paid,101.27,No,Good,
DBW03954,2022-12-05,Monday,Sion,Kurla,7.07,DW009,Residential,Mix,1.91,44,Delivered,Monthly-Pre-paid,72.29,Yes,Excellent,
DBW03955,2023-03-09,Thursday,Chembur,Chembur,0.5,DW115,Hospital,Veg,1.79,23,Delivered,Digital,6.27,No,Average,
DBW03956,2023-11-20,Monday,Lower Parel,Goregaon,10.29,DW108,School,Mix,2.05,46,Delivered,Monthly-Pre-paid,102.74,No,Good,
DBW03957,2023-01-16,Monday,Thane,Sion,3.15,DW135,Corporate,Mix,1.86,56,Delayed,Digital,59.53,Yes,Good,
DBW03958,2023-06-20,Tuesday,Kurla,Malad,6.11,DW106,Hospital,Mix,2.05,28,Delivered,Monthly-Pre-paid,72.37,No,Good,
DBW03959,2022-03-13,Sunday,Worli,Dadar,14.62,DW090,Corporate,Non-Veg,1.5,45,Delivered,Digital,130.55,No,Good,
DBW03960,2022-06-07,Tuesday,Malad,Sion,11.98,DW018,Hospital,Mix,1.07,38,Delivered,Digital,116.52,No,Average,
DBW03961,2023-11-23,Thursday,Churchgate,Bandra,20.51,DW115,Corporate,Mix,1.78,83,Returned,Cash,220.96,Yes,Good,Wrong Address
DBW03962,2023-09-20,Wednesday,Malad,Dadar,6.94,DW035,Residential,Non-Veg,1.29,42,Delivered,Monthly-Pre-paid,68.01,No,Poor,
DBW03963,2023-04-25,Tuesday,Thane,Ghatkopar,21.01,DW016,Residential,Veg,1.44,90,Delayed,Monthly-Pre-paid,192.75,No,Good,
DBW03964,2022-10-04,Tuesday,Lower Parel,Malad,13.65,DW110,Hospital,Mix,2.38,45,Delivered,Cash,130.85,No,Good,
DBW03965,2022-05-26,Thursday,Andheri,Sion,9.33,DW089,Hospital,Veg,2.58,38,Delivered,Digital,133.4,No,Excellent,
DBW03966,2023-09-14,Thursday,Worli,Malad,14.53,DW023,Corporate,Mix,2.37,43,Delivered,Monthly-Pre-paid,123.59,No,Excellent,
DBW03967,2023-07-28,Friday,Thane,Dadar,11.49,DW083,Hospital,Non-Veg,2.28,54,Delivered,Monthly-Pre-paid,109.57,Yes,Excellent,
DBW03968,2022-06-26,Sunday,Ghatkopar,Goregaon,12.45,DW104,Corporate,Non-Veg,1.83,28,Delivered,Cash,130.0,No,Good,
DBW03969,2023-03-07,Tuesday,Lower Parel,Andheri,13.17,DW075,Corporate,Mix,2.31,58,Delivered,Cash,137.34,Yes,Excellent,
DBW03970,2023-03-28,Tuesday,Worli,Thane,9.47,DW108,Corporate,Non-Veg,1.98,42,Delivered,Monthly-Pre-paid,122.01,Yes,Good,
DBW03971,2022-12-15,Thursday,Ghatkopar,Thane,18.07,DW076,Corporate,Mix,2.77,66,Delivered,Digital,189.28,Yes,Average,
DBW03972,2023-11-08,Wednesday,Worli,Lower Parel,14.7,DW054,Corporate,Mix,1.34,51,Delivered,Monthly-Pre-paid,136.46,No,Poor,
DBW03973,2022-04-01,Friday,Andheri,Kurla,6.32,DW034,Residential,Veg,2.14,44,Delivered,Digital,84.69,No,Good,
DBW03974,2022-07-08,Friday,Andheri,Goregaon,20.07,DW039,Corporate,Mix,1.17,60,Delivered,Monthly-Pre-paid,187.36,No,Good,
DBW03975,2022-03-11,Friday,Vikhroli,Andheri,9.01,DW122,Residential,Veg,2.14,47,Delivered,Cash,94.61,Yes,nan,
DBW03976,2023-05-21,Sunday,Ghatkopar,Goregaon,12.87,DW056,Corporate,Mix,0.94,34,Delivered,Digital,147.62,Yes,Good,
DBW03977,2023-04-16,Sunday,Lower Parel,Kurla,11.67,DW108,Residential,Veg,1.19,56,Delayed,Digital,126.64,No,Good,
DBW03978,2023-12-22,Friday,Malad,Andheri,0.5,DW054,Corporate,Veg,1.16,27,Delivered,Cash,57.35,No,Excellent,
DBW03979,2023-01-31,Tuesday,Lower Parel,Chembur,16.57,DW079,Corporate,Veg,1.93,49,Delivered,Monthly-Pre-paid,169.15,Yes,Excellent,
DBW03980,2022-04-20,Wednesday,Churchgate,Kurla,13.96,DW092,Residential,Mix,1.98,56,Delivered,Digital,155.04,No,Average,
DBW03981,2022-11-26,Saturday,Sion,Ghatkopar,20.88,DW072,School,Non-Veg,3.03,69,Delivered,Digital,155.74,Yes,Excellent,
DBW03982,2022-03-06,Sunday,Borivali,Vikhroli,6.67,DW112,School,Non-Veg,1.75,22,Delivered,Cash,84.15,No,Good,
DBW03983,2023-05-05,Friday,Dadar,Kurla,5.67,DW139,Corporate,Non-Veg,2.19,43,Delivered,Cash,81.33,No,Excellent,
DBW03984,2023-05-08,Monday,Kurla,Goregaon,16.59,DW130,School,Non-Veg,1.88,64,Delivered,Monthly-Pre-paid,170.05,Yes,Good,
DBW03985,2023-09-19,Tuesday,Worli,Worli,0.5,DW139,Residential,Mix,2.14,29,Delivered,Monthly-Pre-paid,56.66,Yes,Average,
DBW03986,2022-09-06,Tuesday,Bandra,Churchgate,18.3,DW005,Hospital,Mix,1.87,58,Delivered,Cash,185.2,Yes,Excellent,
DBW03987,2022-08-15,Monday,Chembur,Dadar,10.4,DW114,Corporate,Veg,2.35,46,Delivered,Cash,94.5,Yes,Excellent,
DBW03988,2022-02-22,Tuesday,Dadar,Kurla,7.68,DW109,Corporate,Non-Veg,1.27,39,Delivered,Cash,98.98,No,Poor,
DBW03989,2022-10-31,Monday,Andheri,Chembur,6.13,DW062,Corporate,Veg,0.58,33,Delivered,Cash,91.13,No,Average,
DBW03990,2022-12-13,Tuesday,Vikhroli,Borivali,4.36,DW048,Hospital,Veg,2.01,27,Delivered,Cash,55.24,Yes,nan,
DBW03991,2023-07-05,Wednesday,Worli,Churchgate,3.83,DW008,Corporate,Veg,0.9,27,Delivered,Monthly-Pre-paid,53.95,No,Excellent,
DBW03992,2023-07-05,Wednesday,Lower Parel,Dadar,7.9,DW126,Corporate,Mix,2.46,35,Delivered,Monthly-Pre-paid,104.52,Yes,Average,
DBW03993,2022-04-13,Wednesday,Malad,Dadar,6.3,DW127,Residential,Mix,1.53,38,Delivered,Digital,79.95,No,Good,
DBW03994,2022-07-28,Thursday,Ghatkopar,Ghatkopar,0.5,DW012,School,Veg,1.28,36,Delayed,Digital,49.96,Yes,Good,
DBW03995,2023-01-09,Monday,Goregaon,Chembur,24.82,DW088,Residential,Mix,3.15,108,Delayed,Cash,230.88,Yes,Average,
DBW03996,2022-09-02,Friday,Chembur,Chembur,0.5,DW083,Residential,Veg,1.79,25,Delivered,Digital,0.84,No,Excellent,
DBW03997,2022-01-19,Wednesday,Goregaon,Ghatkopar,12.78,DW026,Corporate,Veg,1.69,56,Delayed,Monthly-Pre-paid,132.73,Yes,Good,
DBW03998,2023-09-10,Sunday,Dadar,Lower Parel,6.5,DW083,Hospital,Veg,2.17,24,Delivered,Cash,75.59,Yes,Good,
DBW03999,2023-06-18,Sunday,Vikhroli,Andheri,8.02,DW122,Corporate,Veg,2.21,32,Delivered,Digital,103.0,No,Excellent,
DBW04000,2023-01-15,Sunday,Andheri,Goregaon,19.03,DW049,Corporate,Non-Veg,2.37,48,Delivered,Digital,188.2,No,Average,
DBW04001,2022-08-20,Saturday,Dadar,Goregaon,13.23,DW109,Residential,Non-Veg,1.13,32,Delivered,Digital,121.33,No,Good,
DBW04002,2023-09-08,Friday,Lower Parel,Vikhroli,10.98,DW146,Corporate,Veg,2.07,55,Delivered,Digital,120.42,No,Good,
DBW04003,2022-01-26,Wednesday,Chembur,Borivali,12.95,DW069,Residential,Non-Veg,1.65,70,Delayed,Cash,141.28,Yes,Average,
DBW04004,2022-11-22,Tuesday,Andheri,Malad,0.5,DW017,Residential,Non-Veg,1.34,31,Delivered,Cash,40.28,No,Good,
DBW04005,2023-08-08,Tuesday,Lower Parel,Goregaon,9.84,DW045,Corporate,Non-Veg,1.82,43,Delivered,Cash,122.97,No,Excellent,
DBW04006,2023-11-27,Monday,Thane,Worli,10.8,DW021,Corporate,Mix,0.89,49,Delivered,Monthly-Pre-paid,100.66,Yes,Excellent,
DBW04007,2022-07-03,Sunday,Andheri,Sion,9.1,DW053,Corporate,Non-Veg,2.26,34,Delivered,Monthly-Pre-paid,100.09,Yes,Good,
DBW04008,2023-04-21,Friday,Ghatkopar,Borivali,19.31,DW097,Corporate,Non-Veg,1.65,62,Delivered,Digital,150.71,No,nan,
DBW04009,2022-05-19,Thursday,Goregaon,Kurla,18.23,DW031,Hospital,Mix,1.56,62,Delivered,Digital,193.14,No,nan,
DBW04010,2022-03-26,Saturday,Borivali,Thane,5.39,DW078,Residential,Mix,1.73,24,Delivered,Monthly-Pre-paid,74.58,Yes,Good,
DBW04011,2022-09-15,Thursday,Andheri,Borivali,9.99,DW150,Corporate,Mix,1.72,48,Delivered,Monthly-Pre-paid,108.22,No,Good,
DBW04012,2023-10-09,Monday,Sion,Bandra,18.82,DW040,Corporate,Non-Veg,2.37,65,Delivered,Cash,178.67,Yes,Average,
DBW04013,2023-05-19,Friday,Andheri,Sion,10.19,DW132,Hospital,Veg,1.25,41,Delivered,Monthly-Pre-paid,118.73,No,Poor,
DBW04014,2022-12-24,Saturday,Thane,Vikhroli,6.18,DW046,Hospital,Veg,1.61,15,Delivered,Digital,95.05,No,Good,
DBW04015,2022-07-26,Tuesday,Bandra,Lower Parel,8.95,DW093,School,Veg,1.69,45,Delivered,Monthly-Pre-paid,97.22,Yes,Average,
DBW04016,2022-04-14,Thursday,Andheri,Kurla,5.8,DW024,Corporate,Mix,1.27,30,Delivered,Monthly-Pre-paid,82.51,Yes,Excellent,
DBW04017,2022-07-17,Sunday,Kurla,Sion,5.06,DW041,Residential,Mix,1.88,19,Delivered,Cash,76.46,No,Poor,
DBW04018,2022-04-22,Friday,Bandra,Kurla,12.59,DW131,Corporate,Non-Veg,1.44,76,Delayed,Monthly-Pre-paid,97.71,Yes,Good,
DBW04019,2022-05-17,Tuesday,Kurla,Ghatkopar,14.17,DW089,Residential,Mix,1.1,54,Delivered,Cash,132.7,No,Good,
DBW04020,2023-05-17,Wednesday,Sion,Vikhroli,4.91,DW086,Corporate,Mix,2.06,39,Delivered,Digital,75.77,No,Excellent,
DBW04021,2022-04-07,Thursday,Lower Parel,Worli,14.31,DW077,Residential,Non-Veg,2.57,69,Delivered,Monthly-Pre-paid,162.99,No,Excellent,
DBW04022,2022-02-04,Friday,Lower Parel,Goregaon,10.06,DW037,Corporate,Veg,1.82,55,Delivered,Cash,130.83,No,Good,
DBW04023,2023-01-31,Tuesday,Andheri,Vikhroli,8.75,DW140,Residential,Non-Veg,1.75,48,Delivered,Cash,81.6,No,nan,
DBW04024,2022-07-29,Friday,Chembur,Bandra,12.13,DW060,Corporate,Mix,1.74,43,Delivered,Digital,142.0,No,Good,
DBW04025,2022-11-28,Monday,Churchgate,Churchgate,0.99,DW002,Hospital,Non-Veg,1.54,13,Delivered,Digital,53.44,No,Good,
DBW04026,2022-04-13,Wednesday,Lower Parel,Bandra,9.46,DW137,Corporate,Non-Veg,2.39,37,Delivered,Digital,111.89,Yes,Excellent,
DBW04027,2022-06-03,Friday,Goregaon,Churchgate,9.53,DW007,Residential,Non-Veg,1.85,47,Delivered,Monthly-Pre-paid,75.93,No,Excellent,
DBW04028,2022-11-18,Friday,Bandra,Dadar,7.59,DW134,Corporate,Mix,0.71,47,Delivered,Cash,82.66,Yes,Average,
DBW04029,2023-05-19,Friday,Thane,Lower Parel,16.18,DW040,Residential,Non-Veg,2.4,72,Delivered,Monthly-Pre-paid,161.1,Yes,nan,
DBW04030,2022-10-30,Sunday,Ghatkopar,Borivali,20.75,DW011,Residential,Veg,2.28,60,Delivered,Cash,192.46,No,Good,
DBW04031,2023-01-31,Tuesday,Borivali,Vikhroli,5.04,DW034,Corporate,Non-Veg,2.1,53,Delayed,Digital,37.76,Yes,Excellent,
DBW04032,2023-01-16,Monday,Worli,Lower Parel,16.52,DW099,Corporate,Non-Veg,0.5,54,Delivered,Digital,158.25,Yes,Good,
DBW04033,2022-07-16,Saturday,Kurla,Chembur,8.27,DW082,Corporate,Mix,1.8,35,Delivered,Digital,82.2,No,Good,
DBW04034,2022-07-24,Sunday,Chembur,Thane,7.81,DW023,Corporate,Veg,2.25,20,Delivered,Cash,101.32,Yes,Average,
DBW04035,2022-11-07,Monday,Thane,Ghatkopar,18.93,DW046,Residential,Mix,1.99,74,Delivered,Cash,188.63,No,Good,
DBW04036,2022-01-24,Monday,Chembur,Bandra,14.98,DW032,Corporate,Mix,1.9,62,Delivered,Monthly-Pre-paid,157.71,No,nan,
DBW04037,2023-05-16,Tuesday,Chembur,Worli,17.89,DW098,Corporate,Mix,2.25,73,Delivered,Monthly-Pre-paid,167.61,No,Average,
DBW04038,2023-03-25,Saturday,Andheri,Worli,15.24,DW130,Corporate,Veg,1.87,49,Returned,Cash,152.22,Yes,Excellent,nan
DBW04039,2022-08-12,Friday,Goregaon,Vikhroli,13.38,DW039,Corporate,Veg,2.4,54,Delivered,Cash,135.78,No,Excellent,
DBW04040,2022-09-30,Friday,Sion,Andheri,10.89,DW135,Corporate,Non-Veg,1.88,55,Delivered,Monthly-Pre-paid,130.82,Yes,Good,
DBW04041,2022-08-28,Sunday,Vikhroli,Andheri,7.81,DW062,Residential,Veg,1.84,24,Delivered,Cash,84.49,No,Poor,
DBW04042,2023-04-21,Friday,Malad,Ghatkopar,14.18,DW013,Corporate,Non-Veg,2.25,60,Delivered,Digital,132.11,Yes,Good,
DBW04043,2023-07-09,Sunday,Dadar,Vikhroli,4.98,DW049,School,Mix,1.6,23,Delivered,Cash,84.23,No,Poor,
DBW04044,2022-03-21,Monday,Kurla,Lower Parel,10.55,DW132,Residential,Non-Veg,1.25,57,Delivered,Monthly-Pre-paid,126.72,Yes,Excellent,
DBW04045,2022-10-29,Saturday,Vikhroli,Worli,9.24,DW122,Corporate,Mix,1.8,30,Delivered,Monthly-Pre-paid,110.88,No,Good,
DBW04046,2022-01-11,Tuesday,Malad,Goregaon,20.35,DW110,Hospital,Mix,2.1,61,Delivered,Monthly-Pre-paid,216.51,Yes,Excellent,
DBW04047,2022-11-27,Sunday,Chembur,Churchgate,20.87,DW060,Residential,Mix,2.26,54,Delivered,Cash,228.29,No,Good,
DBW04048,2022-07-01,Friday,Andheri,Sion,11.34,DW117,Residential,Mix,2.27,46,Delivered,Cash,139.2,Yes,Good,
DBW04049,2022-09-03,Saturday,Worli,Sion,6.55,DW107,Corporate,Veg,1.77,24,Delivered,Monthly-Pre-paid,71.17,No,nan,
DBW04050,2022-11-30,Wednesday,Andheri,Lower Parel,11.51,DW119,Residential,Veg,1.71,37,Delivered,Cash,134.58,No,Good,
DBW04051,2022-08-25,Thursday,Worli,Thane,10.02,DW084,Corporate,Mix,1.5,45,Delivered,Digital,111.8,Yes,Good,
DBW04052,2022-10-15,Saturday,Andheri,Chembur,7.18,DW077,Residential,Mix,1.92,42,Delivered,Cash,79.04,Yes,Average,
DBW04053,2023-07-13,Thursday,Thane,Bandra,17.35,DW146,Corporate,Mix,0.98,81,Delayed,Cash,157.71,Yes,Average,
DBW04054,2023-08-15,Tuesday,Sion,Dadar,11.98,DW143,Corporate,Non-Veg,1.81,56,Delivered,Monthly-Pre-paid,129.89,No,Excellent,
DBW04055,2022-01-05,Wednesday,Sion,Malad,9.72,DW081,Residential,Veg,3.22,45,Delivered,Cash,119.98,No,Average,
DBW04056,2022-10-03,Monday,Worli,Bandra,19.8,DW031,Corporate,Non-Veg,1.05,68,Delivered,Cash,209.08,No,Good,
DBW04057,2023-09-11,Monday,Bandra,Worli,19.9,DW062,Corporate,Non-Veg,1.88,73,Delivered,Monthly-Pre-paid,199.33,No,Good,
DBW04058,2023-01-23,Monday,Vikhroli,Goregaon,15.3,DW076,Hospital,Veg,1.99,65,Delivered,Monthly-Pre-paid,161.0,Yes,nan,
DBW04059,2022-05-30,Monday,Chembur,Kurla,9.78,DW102,Corporate,Non-Veg,2.05,57,Delivered,Cash,105.14,No,Average,
DBW04060,2023-03-10,Friday,Borivali,Vikhroli,5.53,DW048,Corporate,Non-Veg,1.32,37,Delivered,Monthly-Pre-paid,77.45,No,Poor,
DBW04061,2022-04-16,Saturday,Churchgate,Borivali,8.52,DW007,Corporate,Veg,2.06,34,Delivered,Monthly-Pre-paid,75.77,No,Poor,
DBW04062,2022-01-16,Sunday,Borivali,Vikhroli,6.88,DW124,School,Mix,1.53,23,Delivered,Digital,93.51,Yes,Average,
DBW04063,2023-04-07,Friday,Kurla,Bandra,11.6,DW143,Residential,Non-Veg,1.09,60,Delivered,Digital,129.31,No,Excellent,
DBW04064,2023-01-12,Thursday,Kurla,Dadar,6.4,DW013,Residential,Mix,2.28,35,Delivered,Digital,109.92,No,Good,
DBW04065,2023-07-07,Friday,Churchgate,Ghatkopar,17.04,DW048,Hospital,Veg,2.13,65,Delivered,Cash,165.73,Yes,Average,
DBW04066,2022-09-09,Friday,Borivali,Vikhroli,4.47,DW066,Residential,Mix,1.32,37,Delivered,Monthly-Pre-paid,83.61,Yes,Excellent,
DBW04067,2023-09-16,Saturday,Thane,Kurla,3.16,DW115,Hospital,Non-Veg,1.53,24,Returned,Cash,48.16,No,nan,nan
DBW04068,2022-11-04,Friday,Chembur,Worli,16.46,DW117,Residential,Mix,1.51,56,Delivered,Monthly-Pre-paid,187.13,No,Excellent,
DBW04069,2023-06-23,Friday,Worli,Sion,8.01,DW052,Hospital,Veg,0.98,40,Delivered,Digital,115.86,Yes,Good,
DBW04070,2022-03-15,Tuesday,Andheri,Borivali,13.77,DW047,Residential,Veg,2.18,72,Delayed,Cash,157.15,No,Excellent,
DBW04071,2022-03-12,Saturday,Lower Parel,Bandra,9.75,DW061,Corporate,Veg,2.2,52,Delayed,Digital,108.93,Yes,Average,
DBW04072,2023-07-26,Wednesday,Ghatkopar,Kurla,14.46,DW037,Corporate,Non-Veg,1.63,61,Delivered,Cash,142.38,Yes,Average,
DBW04073,2023-09-01,Friday,Dadar,Thane,9.42,DW066,Corporate,Non-Veg,1.79,56,Delivered,Monthly-Pre-paid,99.79,Yes,Good,
DBW04074,2023-11-19,Sunday,Malad,Sion,10.87,DW040,Residential,Veg,1.86,52,Delayed,Digital,102.34,No,Excellent,
DBW04075,2022-08-25,Thursday,Thane,Borivali,4.29,DW010,School,Veg,1.92,19,Delivered,Digital,71.33,Yes,Good,
DBW04076,2022-01-17,Monday,Ghatkopar,Chembur,19.41,DW108,Residential,Mix,1.13,67,Delivered,Cash,181.55,No,Good,
DBW04077,2023-12-17,Sunday,Vikhroli,Goregaon,14.43,DW119,Residential,Mix,2.04,42,Delivered,Cash,151.22,No,Excellent,
DBW04078,2023-03-16,Thursday,Malad,Churchgate,16.44,DW044,Residential,Veg,1.21,59,Delivered,Digital,164.09,Yes,Excellent,
DBW04079,2022-06-30,Thursday,Goregaon,Lower Parel,9.37,DW061,Hospital,Mix,2.14,37,Delivered,Digital,88.89,Yes,Poor,
DBW04080,2023-07-12,Wednesday,Thane,Kurla,3.61,DW061,Residential,Mix,1.27,22,Delivered,Monthly-Pre-paid,74.79,No,Good,
DBW04081,2023-10-22,Sunday,Churchgate,Vikhroli,7.62,DW004,Corporate,Mix,1.15,13,Delivered,Digital,92.37,No,Excellent,
DBW04082,2022-07-27,Wednesday,Lower Parel,Ghatkopar,3.4,DW082,Residential,Veg,1.79,34,Delivered,Digital,70.1,Yes,Excellent,
DBW04083,2023-07-16,Sunday,Lower Parel,Borivali,17.03,DW069,Corporate,Non-Veg,1.77,54,Delivered,Digital,148.76,No,Average,
DBW04084,2023-07-29,Saturday,Ghatkopar,Sion,17.63,DW142,Corporate,Veg,1.85,52,Delivered,Cash,159.58,No,Good,
DBW04085,2023-01-02,Monday,Ghatkopar,Vikhroli,15.86,DW056,Corporate,Veg,1.35,65,Delivered,Digital,150.99,No,Excellent,
DBW04086,2023-04-07,Friday,Worli,Kurla,9.99,DW120,Corporate,Mix,1.9,56,Delivered,Cash,113.53,No,Excellent,
DBW04087,2022-07-16,Saturday,Vikhroli,Malad,9.59,DW059,Corporate,Mix,1.95,27,Delivered,Cash,105.14,Yes,Excellent,
DBW04088,2023-11-10,Friday,Dadar,Sion,12.43,DW028,Corporate,Veg,2.38,58,Delivered,Monthly-Pre-paid,149.92,No,Average,
DBW04089,2023-12-19,Tuesday,Sion,Sion,0.5,DW053,Hospital,Non-Veg,1.89,25,Delivered,Cash,49.52,Yes,Poor,
DBW04090,2023-12-18,Monday,Lower Parel,Malad,13.1,DW133,Corporate,Veg,1.5,57,Delivered,Cash,123.83,No,Poor,
DBW04091,2023-06-23,Friday,Ghatkopar,Thane,17.49,DW039,Hospital,Mix,1.13,59,Delivered,Digital,214.13,Yes,Good,
DBW04092,2022-01-31,Monday,Goregaon,Lower Parel,9.32,DW127,Corporate,Non-Veg,1.03,45,Delivered,Cash,103.27,No,Good,
DBW04093,2022-09-25,Sunday,Vikhroli,Bandra,14.58,DW100,School,Veg,1.96,51,Delivered,Monthly-Pre-paid,166.01,No,Good,
DBW04094,2022-11-21,Monday,Lower Parel,Bandra,9.06,DW112,Residential,Mix,2.2,48,Delivered,Digital,98.17,No,Average,
DBW04095,2023-12-02,Saturday,Kurla,Lower Parel,12.71,DW113,Hospital,Veg,1.35,42,Delivered,Cash,141.04,No,Poor,
DBW04096,2023-02-04,Saturday,Kurla,Goregaon,14.21,DW078,Residential,Veg,1.93,49,Delivered,Digital,157.96,Yes,nan,
DBW04097,2023-01-27,Friday,Goregaon,Worli,13.1,DW091,Residential,Mix,1.71,68,Delivered,Monthly-Pre-paid,112.26,Yes,nan,
DBW04098,2022-04-18,Monday,Ghatkopar,Vikhroli,15.45,DW011,Corporate,Non-Veg,2.16,68,Delivered,Digital,179.82,Yes,Average,
DBW04099,2023-08-03,Thursday,Andheri,Chembur,5.12,DW105,Corporate,Mix,2.23,36,Delivered,Monthly-Pre-paid,59.25,No,Excellent,
DBW04100,2022-09-03,Saturday,Goregaon,Bandra,18.28,DW107,Residential,Veg,0.67,47,Delivered,Digital,171.04,No,nan,
DBW04101,2022-03-09,Wednesday,Kurla,Malad,5.45,DW016,Corporate,Non-Veg,2.32,33,Delivered,Digital,64.53,Yes,Excellent,
DBW04102,2023-12-22,Friday,Lower Parel,Dadar,4.12,DW078,Corporate,Non-Veg,1.93,38,Delivered,Digital,54.46,No,Good,
DBW04103,2022-05-19,Thursday,Malad,Dadar,5.85,DW077,Hospital,Veg,1.53,31,Delivered,Digital,69.03,Yes,Poor,
DBW04104,2022-01-12,Wednesday,Sion,Thane,4.8,DW047,Corporate,Veg,1.55,40,Delivered,Cash,50.5,No,Good,
DBW04105,2022-02-26,Saturday,Chembur,Goregaon,23.83,DW010,Residential,Veg,1.82,67,Returned,Digital,232.08,No,Excellent,Customer Unavailable
DBW04106,2022-11-27,Sunday,Vikhroli,Malad,8.51,DW002,Corporate,Non-Veg,1.55,19,Delivered,Digital,99.82,Yes,Good,
DBW04107,2022-03-17,Thursday,Thane,Thane,0.5,DW032,Corporate,Non-Veg,1.33,30,Delivered,Monthly-Pre-paid,31.93,Yes,Average,
DBW04108,2023-09-08,Friday,Churchgate,Bandra,17.99,DW035,Corporate,Non-Veg,1.45,63,Delivered,Monthly-Pre-paid,189.13,No,Good,
DBW04109,2023-01-10,Tuesday,Vikhroli,Thane,6.68,DW032,Residential,Veg,1.28,43,Delivered,Digital,109.93,Yes,Good,
DBW04110,2022-08-25,Thursday,Kurla,Goregaon,17.2,DW091,Hospital,Mix,2.47,56,Delivered,Digital,144.19,Yes,Good,
DBW04111,2022-01-03,Monday,Vikhroli,Borivali,4.03,DW064,Hospital,Mix,1.83,27,Delivered,Digital,86.61,Yes,Good,
DBW04112,2022-12-17,Saturday,Worli,Vikhroli,6.62,DW017,Corporate,Mix,2.93,37,Delivered,Monthly-Pre-paid,82.61,No,Excellent,
DBW04113,2022-04-21,Thursday,Borivali,Borivali,0.5,DW013,Corporate,Veg,1.99,16,Delivered,Monthly-Pre-paid,13.74,No,Average,
DBW04114,2023-12-15,Friday,Vikhroli,Vikhroli,0.5,DW099,Hospital,Mix,2.09,22,Delivered,Cash,40.19,No,Good,
DBW04115,2022-08-01,Monday,Bandra,Dadar,4.82,DW141,Corporate,Veg,1.27,33,Delivered,Cash,66.81,No,Good,
DBW04116,2022-12-13,Tuesday,Vikhroli,Worli,7.09,DW123,Corporate,Non-Veg,1.69,34,Delivered,Digital,99.64,No,Poor,
DBW04117,2022-01-14,Friday,Goregaon,Malad,21.58,DW114,Residential,Veg,1.84,81,Delivered,Digital,204.84,No,Excellent,
DBW04118,2022-04-06,Wednesday,Andheri,Bandra,9.48,DW048,Residential,Veg,1.48,47,Delivered,Monthly-Pre-paid,111.19,No,Average,
DBW04119,2022-06-01,Wednesday,Chembur,Vikhroli,12.0,DW106,Corporate,Non-Veg,1.57,46,Delivered,Monthly-Pre-paid,119.5,Yes,Good,
DBW04120,2022-02-07,Monday,Borivali,Malad,10.28,DW013,Corporate,Veg,2.01,37,Delivered,Digital,96.83,Yes,Good,
DBW04121,2023-06-14,Wednesday,Vikhroli,Churchgate,7.99,DW026,School,Mix,2.02,39,Delivered,Monthly-Pre-paid,105.05,No,Average,
DBW04122,2023-11-22,Wednesday,Ghatkopar,Andheri,13.95,DW021,School,Non-Veg,1.13,50,Delivered,Cash,133.72,No,nan,
DBW04123,2023-12-21,Thursday,Bandra,Ghatkopar,8.14,DW028,Residential,Mix,1.94,53,Delivered,Cash,101.17,No,Poor,
DBW04124,2022-07-14,Thursday,Ghatkopar,Lower Parel,3.63,DW054,Residential,Veg,2.08,28,Delivered,Digital,81.3,No,nan,
DBW04125,2023-07-30,Sunday,Malad,Ghatkopar,14.58,DW007,School,Mix,1.5,41,Delivered,Digital,144.21,Yes,Excellent,
DBW04126,2023-01-03,Tuesday,Worli,Vikhroli,4.23,DW123,Residential,Veg,1.45,33,Delivered,Monthly-Pre-paid,74.37,Yes,Good,
DBW04127,2022-02-03,Thursday,Sion,Andheri,12.1,DW108,Residential,Non-Veg,2.02,53,Delivered,Digital,126.35,No,Poor,
DBW04128,2022-03-08,Tuesday,Ghatkopar,Thane,18.85,DW096,Residential,Non-Veg,0.51,63,Delivered,Digital,175.37,Yes,Poor,
DBW04129,2023-02-04,Saturday,Lower Parel,Sion,14.73,DW027,Corporate,Mix,1.8,40,Delivered,Digital,124.37,No,Good,
DBW04130,2022-11-06,Sunday,Malad,Goregaon,21.48,DW131,Hospital,Veg,2.62,68,Delivered,Cash,201.27,Yes,Good,
DBW04131,2022-01-07,Friday,Worli,Dadar,13.5,DW001,Residential,Veg,0.5,64,Delivered,Digital,135.52,No,Good,
DBW04132,2023-11-10,Friday,Chembur,Ghatkopar,19.09,DW150,Corporate,Veg,2.21,96,Delayed,Cash,169.64,Yes,Average,
DBW04133,2023-06-18,Sunday,Goregaon,Borivali,16.56,DW110,Residential,Mix,2.07,46,Delivered,Cash,131.99,No,Average,
DBW04134,2023-01-02,Monday,Andheri,Churchgate,16.88,DW031,Hospital,Non-Veg,1.08,83,Delayed,Digital,140.0,Yes,Good,
DBW04135,2023-12-22,Friday,Borivali,Sion,0.5,DW030,Corporate,Veg,2.06,30,Delivered,Cash,60.78,Yes,Excellent,
DBW04136,2023-12-10,Sunday,Dadar,Sion,10.61,DW105,Residential,Mix,2.3,49,Returned,Cash,115.45,No,Poor,nan
DBW04137,2023-12-12,Tuesday,Dadar,Kurla,7.48,DW122,Corporate,Veg,1.21,30,Delivered,Monthly-Pre-paid,68.3,Yes,Good,
DBW04138,2022-07-08,Friday,Worli,Churchgate,3.96,DW070,Residential,Veg,1.45,41,Delivered,Monthly-Pre-paid,52.67,Yes,Poor,
DBW04139,2023-10-06,Friday,Lower Parel,Lower Parel,0.5,DW010,School,Non-Veg,1.81,26,Delivered,Digital,34.15,No,Poor,
DBW04140,2023-01-04,Wednesday,Chembur,Goregaon,25.11,DW075,Hospital,Mix,2.29,76,Delivered,Monthly-Pre-paid,237.59,Yes,nan,
DBW04141,2023-06-15,Thursday,Dadar,Borivali,11.54,DW072,Hospital,Mix,1.53,50,Delivered,Cash,118.81,Yes,Good,
DBW04142,2023-09-20,Wednesday,Worli,Sion,6.13,DW049,Residential,Veg,1.78,39,Delivered,Monthly-Pre-paid,109.35,Yes,Average,
DBW04143,2022-04-30,Saturday,Sion,Ghatkopar,19.71,DW136,Residential,Mix,1.47,75,Returned,Digital,218.67,No,Good,Wrong Address
DBW04144,2022-11-24,Thursday,Dadar,Vikhroli,5.56,DW052,Residential,Mix,1.81,45,Delivered,Digital,80.24,Yes,Excellent,
DBW04145,2022-04-05,Tuesday,Lower Parel,Goregaon,9.79,DW037,Corporate,Veg,2.32,52,Delivered,Monthly-Pre-paid,102.79,No,Good,
DBW04146,2022-07-24,Sunday,Sion,Lower Parel,15.45,DW102,Residential,Non-Veg,1.85,42,Delivered,Digital,159.37,No,Good,
DBW04147,2022-10-29,Saturday,Goregaon,Dadar,15.65,DW093,Residential,Non-Veg,1.62,54,Delivered,Digital,135.26,Yes,Excellent,
DBW04148,2023-09-17,Sunday,Chembur,Sion,11.58,DW094,Residential,Non-Veg,1.78,38,Delivered,Cash,137.66,No,Good,
DBW04149,2023-09-22,Friday,Vikhroli,Thane,5.9,DW076,Corporate,Non-Veg,1.4,44,Delivered,Digital,79.8,No,Good,
DBW04150,2022-10-12,Wednesday,Goregaon,Goregaon,0.5,DW048,Corporate,Non-Veg,1.3,24,Delivered,Cash,15.89,No,Average,
DBW04151,2022-08-29,Monday,Andheri,Churchgate,16.24,DW039,Corporate,Non-Veg,2.4,69,Delivered,Cash,151.17,No,Poor,
DBW04152,2023-01-23,Monday,Lower Parel,Chembur,16.94,DW018,Corporate,Non-Veg,2.62,61,Delivered,Digital,174.13,No,Average,
DBW04153,2023-10-28,Saturday,Dadar,Thane,9.98,DW028,Corporate,Non-Veg,0.9,34,Delivered,Monthly-Pre-paid,84.88,Yes,Poor,
DBW04154,2023-12-14,Thursday,Chembur,Borivali,9.82,DW087,Corporate,Non-Veg,2.09,44,Delivered,Cash,95.17,No,Excellent,
DBW04155,2022-06-15,Wednesday,Chembur,Kurla,6.61,DW061,Hospital,Veg,2.23,30,Delivered,Digital,75.86,Yes,Good,
DBW04156,2022-05-17,Tuesday,Ghatkopar,Lower Parel,5.03,DW111,Corporate,Non-Veg,1.19,45,Returned,Cash,84.84,No,Good,nan
DBW04157,2023-05-31,Wednesday,Churchgate,Chembur,19.34,DW121,Hospital,Mix,1.56,83,Delayed,Digital,210.41,No,Good,
DBW04158,2022-08-09,Tuesday,Dadar,Goregaon,14.44,DW084,Corporate,Mix,1.51,50,Delivered,Monthly-Pre-paid,151.2,No,Average,
DBW04159,2022-05-26,Thursday,Malad,Andheri,0.5,DW016,Hospital,Mix,2.75,24,Delivered,Digital,-13.4,No,nan,
DBW04160,2022-01-23,Sunday,Bandra,Goregaon,18.03,DW001,Residential,Mix,2.63,83,Delayed,Monthly-Pre-paid,157.48,Yes,Good,
DBW04161,2022-10-22,Saturday,Kurla,Andheri,6.05,DW035,School,Mix,1.34,26,Delivered,Digital,130.82,Yes,Good,
DBW04162,2022-10-14,Friday,Ghatkopar,Lower Parel,3.49,DW043,Hospital,Non-Veg,1.07,39,Delivered,Monthly-Pre-paid,60.32,Yes,Excellent,
DBW04163,2023-02-16,Thursday,Sion,Bandra,19.71,DW012,Residential,Mix,2.19,69,Delivered,Digital,148.6,No,Average,
DBW04164,2022-05-27,Friday,Vikhroli,Andheri,8.39,DW117,Corporate,Mix,2.07,40,Delivered,Cash,132.68,No,Excellent,
DBW04165,2023-06-06,Tuesday,Sion,Worli,6.66,DW056,Residential,Veg,2.42,31,Delivered,Cash,63.21,Yes,Good,
DBW04166,2023-05-12,Friday,Sion,Churchgate,8.27,DW112,Corporate,Veg,1.27,49,Delivered,Monthly-Pre-paid,104.77,No,Good,
DBW04167,2022-12-04,Sunday,Dadar,Andheri,5.51,DW032,Hospital,Veg,2.16,20,Delivered,Digital,56.92,Yes,Excellent,
DBW04168,2022-05-13,Friday,Borivali,Vikhroli,5.51,DW002,Hospital,Non-Veg,1.43,32,Delivered,Digital,107.09,No,Average,
DBW04169,2023-01-06,Friday,Kurla,Thane,3.42,DW021,Corporate,Mix,2.11,57,Delayed,Digital,36.12,Yes,Average,
DBW04170,2023-05-08,Monday,Malad,Churchgate,16.36,DW071,Residential,Non-Veg,1.78,66,Delivered,Cash,152.12,No,Poor,
DBW04171,2022-09-30,Friday,Churchgate,Vikhroli,8.26,DW072,Corporate,Mix,2.75,47,Delivered,Cash,111.81,No,nan,
DBW04172,2022-07-12,Tuesday,Sion,Kurla,7.11,DW066,Residential,Veg,2.02,47,Delivered,Digital,78.62,No,Good,
DBW04173,2023-01-05,Thursday,Chembur,Malad,4.43,DW144,Residential,Non-Veg,1.64,49,Delivered,Cash,72.7,No,Average,
DBW04174,2022-09-17,Saturday,Thane,Goregaon,20.63,DW098,Residential,Mix,1.87,70,Delivered,Digital,207.49,No,Good,
DBW04175,2022-10-20,Thursday,Goregaon,Lower Parel,10.19,DW110,Hospital,Veg,1.75,32,Delivered,Digital,114.15,No,Good,
DBW04176,2022-09-12,Monday,Sion,Ghatkopar,20.48,DW019,Corporate,Mix,1.22,61,Delivered,Digital,177.21,Yes,Poor,
DBW04177,2022-08-10,Wednesday,Thane,Vikhroli,4.88,DW070,Residential,Veg,2.76,44,Delivered,Monthly-Pre-paid,57.23,Yes,Poor,
DBW04178,2023-06-08,Thursday,Goregaon,Sion,17.67,DW094,Residential,Mix,2.6,73,Delivered,Monthly-Pre-paid,165.64,Yes,Good,
DBW04179,2022-12-02,Friday,Kurla,Lower Parel,11.9,DW088,Corporate,Veg,1.71,50,Delivered,Cash,133.99,No,Poor,
DBW04180,2022-12-07,Wednesday,Worli,Churchgate,4.69,DW143,Corporate,Non-Veg,2.15,49,Delivered,Digital,79.68,No,Average,
DBW04181,2023-04-22,Saturday,Kurla,Ghatkopar,15.53,DW072,Corporate,Mix,2.83,58,Delivered,Digital,157.28,Yes,Excellent,
DBW04182,2022-09-21,Wednesday,Sion,Dadar,11.83,DW056,Residential,Non-Veg,2.42,60,Delivered,Monthly-Pre-paid,135.19,Yes,Average,
DBW04183,2022-03-15,Tuesday,Borivali,Thane,5.72,DW142,Hospital,Non-Veg,1.65,38,Delivered,Digital,51.86,No,Good,
DBW04184,2023-09-15,Friday,Thane,Borivali,4.28,DW051,Corporate,Mix,1.76,20,Delivered,Cash,68.68,No,Excellent,
DBW04185,2022-02-10,Thursday,Kurla,Churchgate,11.82,DW086,Corporate,Mix,0.94,52,Delivered,Digital,123.6,No,Good,
DBW04186,2023-02-22,Wednesday,Dadar,Lower Parel,8.17,DW005,Residential,Veg,2.19,48,Delivered,Monthly-Pre-paid,102.75,No,nan,
DBW04187,2022-07-14,Thursday,Sion,Malad,11.54,DW025,Corporate,Non-Veg,2.42,54,Delivered,Monthly-Pre-paid,133.62,Yes,Average,
DBW04188,2022-06-06,Monday,Dadar,Goregaon,14.93,DW009,Corporate,Mix,2.42,69,Delivered,Monthly-Pre-paid,133.65,No,Excellent,
DBW04189,2022-01-31,Monday,Churchgate,Sion,10.37,DW063,Residential,Non-Veg,2.15,50,Delivered,Monthly-Pre-paid,111.33,No,Excellent,
DBW04190,2023-10-20,Friday,Goregaon,Borivali,16.44,DW140,Corporate,Veg,1.98,64,Delivered,Digital,181.53,No,Good,
DBW04191,2022-11-10,Thursday,Borivali,Borivali,0.5,DW011,Hospital,Veg,1.3,25,Delivered,Cash,38.56,Yes,Excellent,
DBW04192,2022-09-08,Thursday,Vikhroli,Kurla,3.31,DW147,Corporate,Mix,1.96,27,Delivered,Monthly-Pre-paid,54.98,No,Excellent,
DBW04193,2023-06-26,Monday,Borivali,Sion,0.5,DW131,Residential,Non-Veg,1.48,39,Delivered,Digital,15.73,Yes,Average,
DBW04194,2022-01-29,Saturday,Bandra,Churchgate,20.09,DW001,Corporate,Mix,2.06,67,Delivered,Monthly-Pre-paid,198.87,Yes,Good,
DBW04195,2023-02-17,Friday,Malad,Kurla,4.86,DW003,Corporate,Mix,1.42,41,Delivered,Monthly-Pre-paid,48.01,Yes,Average,
DBW04196,2022-12-28,Wednesday,Andheri,Chembur,4.86,DW136,Residential,Veg,2.06,31,Delivered,Cash,66.24,No,Average,
DBW04197,2023-02-09,Thursday,Andheri,Dadar,5.91,DW088,Residential,Non-Veg,2.46,41,Delivered,Digital,69.95,No,Excellent,
DBW04198,2022-04-01,Friday,Kurla,Sion,4.87,DW027,School,Veg,1.99,40,Delivered,Monthly-Pre-paid,74.85,Yes,nan,
DBW04199,2023-11-27,Monday,Goregaon,Lower Parel,9.65,DW144,Corporate,Mix,1.96,51,Delivered,Digital,98.2,Yes,nan,
DBW04200,2022-06-24,Friday,Kurla,Malad,6.17,DW085,Residential,Non-Veg,2.26,40,Delivered,Digital,74.46,Yes,Excellent,
DBW04201,2023-05-11,Thursday,Lower Parel,Thane,15.04,DW096,Residential,Mix,2.69,58,Delivered,Digital,136.62,No,Excellent,
DBW04202,2023-06-30,Friday,Vikhroli,Ghatkopar,14.85,DW102,Corporate,Veg,1.75,57,Delivered,Cash,145.1,No,Poor,
DBW04203,2022-09-09,Friday,Kurla,Thane,3.03,DW031,Hospital,Veg,2.06,27,Delivered,Cash,57.47,No,Average,
DBW04204,2022-04-06,Wednesday,Worli,Ghatkopar,21.53,DW054,Corporate,Mix,2.56,85,Returned,Digital,197.01,No,nan,Damaged
DBW04205,2022-08-05,Friday,Bandra,Sion,18.06,DW020,Hospital,Non-Veg,2.13,58,Delivered,Digital,169.75,No,Excellent,
DBW04206,2023-08-13,Sunday,Borivali,Thane,3.67,DW080,Residential,Veg,0.8,9,Delivered,Cash,61.81,No,Average,
DBW04207,2023-10-24,Tuesday,Malad,Borivali,10.85,DW149,Corporate,Mix,1.44,43,Delivered,Cash,131.82,No,Good,
DBW04208,2023-11-15,Wednesday,Andheri,Bandra,10.04,DW095,Residential,Non-Veg,2.18,47,Delivered,Cash,121.46,No,Good,
DBW04209,2022-06-15,Wednesday,Thane,Lower Parel,15.45,DW104,Corporate,Veg,1.6,51,Delivered,Monthly-Pre-paid,134.16,No,Excellent,
DBW04210,2023-03-19,Sunday,Kurla,Bandra,11.22,DW030,Residential,Veg,2.52,38,Delivered,Monthly-Pre-paid,131.26,No,Average,
DBW04211,2022-04-21,Thursday,Lower Parel,Chembur,18.97,DW082,Hospital,Mix,2.73,68,Delivered,Monthly-Pre-paid,202.29,No,Good,
DBW04212,2023-06-03,Saturday,Sion,Borivali,0.7,DW150,Residential,Veg,1.5,25,Delivered,Monthly-Pre-paid,46.15,Yes,Excellent,
DBW04213,2022-10-31,Monday,Kurla,Thane,4.45,DW014,Corporate,Non-Veg,1.28,38,Delivered,Monthly-Pre-paid,29.38,No,Poor,
DBW04214,2023-06-05,Monday,Ghatkopar,Lower Parel,4.77,DW031,Corporate,Veg,1.62,41,Delivered,Monthly-Pre-paid,72.16,No,Excellent,
DBW04215,2023-05-16,Tuesday,Kurla,Goregaon,16.86,DW108,Residential,Mix,1.59,65,Delivered,Cash,185.6,No,Good,
DBW04216,2023-12-26,Tuesday,Worli,Kurla,12.25,DW002,Residential,Mix,2.57,42,Delivered,Digital,121.24,Yes,Excellent,
DBW04217,2022-12-23,Friday,Vikhroli,Ghatkopar,12.56,DW031,Residential,Mix,1.28,53,Delivered,Monthly-Pre-paid,173.98,No,Average,
DBW04218,2022-09-07,Wednesday,Chembur,Andheri,4.47,DW142,Corporate,Mix,2.17,37,Delivered,Digital,33.09,Yes,Good,
DBW04219,2023-01-20,Friday,Bandra,Dadar,6.57,DW003,Residential,Veg,2.49,58,Delivered,Cash,84.74,No,nan,
DBW04220,2022-04-29,Friday,Kurla,Andheri,8.11,DW065,Residential,Mix,2.21,50,Delivered,Cash,105.73,No,Average,
DBW04221,2022-03-23,Wednesday,Dadar,Vikhroli,8.9,DW050,Residential,Veg,2.02,45,Delivered,Digital,103.8,No,nan,
DBW04222,2023-01-14,Saturday,Ghatkopar,Worli,20.53,DW060,Corporate,Non-Veg,1.72,47,Delivered,Digital,196.53,No,Excellent,
DBW04223,2023-08-26,Saturday,Sion,Andheri,10.14,DW039,Residential,Mix,2.72,45,Delivered,Monthly-Pre-paid,95.56,No,Average,
DBW04224,2023-01-25,Wednesday,Andheri,Lower Parel,12.34,DW042,Corporate,Veg,1.68,48,Delivered,Monthly-Pre-paid,120.07,No,Poor,
DBW04225,2023-07-25,Tuesday,Thane,Malad,6.61,DW115,Hospital,Veg,2.27,49,Delivered,Cash,91.5,Yes,nan,
DBW04226,2022-05-10,Tuesday,Thane,Goregaon,18.7,DW004,Hospital,Veg,1.72,53,Delivered,Digital,147.9,No,Average,
DBW04227,2022-11-25,Friday,Dadar,Ghatkopar,10.3,DW020,Hospital,Non-Veg,0.88,38,Delivered,Monthly-Pre-paid,125.98,No,nan,
DBW04228,2023-03-24,Friday,Goregaon,Bandra,18.87,DW040,Corporate,Non-Veg,1.67,61,Delivered,Digital,179.24,Yes,Excellent,
DBW04229,2022-09-11,Sunday,Churchgate,Malad,16.74,DW124,Residential,Non-Veg,1.72,49,Delivered,Monthly-Pre-paid,172.17,No,Excellent,
DBW04230,2022-01-11,Tuesday,Churchgate,Churchgate,0.77,DW059,Hospital,Veg,1.73,14,Delivered,Cash,48.89,Yes,Good,
DBW04231,2022-02-23,Wednesday,Borivali,Thane,3.18,DW006,Corporate,Veg,1.47,45,Delayed,Cash,111.36,No,Good,
DBW04232,2023-11-09,Thursday,Malad,Goregaon,21.06,DW079,Corporate,Veg,2.11,83,Delayed,Monthly-Pre-paid,219.48,No,nan,
DBW04233,2023-03-18,Saturday,Ghatkopar,Lower Parel,2.74,DW095,Corporate,Veg,2.17,24,Delivered,Monthly-Pre-paid,33.9,No,Excellent,
DBW04234,2022-07-13,Wednesday,Andheri,Vikhroli,8.28,DW069,Residential,Non-Veg,1.65,41,Delivered,Cash,128.64,Yes,Good,
DBW04235,2022-07-08,Friday,Kurla,Thane,3.21,DW014,Corporate,Veg,1.64,34,Delivered,Monthly-Pre-paid,14.97,No,Good,
DBW04236,2022-01-29,Saturday,Thane,Dadar,9.38,DW132,Corporate,Veg,1.27,37,Delivered,Digital,98.39,No,Average,
DBW04237,2023-11-21,Tuesday,Goregaon,Lower Parel,9.79,DW129,Residential,Non-Veg,1.93,38,Delivered,Monthly-Pre-paid,110.92,No,Excellent,
DBW04238,2022-03-21,Monday,Borivali,Dadar,12.43,DW137,Residential,Non-Veg,2.49,54,Delivered,Cash,124.56,No,Poor,
DBW04239,2023-07-09,Sunday,Sion,Dadar,11.49,DW145,Hospital,Mix,2.49,43,Delivered,Digital,126.12,No,nan,
DBW04240,2022-06-25,Saturday,Chembur,Bandra,14.11,DW048,Residential,Non-Veg,1.5,53,Delivered,Cash,140.37,No,Good,
DBW04241,2022-09-03,Saturday,Bandra,Dadar,5.96,DW064,Hospital,Mix,2.8,17,Delivered,Digital,96.92,Yes,Excellent,
DBW04242,2022-07-19,Tuesday,Andheri,Dadar,6.56,DW144,Residential,Mix,1.62,42,Delivered,Digital,75.21,Yes,Excellent,
DBW04243,2023-08-25,Friday,Vikhroli,Goregaon,13.82,DW068,Hospital,Non-Veg,1.29,60,Delayed,Monthly-Pre-paid,138.79,No,Good,
DBW04244,2022-01-24,Monday,Worli,Vikhroli,6.77,DW130,Corporate,Non-Veg,1.12,35,Delivered,Digital,110.71,No,Excellent,
DBW04245,2022-09-15,Thursday,Churchgate,Malad,16.05,DW098,Hospital,Veg,1.26,62,Delivered,Cash,172.94,Yes,Good,
DBW04246,2022-07-23,Saturday,Sion,Bandra,17.92,DW140,Hospital,Mix,1.97,57,Delivered,Digital,170.85,No,Good,
DBW04247,2022-07-19,Tuesday,Lower Parel,Malad,15.88,DW002,Residential,Mix,1.67,45,Delivered,Digital,164.15,No,Excellent,
DBW04248,2022-05-21,Saturday,Vikhroli,Ghatkopar,14.22,DW106,Corporate,Non-Veg,1.48,49,Delivered,Cash,171.86,Yes,Poor,
DBW04249,2023-10-29,Sunday,Thane,Goregaon,18.34,DW121,Corporate,Non-Veg,1.38,55,Delivered,Cash,155.95,Yes,Average,
DBW04250,2022-10-04,Tuesday,Vikhroli,Goregaon,14.94,DW030,Corporate,Veg,1.26,56,Delivered,Monthly-Pre-paid,133.21,No,Average,
DBW04251,2022-11-02,Wednesday,Vikhroli,Borivali,4.86,DW111,Corporate,Non-Veg,1.36,37,Delivered,Digital,60.24,Yes,Average,
DBW04252,2022-10-09,Sunday,Borivali,Dadar,12.49,DW030,Corporate,Veg,2.31,38,Delivered,Monthly-Pre-paid,133.18,Yes,Poor,
DBW04253,2023-12-17,Sunday,Andheri,Sion,10.33,DW136,Corporate,Veg,2.7,42,Delivered,Cash,127.19,No,Average,
DBW04254,2022-09-05,Monday,Sion,Sion,1.28,DW137,Corporate,Veg,2.73,23,Delivered,Monthly-Pre-paid,28.77,No,Excellent,
DBW04255,2022-09-07,Wednesday,Churchgate,Thane,11.8,DW001,Hospital,Non-Veg,2.14,55,Delivered,Monthly-Pre-paid,110.28,Yes,Good,
DBW04256,2022-08-28,Sunday,Lower Parel,Bandra,11.04,DW077,Residential,Non-Veg,1.55,46,Delivered,Cash,98.62,Yes,Good,
DBW04257,2022-08-27,Saturday,Thane,Lower Parel,14.81,DW058,Hospital,Non-Veg,1.47,35,Delivered,Monthly-Pre-paid,134.32,No,Excellent,
DBW04258,2022-03-07,Monday,Malad,Andheri,0.73,DW134,Corporate,Mix,2.18,17,Delivered,Monthly-Pre-paid,25.98,No,nan,
DBW04259,2023-03-18,Saturday,Chembur,Goregaon,25.82,DW049,Corporate,Non-Veg,1.68,65,Delivered,Monthly-Pre-paid,204.07,No,Good,
DBW04260,2022-01-19,Wednesday,Goregaon,Sion,18.05,DW109,Corporate,Mix,2.01,74,Delivered,Monthly-Pre-paid,165.97,No,Average,
DBW04261,2022-06-14,Tuesday,Ghatkopar,Malad,17.51,DW018,Hospital,Veg,2.77,52,Delivered,Monthly-Pre-paid,154.32,No,nan,
DBW04262,2022-05-28,Saturday,Worli,Andheri,15.41,DW032,Corporate,Veg,1.91,53,Delivered,Digital,150.85,No,Good,
DBW04263,2022-08-01,Monday,Malad,Malad,0.5,DW148,Residential,Non-Veg,2.94,30,Delivered,Cash,59.47,Yes,Good,
DBW04264,2023-07-07,Friday,Ghatkopar,Malad,17.14,DW058,Corporate,Veg,1.24,65,Delivered,Cash,143.23,Yes,Excellent,
DBW04265,2023-03-14,Tuesday,Andheri,Borivali,10.34,DW115,Corporate,Mix,2.02,49,Delivered,Cash,127.95,No,Poor,
DBW04266,2023-12-25,Monday,Lower Parel,Kurla,10.46,DW146,Corporate,Veg,1.96,42,Delivered,Cash,138.71,No,Average,
DBW04267,2022-09-14,Wednesday,Worli,Ghatkopar,18.44,DW145,Residential,Mix,1.31,71,Delivered,Monthly-Pre-paid,192.02,No,Poor,
DBW04268,2023-11-09,Thursday,Chembur,Kurla,8.96,DW003,Corporate,Mix,2.2,53,Returned,Monthly-Pre-paid,106.82,No,Excellent,nan
DBW04269,2022-02-02,Wednesday,Dadar,Kurla,4.74,DW035,Hospital,Non-Veg,2.57,49,Delayed,Cash,87.62,No,Average,
DBW04270,2023-01-04,Wednesday,Malad,Lower Parel,14.61,DW108,Corporate,Veg,2.9,62,Delivered,Digital,156.38,Yes,Good,
DBW04271,2023-08-07,Monday,Goregaon,Borivali,17.86,DW140,Corporate,Non-Veg,2.01,68,Delivered,Monthly-Pre-paid,189.54,Yes,Good,
DBW04272,2023-01-24,Tuesday,Chembur,Sion,13.05,DW147,Corporate,Non-Veg,0.85,46,Delivered,Monthly-Pre-paid,136.19,No,Poor,
DBW04273,2023-11-13,Monday,Chembur,Worli,18.22,DW109,School,Non-Veg,2.04,75,Delivered,Monthly-Pre-paid,159.84,No,Poor,
DBW04274,2022-08-18,Thursday,Borivali,Vikhroli,5.69,DW016,Residential,Veg,2.17,47,Delivered,Monthly-Pre-paid,93.01,Yes,Average,
DBW04275,2022-01-25,Tuesday,Lower Parel,Churchgate,14.1,DW112,Residential,Veg,1.68,55,Delivered,Monthly-Pre-paid,181.94,Yes,Excellent,
DBW04276,2023-07-19,Wednesday,Borivali,Borivali,0.54,DW041,Residential,Mix,1.91,24,Delivered,Monthly-Pre-paid,29.21,No,Good,
DBW04277,2022-02-19,Saturday,Kurla,Sion,5.14,DW122,Hospital,Veg,1.56,16,Delivered,Monthly-Pre-paid,71.45,No,Excellent,
DBW04278,2023-07-13,Thursday,Lower Parel,Thane,14.71,DW083,Corporate,Non-Veg,1.73,53,Delivered,Digital,149.37,No,Good,
DBW04279,2023-06-20,Tuesday,Dadar,Worli,13.38,DW028,Residential,Mix,2.31,55,Delivered,Cash,114.97,No,Average,
DBW04280,2023-09-09,Saturday,Kurla,Worli,9.81,DW127,Hospital,Veg,2.49,31,Delivered,Monthly-Pre-paid,95.76,No,Good,
DBW04281,2022-12-16,Friday,Bandra,Ghatkopar,8.4,DW149,Corporate,Mix,1.16,69,Delayed,Cash,101.8,Yes,Good,
DBW04282,2023-10-16,Monday,Andheri,Worli,13.55,DW076,Corporate,Non-Veg,1.54,50,Delivered,Cash,136.97,No,Excellent,
DBW04283,2022-05-04,Wednesday,Borivali,Worli,5.34,DW122,Residential,Non-Veg,1.01,39,Delivered,Cash,72.97,No,Excellent,
DBW04284,2022-11-14,Monday,Vikhroli,Lower Parel,11.12,DW009,Corporate,Mix,2.72,58,Delivered,Monthly-Pre-paid,119.38,No,Good,
DBW04285,2022-03-30,Wednesday,Vikhroli,Dadar,7.65,DW041,Corporate,Mix,2.24,37,Delivered,Monthly-Pre-paid,89.47,Yes,Excellent,
DBW04286,2023-07-14,Friday,Worli,Worli,1.63,DW020,Corporate,Non-Veg,0.8,20,Delivered,Digital,31.53,No,Good,
DBW04287,2023-06-06,Tuesday,Thane,Bandra,15.98,DW043,Corporate,Veg,1.77,79,Delayed,Cash,164.38,No,Excellent,
DBW04288,2023-08-12,Saturday,Malad,Dadar,5.96,DW057,Residential,Mix,1.66,33,Delivered,Cash,82.58,Yes,Good,
DBW04289,2023-07-12,Wednesday,Lower Parel,Thane,14.04,DW065,Residential,Veg,1.42,63,Delayed,Digital,129.1,No,Good,
DBW04290,2022-08-14,Sunday,Worli,Andheri,16.37,DW049,Residential,Mix,2.32,39,Delivered,Digital,167.17,Yes,Good,
DBW04291,2022-02-19,Saturday,Worli,Andheri,14.81,DW082,Residential,Non-Veg,2.31,54,Delivered,Monthly-Pre-paid,139.15,No,Good,
DBW04292,2023-11-10,Friday,Kurla,Vikhroli,3.88,DW033,Corporate,Non-Veg,1.93,43,Returned,Monthly-Pre-paid,70.82,No,nan,nan
DBW04293,2022-12-26,Monday,Churchgate,Malad,18.24,DW053,Residential,Mix,1.48,76,Delivered,Digital,175.31,No,Excellent,
DBW04294,2022-03-10,Thursday,Malad,Lower Parel,12.47,DW127,Hospital,Mix,1.48,46,Delivered,Digital,135.67,No,Poor,
DBW04295,2023-11-08,Wednesday,Thane,Goregaon,20.04,DW085,Corporate,Veg,1.82,58,Delivered,Cash,192.94,No,nan,
DBW04296,2023-12-27,Wednesday,Chembur,Lower Parel,19.41,DW005,Residential,Mix,1.57,67,Delivered,Cash,184.44,Yes,nan,
DBW04297,2022-11-22,Tuesday,Vikhroli,Ghatkopar,15.3,DW050,Hospital,Non-Veg,1.8,54,Delivered,Digital,157.34,No,Poor,
DBW04298,2023-07-17,Monday,Malad,Kurla,4.01,DW125,Residential,Non-Veg,2.08,37,Delivered,Cash,74.72,No,Poor,
DBW04299,2022-01-27,Thursday,Thane,Malad,6.59,DW028,Corporate,Non-Veg,1.03,50,Delayed,Cash,84.51,No,Excellent,
DBW04300,2022-03-10,Thursday,Worli,Churchgate,2.86,DW139,Corporate,Mix,1.42,21,Delivered,Monthly-Pre-paid,54.45,Yes,Excellent,
DBW04301,2022-07-21,Thursday,Borivali,Vikhroli,5.85,DW045,Residential,Veg,1.78,48,Delayed,Cash,71.52,No,Average,
DBW04302,2023-04-25,Tuesday,Andheri,Chembur,5.71,DW095,Residential,Non-Veg,2.58,40,Delivered,Cash,48.37,No,Good,
DBW04303,2022-04-08,Friday,Ghatkopar,Lower Parel,1.14,DW072,Residential,Mix,2.22,38,Delivered,Monthly-Pre-paid,39.63,No,Average,
DBW04304,2022-01-25,Tuesday,Churchgate,Chembur,18.67,DW094,Residential,Non-Veg,1.8,74,Delivered,Cash,160.34,Yes,Excellent,
DBW04305,2023-05-04,Thursday,Goregaon,Bandra,19.91,DW120,Corporate,Non-Veg,2.0,68,Delivered,Cash,180.82,No,Good,
DBW04306,2023-07-17,Monday,Chembur,Vikhroli,11.28,DW023,Residential,Non-Veg,1.75,49,Delivered,Monthly-Pre-paid,107.22,Yes,Average,
DBW04307,2023-06-24,Saturday,Andheri,Chembur,5.44,DW053,Residential,Non-Veg,2.34,39,Delivered,Cash,62.75,No,Average,
DBW04308,2023-08-07,Monday,Lower Parel,Malad,13.65,DW086,School,Mix,2.02,69,Delivered,Cash,129.36,No,Good,
DBW04309,2023-08-10,Thursday,Churchgate,Lower Parel,11.68,DW040,Residential,Mix,2.44,57,Delivered,Digital,130.74,No,Excellent,
DBW04310,2023-03-16,Thursday,Borivali,Andheri,11.84,DW057,Corporate,Mix,1.12,47,Delivered,Cash,129.71,Yes,Poor,
DBW04311,2023-01-15,Sunday,Dadar,Worli,14.0,DW133,Residential,Veg,1.4,58,Delayed,Digital,143.64,No,Poor,
DBW04312,2023-09-18,Monday,Borivali,Goregaon,17.95,DW035,Residential,Veg,1.94,73,Delivered,Digital,191.73,Yes,Excellent,
DBW04313,2022-09-12,Monday,Sion,Lower Parel,16.91,DW029,Corporate,Mix,2.05,54,Delivered,Cash,211.13,No,Average,
DBW04314,2022-03-13,Sunday,Worli,Malad,16.03,DW088,Residential,Non-Veg,3.0,46,Delivered,Digital,165.88,Yes,Excellent,
DBW04315,2023-07-03,Monday,Chembur,Andheri,6.39,DW015,Corporate,Non-Veg,0.9,40,Delivered,Cash,94.72,No,Good,
DBW04316,2022-07-21,Thursday,Vikhroli,Lower Parel,10.72,DW001,Corporate,Non-Veg,1.78,54,Delivered,Digital,119.96,No,Good,
DBW04317,2023-12-16,Saturday,Worli,Thane,8.57,DW131,Residential,Non-Veg,1.76,58,Delayed,Digital,108.27,No,Good,
DBW04318,2022-10-30,Sunday,Sion,Lower Parel,16.69,DW042,Corporate,Mix,1.92,57,Delivered,Cash,139.13,No,Good,
DBW04319,2023-09-14,Thursday,Churchgate,Lower Parel,12.87,DW019,Residential,Non-Veg,2.67,50,Delivered,Monthly-Pre-paid,92.37,No,Good,
DBW04320,2022-01-31,Monday,Worli,Dadar,14.44,DW099,Residential,Non-Veg,2.24,60,Delivered,Digital,113.82,No,Average,
DBW04321,2023-04-27,Thursday,Goregaon,Bandra,17.85,DW073,Hospital,Non-Veg,1.0,57,Delivered,Cash,163.42,No,Good,
DBW04322,2022-11-24,Thursday,Goregaon,Dadar,16.58,DW069,Residential,Veg,2.57,67,Delivered,Digital,183.18,No,Good,
DBW04323,2022-12-04,Sunday,Chembur,Vikhroli,11.84,DW066,Residential,Mix,2.55,46,Delivered,Monthly-Pre-paid,128.54,No,Good,
DBW04324,2022-07-13,Wednesday,Goregaon,Vikhroli,13.73,DW022,Corporate,Veg,1.93,52,Delivered,Digital,134.01,Yes,nan,
DBW04325,2023-12-10,Sunday,Chembur,Ghatkopar,18.57,DW129,School,Veg,0.99,37,Delivered,Digital,187.11,No,Average,
DBW04326,2022-10-14,Friday,Churchgate,Lower Parel,13.82,DW001,Corporate,Veg,1.72,70,Delivered,Cash,145.84,No,Poor,
DBW04327,2023-09-13,Wednesday,Malad,Worli,14.85,DW073,Residential,Veg,2.03,60,Delivered,Cash,128.44,No,Good,
DBW04328,2022-11-07,Monday,Sion,Lower Parel,18.47,DW041,Residential,Veg,2.3,68,Delivered,Cash,184.8,Yes,Good,
DBW04329,2022-02-05,Saturday,Andheri,Malad,0.5,DW097,Corporate,Veg,0.91,12,Delivered,Cash,46.48,Yes,Excellent,
DBW04330,2023-10-04,Wednesday,Andheri,Dadar,7.59,DW083,Residential,Veg,1.42,34,Delivered,Digital,122.27,No,Poor,
DBW04331,2022-05-16,Monday,Worli,Sion,6.41,DW058,Residential,Mix,2.35,30,Delivered,Digital,80.11,No,Average,
DBW04332,2022-07-17,Sunday,Thane,Bandra,17.38,DW081,Corporate,Veg,2.55,49,Delivered,Cash,194.42,No,Poor,
DBW04333,2023-09-21,Thursday,Chembur,Thane,6.56,DW035,Corporate,Mix,2.02,31,Delivered,Digital,76.45,Yes,Average,
DBW04334,2023-10-15,Sunday,Dadar,Bandra,6.84,DW020,Corporate,Mix,2.37,25,Delivered,Monthly-Pre-paid,119.64,No,Excellent,
DBW04335,2023-11-01,Wednesday,Worli,Vikhroli,8.06,DW136,School,Mix,2.03,40,Delivered,Monthly-Pre-paid,85.52,No,Good,
DBW04336,2022-11-07,Monday,Thane,Goregaon,20.15,DW093,Residential,Non-Veg,2.28,68,Delivered,Monthly-Pre-paid,200.81,Yes,Good,
DBW04337,2023-07-07,Friday,Lower Parel,Malad,15.11,DW099,Corporate,Veg,1.87,50,Delivered,Digital,155.21,Yes,Good,
DBW04338,2022-08-28,Sunday,Churchgate,Lower Parel,12.25,DW150,Residential,Non-Veg,2.04,50,Delivered,Digital,150.37,Yes,Average,
DBW04339,2023-06-25,Sunday,Malad,Ghatkopar,15.32,DW136,Residential,Non-Veg,1.19,53,Delivered,Cash,172.89,No,Good,
DBW04340,2023-01-02,Monday,Worli,Dadar,15.19,DW088,Residential,Mix,2.16,67,Delivered,Monthly-Pre-paid,135.91,Yes,Average,
DBW04341,2022-02-07,Monday,Andheri,Kurla,5.14,DW119,Residential,Veg,1.17,49,Delayed,Digital,66.1,No,Excellent,
DBW04342,2022-11-01,Tuesday,Bandra,Goregaon,19.69,DW080,Corporate,Veg,2.16,73,Delivered,Digital,219.38,Yes,Good,
DBW04343,2022-12-08,Thursday,Kurla,Bandra,12.36,DW036,Corporate,Non-Veg,1.58,47,Delivered,Cash,130.39,No,Excellent,
DBW04344,2022-07-07,Thursday,Andheri,Bandra,9.09,DW094,Residential,Mix,1.98,57,Delivered,Cash,114.96,No,Good,
DBW04345,2022-10-01,Saturday,Bandra,Lower Parel,9.72,DW137,Residential,Veg,1.32,25,Delivered,Monthly-Pre-paid,91.73,No,Good,
DBW04346,2023-01-02,Monday,Kurla,Vikhroli,2.22,DW132,Residential,Mix,1.55,29,Delivered,Digital,44.09,Yes,Excellent,
DBW04347,2022-02-06,Sunday,Goregaon,Ghatkopar,12.27,DW076,Corporate,Mix,1.98,42,Delivered,Digital,117.52,No,nan,
DBW04348,2022-04-21,Thursday,Borivali,Vikhroli,5.47,DW142,Hospital,Non-Veg,2.18,45,Returned,Monthly-Pre-paid,87.69,Yes,Good,nan
DBW04349,2023-07-14,Friday,Thane,Ghatkopar,18.42,DW030,Corporate,Non-Veg,2.35,74,Delivered,Cash,188.44,No,Average,
DBW04350,2022-09-14,Wednesday,Ghatkopar,Churchgate,18.15,DW007,Residential,Non-Veg,1.22,54,Delivered,Cash,193.56,Yes,Average,
DBW04351,2023-03-21,Tuesday,Malad,Goregaon,22.02,DW061,Corporate,Mix,1.05,73,Delivered,Monthly-Pre-paid,189.88,No,Good,
DBW04352,2023-02-18,Saturday,Borivali,Malad,12.13,DW031,Residential,Veg,1.31,45,Delivered,Digital,135.23,Yes,Average,
DBW04353,2023-02-07,Tuesday,Lower Parel,Bandra,8.88,DW144,School,Veg,1.27,46,Delivered,Digital,101.31,No,Average,
DBW04354,2022-10-29,Saturday,Ghatkopar,Andheri,13.39,DW018,Corporate,Non-Veg,2.58,40,Delivered,Digital,100.48,No,Poor,
DBW04355,2022-12-19,Monday,Andheri,Lower Parel,14.99,DW081,Residential,Veg,2.47,65,Delivered,Monthly-Pre-paid,156.86,Yes,Excellent,
DBW04356,2023-08-25,Friday,Borivali,Vikhroli,4.32,DW116,Residential,Non-Veg,1.3,25,Delivered,Cash,83.94,No,Excellent,
DBW04357,2023-12-06,Wednesday,Borivali,Thane,4.95,DW017,Corporate,Mix,2.66,34,Delivered,Monthly-Pre-paid,93.19,No,Good,
DBW04358,2022-07-07,Thursday,Chembur,Vikhroli,11.49,DW007,Corporate,Non-Veg,2.44,46,Delivered,Digital,121.38,No,Good,
DBW04359,2023-05-04,Thursday,Goregaon,Worli,13.18,DW084,Residential,Mix,0.99,41,Delivered,Monthly-Pre-paid,147.86,No,Excellent,
DBW04360,2023-12-09,Saturday,Chembur,Dadar,9.99,DW136,Corporate,Non-Veg,1.28,37,Delivered,Monthly-Pre-paid,118.07,Yes,Good,
DBW04361,2022-01-06,Thursday,Sion,Kurla,4.81,DW003,Corporate,Veg,0.97,37,Delivered,Cash,57.11,Yes,Average,
DBW04362,2023-07-27,Thursday,Andheri,Lower Parel,12.47,DW004,Hospital,Non-Veg,1.76,43,Delivered,Cash,116.3,No,Poor,
DBW04363,2022-12-29,Thursday,Vikhroli,Goregaon,13.31,DW139,Residential,Non-Veg,1.81,59,Delivered,Cash,135.78,Yes,Excellent,
DBW04364,2023-12-08,Friday,Dadar,Thane,11.35,DW091,Residential,Veg,1.81,57,Delivered,Cash,117.24,No,Good,
DBW04365,2023-02-27,Monday,Vikhroli,Malad,8.97,DW106,Residential,Non-Veg,0.79,43,Delivered,Digital,103.06,Yes,Excellent,
DBW04366,2023-09-04,Monday,Borivali,Chembur,11.61,DW042,Residential,Veg,1.09,49,Delivered,Cash,116.64,No,nan,
DBW04367,2022-05-02,Monday,Lower Parel,Lower Parel,0.5,DW047,Residential,Mix,1.93,32,Delivered,Monthly-Pre-paid,37.19,No,Excellent,
DBW04368,2022-04-14,Thursday,Bandra,Borivali,19.46,DW071,Corporate,Non-Veg,2.11,70,Delivered,Monthly-Pre-paid,169.69,No,Excellent,
DBW04369,2023-11-08,Wednesday,Dadar,Vikhroli,6.76,DW033,Corporate,Veg,0.79,31,Delivered,Digital,106.93,No,Good,
DBW04370,2023-01-20,Friday,Borivali,Dadar,13.11,DW067,Residential,Veg,1.16,47,Delivered,Digital,107.57,Yes,Excellent,
DBW04371,2023-02-12,Sunday,Churchgate,Churchgate,0.5,DW144,School,Non-Veg,2.31,25,Delivered,Cash,32.78,No,Average,
DBW04372,2022-05-05,Thursday,Kurla,Malad,7.28,DW113,Corporate,Mix,1.19,39,Delivered,Digital,85.17,Yes,Excellent,
DBW04373,2022-06-15,Wednesday,Worli,Goregaon,13.48,DW131,School,Non-Veg,1.79,51,Delivered,Cash,135.8,Yes,Good,
DBW04374,2023-08-21,Monday,Borivali,Dadar,12.16,DW075,Residential,Mix,1.14,53,Delivered,Monthly-Pre-paid,114.61,Yes,Excellent,
DBW04375,2022-08-10,Wednesday,Bandra,Bandra,0.5,DW119,Residential,Veg,2.22,19,Delivered,Cash,11.33,No,Average,
DBW04376,2023-03-03,Friday,Chembur,Sion,9.81,DW064,Corporate,Mix,0.79,43,Delivered,Monthly-Pre-paid,112.07,No,Excellent,
DBW04377,2022-08-20,Saturday,Sion,Chembur,9.37,DW093,Corporate,Non-Veg,1.65,27,Delivered,Monthly-Pre-paid,101.88,Yes,Excellent,
DBW04378,2022-07-12,Tuesday,Malad,Andheri,0.5,DW110,Residential,Veg,2.27,21,Delivered,Cash,39.77,No,Poor,
DBW04379,2022-05-02,Monday,Worli,Sion,7.19,DW124,Corporate,Veg,2.11,46,Delivered,Digital,62.73,Yes,nan,
DBW04380,2023-11-10,Friday,Vikhroli,Kurla,2.05,DW139,Corporate,Non-Veg,1.57,32,Delivered,Monthly-Pre-paid,72.14,No,Good,
DBW04381,2023-11-18,Saturday,Thane,Ghatkopar,16.98,DW016,Corporate,Veg,1.45,53,Delivered,Monthly-Pre-paid,164.61,Yes,Good,
DBW04382,2022-03-26,Saturday,Andheri,Bandra,7.98,DW120,School,Non-Veg,1.68,33,Delivered,Digital,48.21,No,Average,
DBW04383,2022-09-15,Thursday,Lower Parel,Goregaon,9.18,DW107,Corporate,Non-Veg,1.16,40,Delivered,Digital,106.27,Yes,Average,
DBW04384,2023-02-16,Thursday,Bandra,Kurla,12.24,DW111,Residential,Mix,1.75,56,Delivered,Cash,120.82,No,Good,
DBW04385,2022-10-07,Friday,Thane,Borivali,4.71,DW003,Corporate,Non-Veg,1.76,39,Delivered,Cash,50.69,No,Good,
DBW04386,2023-06-11,Sunday,Churchgate,Churchgate,1.03,DW074,Corporate,Mix,1.59,9,Delivered,Cash,56.74,No,Average,
DBW04387,2022-07-09,Saturday,Ghatkopar,Andheri,15.47,DW145,Corporate,Veg,2.3,51,Delivered,Cash,167.69,Yes,Good,
DBW04388,2022-02-12,Saturday,Bandra,Malad,11.74,DW136,Residential,Non-Veg,1.26,33,Delivered,Digital,129.05,No,Good,
DBW04389,2022-09-03,Saturday,Churchgate,Kurla,9.31,DW035,Residential,Non-Veg,0.95,49,Delayed,Monthly-Pre-paid,105.65,No,Good,
DBW04390,2023-03-13,Monday,Malad,Malad,0.5,DW073,Corporate,Veg,1.54,30,Delivered,Monthly-Pre-paid,41.57,Yes,Poor,
DBW04391,2022-05-12,Thursday,Churchgate,Ghatkopar,17.28,DW130,Hospital,Mix,1.86,55,Delivered,Digital,144.55,No,Good,
DBW04392,2023-08-19,Saturday,Goregaon,Chembur,23.96,DW140,Corporate,Non-Veg,1.75,74,Delivered,Digital,224.56,No,Good,
DBW04393,2022-01-09,Sunday,Bandra,Bandra,0.86,DW050,Hospital,Mix,1.72,16,Delivered,Monthly-Pre-paid,55.45,Yes,Average,
DBW04394,2022-02-19,Saturday,Sion,Andheri,11.15,DW121,Corporate,Mix,1.24,39,Delivered,Digital,134.77,No,Good,
DBW04395,2023-01-07,Saturday,Worli,Thane,11.59,DW126,Hospital,Mix,1.31,25,Delivered,Digital,106.98,No,Good,
DBW04396,2023-01-09,Monday,Dadar,Lower Parel,8.19,DW023,School,Non-Veg,1.56,45,Delivered,Cash,98.32,No,Good,
DBW04397,2022-08-04,Thursday,Thane,Sion,4.81,DW005,Hospital,Mix,1.52,49,Delayed,Digital,51.6,No,Excellent,
DBW04398,2022-07-08,Friday,Thane,Sion,3.33,DW008,Corporate,Mix,2.35,39,Delivered,Cash,59.02,Yes,Poor,
DBW04399,2022-02-20,Sunday,Lower Parel,Goregaon,9.47,DW022,Residential,Mix,1.93,35,Delivered,Digital,94.45,Yes,Excellent,
DBW04400,2023-04-29,Saturday,Vikhroli,Lower Parel,10.79,DW112,Hospital,Mix,1.53,35,Delivered,Monthly-Pre-paid,103.26,Yes,nan,
DBW04401,2022-10-04,Tuesday,Goregaon,Worli,11.98,DW059,Residential,Mix,2.35,46,Delivered,Monthly-Pre-paid,131.23,No,nan,
DBW04402,2022-03-28,Monday,Lower Parel,Borivali,17.74,DW103,Corporate,Mix,2.02,68,Delivered,Monthly-Pre-paid,161.03,Yes,Poor,
DBW04403,2022-10-19,Wednesday,Bandra,Ghatkopar,8.97,DW014,Residential,Veg,1.12,44,Delivered,Digital,89.87,No,Excellent,
DBW04404,2023-11-16,Thursday,Ghatkopar,Goregaon,12.18,DW091,Corporate,Non-Veg,0.5,38,Delivered,Digital,132.75,No,Excellent,
DBW04405,2022-07-10,Sunday,Kurla,Kurla,1.3,DW112,Residential,Non-Veg,1.14,34,Delayed,Digital,18.21,Yes,Average,
DBW04406,2023-10-16,Monday,Ghatkopar,Lower Parel,3.21,DW147,Corporate,Mix,2.1,35,Delivered,Cash,50.83,No,Excellent,
DBW04407,2022-07-08,Friday,Worli,Bandra,18.92,DW048,Residential,Mix,2.25,73,Delivered,Monthly-Pre-paid,158.28,No,nan,
DBW04408,2022-05-16,Monday,Sion,Vikhroli,6.14,DW082,Corporate,Mix,0.97,40,Delivered,Cash,58.76,No,Average,
DBW04409,2022-07-10,Sunday,Dadar,Malad,5.59,DW073,Corporate,Non-Veg,2.13,22,Delivered,Monthly-Pre-paid,92.26,No,Poor,
DBW04410,2022-08-24,Wednesday,Ghatkopar,Worli,19.04,DW053,Corporate,Mix,2.11,82,Delayed,Monthly-Pre-paid,176.1,Yes,nan,
DBW04411,2022-03-30,Wednesday,Andheri,Goregaon,20.37,DW096,School,Veg,2.5,78,Delivered,Monthly-Pre-paid,182.2,No,nan,
DBW04412,2023-03-05,Sunday,Borivali,Dadar,12.59,DW085,Residential,Mix,2.28,41,Delivered,Cash,143.5,No,Excellent,
DBW04413,2022-09-01,Thursday,Goregaon,Bandra,19.96,DW125,Residential,Veg,2.48,62,Delivered,Monthly-Pre-paid,213.93,No,nan,
DBW04414,2023-06-09,Friday,Borivali,Dadar,12.79,DW005,Residential,Non-Veg,2.04,60,Delivered,Cash,136.07,No,Excellent,
DBW04415,2022-12-25,Sunday,Dadar,Bandra,7.37,DW034,Residential,Mix,2.03,28,Delivered,Cash,104.31,Yes,Average,
DBW04416,2022-11-20,Sunday,Malad,Dadar,6.08,DW087,Corporate,Mix,1.63,36,Delayed,Monthly-Pre-paid,70.33,No,Average,
DBW04417,2022-12-10,Saturday,Ghatkopar,Kurla,15.03,DW087,Residential,Veg,2.21,50,Delivered,Digital,151.03,Yes,Excellent,
DBW04418,2022-04-25,Monday,Churchgate,Andheri,14.84,DW136,Corporate,Non-Veg,1.13,58,Delivered,Monthly-Pre-paid,148.83,Yes,Good,
DBW04419,2023-06-05,Monday,Thane,Worli,11.58,DW102,Residential,Non-Veg,1.73,61,Delivered,Digital,127.46,Yes,Average,
DBW04420,2022-03-18,Friday,Churchgate,Goregaon,7.96,DW001,Corporate,Mix,2.07,74,Delayed,Cash,108.19,No,Good,
DBW04421,2023-06-11,Sunday,Malad,Bandra,9.39,DW074,Hospital,Veg,2.5,58,Delayed,Cash,83.07,No,Average,
DBW04422,2023-12-31,Sunday,Sion,Sion,0.5,DW127,Residential,Mix,1.56,30,Delayed,Monthly-Pre-paid,20.65,No,Excellent,
DBW04423,2023-07-12,Wednesday,Malad,Ghatkopar,14.51,DW131,Corporate,Non-Veg,2.28,53,Delivered,Digital,138.77,No,Good,
DBW04424,2022-11-29,Tuesday,Lower Parel,Goregaon,9.58,DW121,Residential,Mix,1.7,40,Delivered,Cash,92.07,No,Average,
DBW04425,2022-08-18,Thursday,Ghatkopar,Thane,18.0,DW072,Corporate,Mix,2.29,65,Delivered,Cash,177.41,No,Excellent,
DBW04426,2023-09-29,Friday,Goregaon,Bandra,20.26,DW016,Corporate,Non-Veg,1.4,71,Delivered,Monthly-Pre-paid,195.32,No,Average,
DBW04427,2022-07-07,Thursday,Thane,Kurla,4.02,DW032,Hospital,Non-Veg,2.16,39,Delivered,Cash,63.05,Yes,Good,
DBW04428,2022-12-19,Monday,Malad,Andheri,0.56,DW128,Residential,Mix,1.75,26,Delivered,Cash,28.41,No,nan,
DBW04429,2023-07-17,Monday,Worli,Lower Parel,15.35,DW052,Residential,Mix,1.21,54,Delivered,Digital,173.04,No,nan,
DBW04430,2023-11-05,Sunday,Sion,Lower Parel,17.43,DW115,Residential,Mix,1.72,63,Delivered,Monthly-Pre-paid,172.69,Yes,Average,
DBW04431,2023-11-04,Saturday,Vikhroli,Churchgate,8.84,DW006,Corporate,Non-Veg,2.46,32,Delivered,Cash,98.48,Yes,Good,
DBW04432,2022-03-06,Sunday,Sion,Borivali,0.5,DW074,Corporate,Non-Veg,1.29,8,Delivered,Monthly-Pre-paid,35.0,Yes,Good,
DBW04433,2023-10-18,Wednesday,Lower Parel,Bandra,8.96,DW143,Residential,Veg,1.06,41,Delivered,Digital,112.83,Yes,Good,
DBW04434,2022-03-25,Friday,Dadar,Kurla,6.82,DW037,Residential,Non-Veg,2.0,50,Delivered,Monthly-Pre-paid,87.8,No,Average,
DBW04435,2023-03-03,Friday,Andheri,Ghatkopar,14.57,DW005,Corporate,Veg,0.96,51,Delivered,Digital,133.61,No,Good,
DBW04436,2023-11-10,Friday,Borivali,Vikhroli,4.28,DW044,Corporate,Mix,2.58,40,Delivered,Digital,90.68,No,Excellent,
DBW04437,2023-04-24,Monday,Dadar,Churchgate,13.86,DW010,Corporate,Veg,2.57,52,Delivered,Cash,147.83,No,Good,
DBW04438,2023-11-23,Thursday,Worli,Sion,5.71,DW092,Corporate,Mix,2.32,39,Delivered,Monthly-Pre-paid,58.37,No,Good,
DBW04439,2022-09-09,Friday,Churchgate,Thane,13.69,DW029,Corporate,Mix,1.79,43,Delivered,Cash,112.32,No,Poor,
DBW04440,2022-08-18,Thursday,Churchgate,Kurla,11.47,DW037,Corporate,Non-Veg,2.63,59,Delivered,Digital,132.06,No,Good,
DBW04441,2022-08-27,Saturday,Chembur,Goregaon,23.28,DW089,Residential,Mix,2.47,71,Delivered,Cash,235.65,Yes,Good,
DBW04442,2022-09-17,Saturday,Churchgate,Worli,3.61,DW049,Corporate,Non-Veg,1.53,16,Delivered,Digital,65.68,No,Good,
DBW04443,2023-05-14,Sunday,Dadar,Goregaon,14.25,DW098,Corporate,Mix,2.52,50,Delivered,Monthly-Pre-paid,153.17,Yes,Good,
DBW04444,2022-11-27,Sunday,Vikhroli,Thane,5.65,DW140,Residential,Mix,1.34,26,Delivered,Cash,84.76,No,Good,
DBW04445,2023-06-23,Friday,Malad,Dadar,6.66,DW140,Hospital,Veg,1.7,44,Delivered,Cash,83.37,Yes,Average,
DBW04446,2022-10-31,Monday,Churchgate,Worli,3.0,DW110,Corporate,Mix,0.9,29,Delivered,Monthly-Pre-paid,28.74,No,Poor,
DBW04447,2022-08-13,Saturday,Sion,Churchgate,8.26,DW146,Corporate,Mix,1.87,25,Delivered,Monthly-Pre-paid,85.64,No,Average,
DBW04448,2022-05-19,Thursday,Churchgate,Malad,17.4,DW111,Residential,Veg,1.65,77,Returned,Digital,181.09,No,Good,Wrong Address
DBW04449,2023-02-07,Tuesday,Sion,Lower Parel,16.5,DW011,Corporate,Veg,1.57,57,Delivered,Cash,170.76,Yes,Good,
DBW04450,2023-10-18,Wednesday,Chembur,Worli,17.28,DW144,Corporate,Veg,1.72,61,Delivered,Digital,165.29,No,Good,
DBW04451,2023-09-20,Wednesday,Thane,Sion,4.02,DW086,Residential,Mix,1.51,25,Delivered,Cash,53.9,No,Average,
DBW04452,2022-07-04,Monday,Sion,Ghatkopar,18.78,DW001,Corporate,Mix,1.82,72,Delivered,Digital,182.86,No,Poor,
DBW04453,2022-12-15,Thursday,Goregaon,Kurla,16.77,DW094,Hospital,Non-Veg,2.44,66,Delivered,Digital,158.98,No,Poor,
DBW04454,2023-05-30,Tuesday,Ghatkopar,Bandra,10.77,DW037,Hospital,Mix,1.27,51,Delivered,Monthly-Pre-paid,114.94,Yes,Poor,
DBW04455,2023-03-24,Friday,Borivali,Ghatkopar,20.76,DW081,Corporate,Mix,2.23,75,Delivered,Digital,198.06,No,Good,
DBW04456,2022-02-19,Saturday,Borivali,Ghatkopar,19.3,DW099,Corporate,Non-Veg,1.91,50,Delivered,Digital,172.71,Yes,Poor,
DBW04457,2023-03-08,Wednesday,Dadar,Borivali,11.68,DW005,School,Mix,1.99,60,Returned,Cash,135.46,Yes,Good,Customer Unavailable
DBW04458,2022-01-29,Saturday,Ghatkopar,Goregaon,9.67,DW066,Residential,Mix,1.78,37,Delivered,Digital,104.88,Yes,Excellent,
DBW04459,2022-03-27,Sunday,Churchgate,Sion,10.73,DW009,School,Mix,1.44,56,Delayed,Monthly-Pre-paid,123.14,Yes,Good,
DBW04460,2023-04-23,Sunday,Lower Parel,Andheri,13.8,DW017,Residential,Non-Veg,2.02,49,Delivered,Digital,141.36,No,Good,
DBW04461,2022-03-16,Wednesday,Goregaon,Ghatkopar,11.99,DW032,Corporate,Veg,2.06,63,Delivered,Digital,149.02,Yes,Average,
DBW04462,2022-09-05,Monday,Kurla,Lower Parel,10.67,DW118,Corporate,Veg,1.4,48,Delivered,Digital,123.49,Yes,Poor,
DBW04463,2023-03-06,Monday,Borivali,Vikhroli,4.17,DW062,Corporate,Mix,1.13,45,Delayed,Cash,69.51,Yes,Poor,
DBW04464,2023-04-24,Monday,Malad,Lower Parel,14.46,DW008,Hospital,Mix,1.84,61,Delivered,Digital,151.23,No,Average,
DBW04465,2022-11-22,Tuesday,Lower Parel,Andheri,12.93,DW113,Corporate,Mix,2.18,58,Delivered,Cash,164.66,No,Average,
DBW04466,2022-03-10,Thursday,Sion,Malad,11.56,DW082,Residential,Veg,2.3,62,Delivered,Monthly-Pre-paid,121.79,No,Excellent,
DBW04467,2023-08-07,Monday,Worli,Worli,0.5,DW022,Residential,Mix,2.4,29,Delivered,Cash,36.46,No,Excellent,
DBW04468,2023-11-25,Saturday,Sion,Andheri,11.91,DW085,Hospital,Veg,1.99,37,Delivered,Monthly-Pre-paid,126.82,No,Excellent,
DBW04469,2023-10-11,Wednesday,Thane,Malad,7.81,DW038,Residential,Non-Veg,1.67,37,Delivered,Digital,62.99,Yes,Good,
DBW04470,2023-07-01,Saturday,Bandra,Malad,10.56,DW096,Corporate,Mix,1.8,43,Delivered,Digital,115.91,No,Poor,
DBW04471,2022-10-21,Friday,Vikhroli,Borivali,3.24,DW143,Corporate,Veg,1.18,39,Delivered,Digital,71.17,No,Average,
DBW04472,2023-10-02,Monday,Andheri,Churchgate,15.11,DW048,Residential,Non-Veg,1.46,69,Delivered,Cash,158.61,No,Average,
DBW04473,2022-12-23,Friday,Bandra,Goregaon,18.75,DW112,Hospital,Mix,1.77,63,Delivered,Digital,202.66,No,Excellent,
DBW04474,2022-04-10,Sunday,Ghatkopar,Malad,16.32,DW004,Residential,Veg,1.67,41,Delivered,Digital,172.31,Yes,Average,
DBW04475,2023-09-13,Wednesday,Dadar,Worli,15.83,DW062,Residential,Veg,1.85,60,Delivered,Monthly-Pre-paid,164.13,Yes,Average,
DBW04476,2022-08-22,Monday,Churchgate,Chembur,18.8,DW134,Hospital,Non-Veg,1.11,64,Delivered,Monthly-Pre-paid,193.76,No,Good,
DBW04477,2023-11-17,Friday,Bandra,Vikhroli,13.27,DW012,Corporate,Mix,1.22,76,Delayed,Monthly-Pre-paid,141.63,No,Excellent,
DBW04478,2022-09-26,Monday,Sion,Bandra,16.21,DW140,Corporate,Non-Veg,2.19,68,Delivered,Monthly-Pre-paid,155.48,No,Average,
DBW04479,2023-09-27,Wednesday,Andheri,Thane,8.57,DW015,Hospital,Non-Veg,1.38,36,Delivered,Monthly-Pre-paid,96.61,No,Excellent,
DBW04480,2023-01-28,Saturday,Vikhroli,Dadar,6.55,DW073,Residential,Non-Veg,1.46,33,Delivered,Cash,46.68,No,Good,
DBW04481,2022-12-08,Thursday,Worli,Malad,18.91,DW028,Hospital,Veg,1.85,58,Delivered,Cash,205.18,No,nan,
DBW04482,2022-08-05,Friday,Ghatkopar,Borivali,18.85,DW004,Corporate,Non-Veg,1.33,58,Delivered,Monthly-Pre-paid,177.79,Yes,Excellent,
DBW04483,2023-09-03,Sunday,Goregaon,Borivali,19.44,DW053,Residential,Mix,2.35,71,Returned,Monthly-Pre-paid,169.86,No,Excellent,nan
DBW04484,2022-02-14,Monday,Worli,Goregaon,14.24,DW088,Corporate,Non-Veg,1.17,53,Delivered,Cash,138.4,No,Good,
DBW04485,2022-12-09,Friday,Churchgate,Ghatkopar,15.55,DW109,Corporate,Mix,1.8,80,Delayed,Digital,180.76,No,Excellent,
DBW04486,2022-09-27,Tuesday,Worli,Goregaon,13.72,DW048,Corporate,Non-Veg,1.43,47,Delivered,Monthly-Pre-paid,140.84,Yes,Average,
DBW04487,2023-02-01,Wednesday,Malad,Worli,16.72,DW074,Residential,Mix,1.88,75,Delayed,Monthly-Pre-paid,167.61,No,Excellent,
DBW04488,2022-07-05,Tuesday,Lower Parel,Dadar,6.92,DW028,Corporate,Non-Veg,1.55,38,Delivered,Monthly-Pre-paid,116.69,Yes,Excellent,
DBW04489,2023-05-01,Monday,Goregaon,Borivali,18.17,DW110,Corporate,Non-Veg,1.79,53,Delivered,Digital,187.9,No,Good,
DBW04490,2022-10-09,Sunday,Sion,Goregaon,18.7,DW026,Corporate,Mix,2.41,52,Delivered,Digital,175.25,No,Poor,
DBW04491,2022-05-18,Wednesday,Kurla,Dadar,6.95,DW130,Corporate,Veg,1.46,50,Delayed,Digital,60.06,No,Good,
DBW04492,2022-05-24,Tuesday,Andheri,Ghatkopar,14.2,DW027,Residential,Non-Veg,1.45,65,Returned,Monthly-Pre-paid,153.2,Yes,Excellent,nan
DBW04493,2023-05-24,Wednesday,Borivali,Chembur,10.96,DW100,Residential,Mix,1.64,63,Delayed,Monthly-Pre-paid,107.53,No,Good,
DBW04494,2022-07-11,Monday,Chembur,Ghatkopar,19.43,DW050,Residential,Mix,2.54,84,Delivered,Digital,195.33,No,Excellent,
DBW04495,2022-08-13,Saturday,Sion,Thane,3.92,DW150,Corporate,Veg,1.76,38,Delivered,Monthly-Pre-paid,60.64,No,Excellent,
DBW04496,2023-04-03,Monday,Lower Parel,Churchgate,10.86,DW043,Residential,Mix,2.42,58,Delivered,Digital,123.05,No,Good,
DBW04497,2022-08-29,Monday,Vikhroli,Chembur,11.3,DW143,Corporate,Non-Veg,1.71,57,Delivered,Digital,133.81,Yes,Poor,
DBW04498,2022-10-11,Tuesday,Churchgate,Dadar,13.02,DW126,Residential,Non-Veg,2.39,50,Delivered,Monthly-Pre-paid,108.19,No,Poor,
DBW04499,2022-06-28,Tuesday,Bandra,Borivali,17.5,DW071,Hospital,Veg,2.0,61,Delivered,Monthly-Pre-paid,171.91,Yes,Average,
DBW04500,2022-09-10,Saturday,Kurla,Borivali,5.99,DW075,Residential,Veg,2.08,33,Delivered,Cash,77.66,No,Poor,
DBW04501,2023-05-21,Sunday,Churchgate,Chembur,18.66,DW054,School,Non-Veg,1.08,41,Delivered,Cash,183.56,No,Good,
DBW04502,2023-01-25,Wednesday,Chembur,Dadar,12.92,DW065,Corporate,Non-Veg,1.01,45,Delivered,Cash,140.91,Yes,nan,
DBW04503,2023-12-30,Saturday,Andheri,Churchgate,16.57,DW070,Residential,Veg,2.34,55,Delivered,Cash,164.8,Yes,Poor,
DBW04504,2023-07-18,Tuesday,Borivali,Ghatkopar,20.62,DW022,Residential,Mix,2.33,79,Delivered,Cash,185.25,No,Average,
DBW04505,2022-01-13,Thursday,Dadar,Kurla,6.23,DW049,Residential,Non-Veg,3.01,39,Delivered,Monthly-Pre-paid,62.91,No,Excellent,
DBW04506,2022-10-04,Tuesday,Lower Parel,Bandra,7.76,DW132,Residential,Veg,1.06,31,Delivered,Digital,68.3,Yes,Average,
DBW04507,2022-07-31,Sunday,Borivali,Andheri,12.53,DW147,Corporate,Mix,2.04,42,Delivered,Cash,132.03,No,Poor,
DBW04508,2023-03-05,Sunday,Kurla,Kurla,0.5,DW009,Residential,Veg,1.29,24,Delivered,Monthly-Pre-paid,41.9,No,Good,
DBW04509,2022-07-13,Wednesday,Sion,Churchgate,9.32,DW110,Residential,Mix,1.43,26,Delivered,Monthly-Pre-paid,99.46,Yes,Good,
DBW04510,2023-12-07,Thursday,Thane,Bandra,14.74,DW036,Residential,Mix,1.55,62,Delivered,Monthly-Pre-paid,160.41,Yes,Good,
DBW04511,2022-08-07,Sunday,Vikhroli,Thane,5.56,DW099,Corporate,Mix,1.99,28,Delivered,Monthly-Pre-paid,72.77,Yes,Average,
DBW04512,2023-01-17,Tuesday,Malad,Lower Parel,15.08,DW094,Corporate,Mix,1.47,66,Delivered,Monthly-Pre-paid,149.34,No,nan,
DBW04513,2022-03-31,Thursday,Goregaon,Vikhroli,14.95,DW132,Hospital,Mix,1.82,54,Delivered,Monthly-Pre-paid,128.06,Yes,Good,
DBW04514,2023-10-27,Friday,Andheri,Thane,9.29,DW106,Corporate,Veg,2.22,51,Delivered,Monthly-Pre-paid,97.67,No,Excellent,
DBW04515,2023-10-28,Saturday,Dadar,Andheri,7.6,DW124,Corporate,Non-Veg,2.36,30,Delivered,Monthly-Pre-paid,104.63,No,Excellent,
DBW04516,2023-08-03,Thursday,Sion,Lower Parel,14.16,DW121,Corporate,Non-Veg,2.15,62,Delivered,Monthly-Pre-paid,164.28,No,Poor,
DBW04517,2022-09-14,Wednesday,Kurla,Andheri,4.65,DW098,Residential,Non-Veg,2.03,42,Delivered,Cash,64.38,No,Good,
DBW04518,2022-02-12,Saturday,Sion,Thane,1.94,DW062,Residential,Veg,1.73,21,Delivered,Monthly-Pre-paid,58.5,Yes,Poor,
DBW04519,2023-06-04,Sunday,Chembur,Borivali,12.77,DW051,School,Veg,1.52,27,Delivered,Cash,153.37,No,Excellent,
DBW04520,2022-11-10,Thursday,Ghatkopar,Vikhroli,13.59,DW053,Residential,Mix,2.07,76,Delayed,Cash,124.67,Yes,Excellent,
DBW04521,2023-12-24,Sunday,Goregaon,Chembur,23.93,DW054,Corporate,Mix,1.27,86,Delayed,Monthly-Pre-paid,226.17,Yes,Good,
DBW04522,2023-05-25,Thursday,Andheri,Dadar,5.66,DW044,Corporate,Mix,1.86,28,Delivered,Monthly-Pre-paid,78.12,No,Good,
DBW04523,2023-01-29,Sunday,Worli,Borivali,5.94,DW047,Corporate,Non-Veg,1.26,33,Delayed,Monthly-Pre-paid,93.66,Yes,nan,
DBW04524,2023-12-22,Friday,Vikhroli,Churchgate,6.45,DW086,Residential,Non-Veg,1.78,59,Delivered,Cash,69.05,No,Excellent,
DBW04525,2023-08-08,Tuesday,Sion,Thane,2.49,DW041,School,Mix,1.27,21,Delivered,Monthly-Pre-paid,54.62,No,Average,
DBW04526,2022-12-01,Thursday,Ghatkopar,Kurla,14.73,DW053,Corporate,Mix,1.6,57,Delivered,Cash,144.0,No,nan,
DBW04527,2022-01-14,Friday,Malad,Sion,12.06,DW107,Corporate,Non-Veg,1.46,47,Delivered,Digital,132.88,No,Average,
DBW04528,2022-03-09,Wednesday,Malad,Goregaon,20.98,DW050,Residential,Non-Veg,1.4,71,Delivered,Cash,216.19,No,nan,
DBW04529,2022-11-20,Sunday,Kurla,Malad,5.32,DW016,Residential,Mix,1.76,24,Delivered,Digital,94.68,Yes,Excellent,
DBW04530,2023-02-15,Wednesday,Dadar,Andheri,3.73,DW003,Residential,Mix,0.59,38,Delivered,Cash,78.26,No,Average,
DBW04531,2022-01-23,Sunday,Lower Parel,Vikhroli,12.05,DW115,Residential,Veg,0.9,41,Delivered,Cash,111.52,Yes,Good,
DBW04532,2022-04-03,Sunday,Borivali,Goregaon,16.6,DW143,Corporate,Veg,2.2,50,Delivered,Monthly-Pre-paid,155.68,Yes,Poor,
DBW04533,2023-05-30,Tuesday,Bandra,Andheri,7.74,DW103,Residential,Veg,1.87,34,Delivered,Digital,107.02,Yes,Average,
DBW04534,2023-07-03,Monday,Worli,Goregaon,11.77,DW010,Corporate,Veg,1.44,52,Delivered,Digital,133.26,Yes,Average,
DBW04535,2022-01-22,Saturday,Malad,Goregaon,19.57,DW085,Residential,Mix,2.29,58,Delivered,Digital,182.62,Yes,Good,
DBW04536,2023-01-06,Friday,Malad,Ghatkopar,14.27,DW041,Corporate,Non-Veg,1.48,57,Delivered,Monthly-Pre-paid,130.45,No,Average,
DBW04537,2022-03-01,Tuesday,Churchgate,Andheri,16.11,DW049,Residential,Veg,1.51,51,Delivered,Monthly-Pre-paid,100.25,No,Poor,
DBW04538,2023-06-13,Tuesday,Malad,Bandra,8.53,DW139,School,Veg,1.41,60,Delayed,Digital,74.3,No,Excellent,
DBW04539,2023-09-01,Friday,Ghatkopar,Kurla,14.92,DW124,Residential,Non-Veg,2.75,66,Delivered,Cash,144.77,No,Excellent,
DBW04540,2023-09-27,Wednesday,Chembur,Dadar,10.74,DW111,Corporate,Mix,1.92,55,Delivered,Monthly-Pre-paid,111.58,No,Good,
DBW04541,2023-03-13,Monday,Chembur,Kurla,10.37,DW076,School,Non-Veg,1.9,51,Delivered,Cash,119.12,No,Poor,
DBW04542,2023-04-05,Wednesday,Goregaon,Chembur,22.71,DW087,Corporate,Non-Veg,2.03,61,Delivered,Cash,220.71,No,Good,
DBW04543,2023-11-08,Wednesday,Andheri,Dadar,6.04,DW138,Residential,Veg,0.87,42,Delivered,Digital,112.17,Yes,Good,
DBW04544,2023-03-24,Friday,Malad,Ghatkopar,15.41,DW100,Corporate,Veg,1.5,63,Delivered,Monthly-Pre-paid,141.73,Yes,nan,
DBW04545,2022-11-22,Tuesday,Vikhroli,Worli,6.22,DW087,Hospital,Mix,2.03,22,Delivered,Cash,50.49,No,Excellent,
DBW04546,2023-07-05,Wednesday,Kurla,Goregaon,16.68,DW015,Corporate,Mix,1.8,58,Delivered,Cash,149.48,Yes,Poor,
DBW04547,2023-03-08,Wednesday,Kurla,Bandra,13.35,DW150,Corporate,Mix,2.9,65,Delivered,Digital,161.97,No,Average,
DBW04548,2023-09-07,Thursday,Kurla,Bandra,12.68,DW122,School,Non-Veg,1.53,53,Delivered,Monthly-Pre-paid,131.63,No,Good,
DBW04549,2023-01-19,Thursday,Sion,Malad,12.25,DW055,Residential,Veg,2.27,56,Delivered,Digital,143.18,No,Good,
DBW04550,2023-09-27,Wednesday,Dadar,Worli,11.77,DW038,Corporate,Non-Veg,2.2,46,Delivered,Monthly-Pre-paid,115.69,Yes,Good,
DBW04551,2022-02-02,Wednesday,Goregaon,Andheri,19.32,DW146,Corporate,Mix,1.87,86,Delayed,Cash,177.05,No,Good,
DBW04552,2022-01-27,Thursday,Thane,Dadar,11.49,DW144,Corporate,Veg,1.96,78,Delayed,Monthly-Pre-paid,96.24,Yes,Excellent,
DBW04553,2022-03-14,Monday,Malad,Kurla,7.02,DW064,Corporate,Mix,1.65,39,Delivered,Monthly-Pre-paid,81.19,No,Good,
DBW04554,2023-02-11,Saturday,Vikhroli,Sion,5.67,DW035,Residential,Mix,0.81,14,Delivered,Monthly-Pre-paid,75.52,No,Excellent,
DBW04555,2023-06-02,Friday,Malad,Kurla,7.34,DW120,Residential,Mix,1.97,40,Delivered,Monthly-Pre-paid,101.74,No,nan,
DBW04556,2022-06-07,Tuesday,Bandra,Thane,13.88,DW094,School,Non-Veg,2.01,76,Delayed,Cash,149.45,No,Good,
DBW04557,2022-04-24,Sunday,Thane,Thane,0.8,DW136,Residential,Non-Veg,2.09,17,Delivered,Cash,66.17,Yes,Excellent,
DBW04558,2023-09-21,Thursday,Ghatkopar,Malad,16.3,DW082,School,Mix,1.83,79,Delayed,Digital,158.1,No,Average,
DBW04559,2023-07-02,Sunday,Vikhroli,Thane,4.83,DW083,Residential,Veg,2.29,19,Delivered,Digital,72.28,No,Good,
DBW04560,2023-04-19,Wednesday,Bandra,Worli,23.38,DW022,Corporate,Mix,1.37,76,Delivered,Cash,216.84,No,Excellent,
DBW04561,2022-12-23,Friday,Thane,Chembur,7.5,DW091,Residential,Non-Veg,2.53,42,Delivered,Cash,79.54,No,Good,
DBW04562,2022-11-03,Thursday,Goregaon,Chembur,22.22,DW055,Corporate,Non-Veg,1.31,78,Delayed,Digital,213.92,No,Good,
DBW04563,2022-01-15,Saturday,Worli,Borivali,5.94,DW031,Corporate,Non-Veg,1.75,20,Delivered,Monthly-Pre-paid,73.39,No,Good,
DBW04564,2022-05-18,Wednesday,Worli,Vikhroli,6.53,DW118,Hospital,Veg,2.14,31,Delivered,Cash,107.2,No,Good,
DBW04565,2023-10-17,Tuesday,Goregaon,Sion,19.05,DW052,Residential,Mix,1.54,64,Delivered,Monthly-Pre-paid,170.52,No,Excellent,
DBW04566,2022-09-05,Monday,Goregaon,Dadar,15.34,DW032,Corporate,Mix,2.17,70,Delivered,Monthly-Pre-paid,147.63,Yes,Poor,
DBW04567,2023-05-30,Tuesday,Ghatkopar,Churchgate,15.98,DW145,Corporate,Non-Veg,1.63,62,Delivered,Cash,139.19,No,Good,
DBW04568,2023-05-29,Monday,Dadar,Chembur,12.49,DW145,Corporate,Veg,1.86,48,Delivered,Monthly-Pre-paid,135.0,Yes,Good,
DBW04569,2022-08-14,Sunday,Goregaon,Vikhroli,14.96,DW075,Residential,Mix,1.71,71,Delayed,Monthly-Pre-paid,129.77,Yes,Good,
DBW04570,2022-05-30,Monday,Ghatkopar,Churchgate,15.75,DW045,Corporate,Mix,1.51,53,Delivered,Monthly-Pre-paid,155.88,No,Average,
DBW04571,2023-05-20,Saturday,Thane,Andheri,7.55,DW025,Hospital,Mix,2.93,37,Delivered,Monthly-Pre-paid,72.88,No,Average,
DBW04572,2022-03-10,Thursday,Churchgate,Ghatkopar,17.1,DW095,Residential,Veg,1.38,61,Delivered,Monthly-Pre-paid,152.01,No,Excellent,
DBW04573,2022-12-28,Wednesday,Ghatkopar,Ghatkopar,0.5,DW092,Corporate,Veg,0.66,14,Delivered,Digital,22.53,No,Good,
DBW04574,2023-10-11,Wednesday,Thane,Sion,3.41,DW093,Residential,Non-Veg,1.4,31,Delivered,Digital,68.22,No,Average,
DBW04575,2023-06-04,Sunday,Andheri,Dadar,5.91,DW116,Hospital,Veg,1.87,8,Delivered,Digital,75.87,No,Excellent,
DBW04576,2023-07-12,Wednesday,Vikhroli,Malad,7.91,DW071,Hospital,Non-Veg,1.61,39,Delivered,Cash,91.44,No,Excellent,
DBW04577,2022-03-02,Wednesday,Kurla,Churchgate,8.7,DW103,Residential,Non-Veg,2.31,52,Delivered,Cash,108.07,Yes,Average,
DBW04578,2022-05-26,Thursday,Worli,Dadar,14.18,DW099,Corporate,Non-Veg,2.29,55,Delivered,Monthly-Pre-paid,133.57,No,Good,
DBW04579,2022-07-20,Wednesday,Chembur,Thane,5.31,DW120,Residential,Mix,1.64,40,Delivered,Cash,43.0,Yes,Excellent,
DBW04580,2022-08-02,Tuesday,Andheri,Lower Parel,12.02,DW112,Hospital,Non-Veg,0.96,41,Delivered,Cash,109.69,No,Average,
DBW04581,2022-05-22,Sunday,Thane,Goregaon,17.71,DW006,School,Non-Veg,1.16,74,Delayed,Cash,167.41,No,Excellent,
DBW04582,2023-12-11,Monday,Worli,Thane,8.36,DW093,Residential,Mix,1.78,42,Delivered,Digital,96.18,Yes,Good,
DBW04583,2022-05-01,Sunday,Andheri,Goregaon,20.59,DW147,Residential,Non-Veg,1.02,53,Delivered,Digital,203.1,No,Poor,
DBW04584,2023-06-01,Thursday,Sion,Goregaon,17.66,DW084,Corporate,Mix,1.62,61,Delivered,Monthly-Pre-paid,169.09,Yes,Excellent,
DBW04585,2023-03-05,Sunday,Vikhroli,Churchgate,7.67,DW080,Corporate,Mix,2.51,41,Delayed,Digital,106.65,Yes,Good,
DBW04586,2023-03-22,Wednesday,Kurla,Sion,4.28,DW091,Corporate,Mix,1.97,26,Delivered,Digital,69.69,Yes,Good,
DBW04587,2022-06-06,Monday,Dadar,Thane,9.36,DW084,Corporate,Non-Veg,1.82,46,Delivered,Monthly-Pre-paid,83.78,No,Poor,
DBW04588,2022-08-13,Saturday,Bandra,Borivali,19.17,DW061,Residential,Non-Veg,1.28,60,Delivered,Cash,145.15,Yes,Average,
DBW04589,2023-03-19,Sunday,Goregaon,Sion,17.83,DW150,Corporate,Non-Veg,1.89,58,Delivered,Cash,157.52,No,Good,
DBW04590,2022-08-07,Sunday,Thane,Bandra,16.62,DW011,Residential,Non-Veg,1.67,48,Delivered,Cash,165.02,No,Good,
DBW04591,2023-05-22,Monday,Goregaon,Thane,20.45,DW123,Residential,Mix,1.92,72,Delivered,Monthly-Pre-paid,199.16,No,Good,
DBW04592,2022-01-29,Saturday,Vikhroli,Sion,4.88,DW024,Corporate,Mix,2.16,13,Delivered,Monthly-Pre-paid,67.43,No,nan,
DBW04593,2022-02-23,Wednesday,Worli,Kurla,8.0,DW031,Residential,Non-Veg,2.25,44,Delivered,Cash,95.79,No,Average,
DBW04594,2023-06-16,Friday,Goregaon,Bandra,18.36,DW092,Corporate,Veg,1.86,65,Delivered,Cash,196.66,No,Average,
DBW04595,2023-03-27,Monday,Andheri,Borivali,11.76,DW096,Corporate,Non-Veg,2.06,65,Delayed,Monthly-Pre-paid,124.29,No,nan,
DBW04596,2022-02-01,Tuesday,Lower Parel,Worli,14.71,DW140,School,Veg,1.54,53,Delivered,Digital,152.93,No,Excellent,
DBW04597,2023-10-19,Thursday,Worli,Goregaon,12.43,DW045,Corporate,Veg,2.37,38,Delivered,Digital,153.42,Yes,Good,
DBW04598,2022-01-04,Tuesday,Lower Parel,Borivali,16.34,DW004,Corporate,Veg,1.36,54,Delivered,Digital,133.53,Yes,nan,
DBW04599,2023-11-29,Wednesday,Kurla,Churchgate,13.37,DW039,Residential,Mix,1.7,55,Delivered,Digital,162.58,No,Poor,
DBW04600,2023-06-17,Saturday,Churchgate,Dadar,12.63,DW082,Corporate,Mix,2.42,42,Delivered,Monthly-Pre-paid,92.61,Yes,Excellent,
DBW04601,2023-12-23,Saturday,Thane,Goregaon,19.48,DW054,Corporate,Veg,1.56,74,Delayed,Cash,173.46,Yes,Good,
DBW04602,2023-11-24,Friday,Vikhroli,Bandra,12.57,DW038,Residential,Mix,1.13,51,Delivered,Monthly-Pre-paid,122.17,Yes,Excellent,
DBW04603,2022-08-17,Wednesday,Churchgate,Ghatkopar,17.82,DW138,Residential,Veg,1.59,55,Delivered,Cash,148.07,Yes,Average,
DBW04604,2023-07-07,Friday,Andheri,Dadar,6.75,DW085,Residential,Veg,2.5,40,Delivered,Cash,81.52,No,Average,
DBW04605,2022-06-03,Friday,Thane,Goregaon,20.29,DW101,Hospital,Veg,0.66,79,Delayed,Digital,191.55,Yes,Good,
DBW04606,2022-12-11,Sunday,Bandra,Lower Parel,11.0,DW113,Corporate,Veg,1.85,40,Delivered,Monthly-Pre-paid,129.09,No,nan,
DBW04607,2022-06-25,Saturday,Chembur,Vikhroli,10.7,DW062,Residential,Mix,1.48,43,Delivered,Cash,126.22,Yes,Excellent,
DBW04608,2022-12-21,Wednesday,Dadar,Sion,11.4,DW111,Corporate,Veg,1.72,49,Delivered,Cash,123.84,No,nan,
DBW04609,2023-09-29,Friday,Ghatkopar,Thane,20.23,DW145,Corporate,Non-Veg,1.63,77,Delivered,Digital,208.65,No,Good,
DBW04610,2022-11-15,Tuesday,Borivali,Thane,5.47,DW109,School,Non-Veg,2.28,39,Delivered,Cash,83.45,No,Excellent,
DBW04611,2022-03-09,Wednesday,Dadar,Kurla,4.13,DW045,Residential,Non-Veg,1.83,24,Delivered,Digital,58.16,No,nan,
DBW04612,2022-08-25,Thursday,Andheri,Churchgate,16.8,DW117,Corporate,Veg,2.31,62,Delivered,Digital,166.18,No,nan,
DBW04613,2023-07-29,Saturday,Borivali,Sion,0.53,DW036,Corporate,Non-Veg,2.44,16,Delivered,Digital,24.7,Yes,nan,
DBW04614,2023-01-16,Monday,Goregaon,Bandra,20.01,DW011,Corporate,Mix,1.81,75,Delivered,Cash,171.71,No,Poor,
DBW04615,2023-02-13,Monday,Vikhroli,Sion,5.54,DW067,Residential,Non-Veg,1.62,26,Delivered,Digital,80.71,No,Good,
DBW04616,2022-11-11,Friday,Worli,Bandra,19.01,DW077,Corporate,Mix,1.99,74,Delivered,Monthly-Pre-paid,159.64,No,Good,
DBW04617,2022-08-02,Tuesday,Goregaon,Andheri,20.43,DW071,Hospital,Non-Veg,2.09,67,Delivered,Digital,190.65,Yes,Good,
DBW04618,2023-03-13,Monday,Ghatkopar,Dadar,9.02,DW040,Corporate,Mix,1.22,43,Delivered,Monthly-Pre-paid,67.68,No,Excellent,
DBW04619,2023-04-08,Saturday,Goregaon,Churchgate,9.73,DW041,Corporate,Veg,1.92,31,Delivered,Cash,108.91,No,nan,
DBW04620,2023-10-18,Wednesday,Worli,Goregaon,14.06,DW139,School,Mix,1.67,68,Delayed,Monthly-Pre-paid,131.61,No,Good,
DBW04621,2023-03-27,Monday,Dadar,Kurla,7.84,DW044,Hospital,Non-Veg,1.59,37,Delivered,Digital,101.28,No,Good,
DBW04622,2023-12-28,Thursday,Sion,Malad,11.28,DW118,Corporate,Mix,1.45,40,Delivered,Cash,116.89,No,Average,
DBW04623,2023-08-27,Sunday,Goregaon,Worli,13.51,DW039,Residential,Mix,1.49,60,Delayed,Monthly-Pre-paid,136.18,Yes,Average,
DBW04624,2022-02-27,Sunday,Lower Parel,Worli,16.63,DW017,Hospital,Mix,2.43,46,Delivered,Monthly-Pre-paid,163.86,Yes,Good,
DBW04625,2022-10-14,Friday,Goregaon,Worli,15.73,DW010,Residential,Veg,1.62,60,Delivered,Digital,146.68,No,nan,
DBW04626,2022-10-08,Saturday,Dadar,Borivali,13.12,DW037,Residential,Non-Veg,2.37,57,Delivered,Digital,126.47,No,Good,
DBW04627,2022-01-03,Monday,Worli,Ghatkopar,19.45,DW127,Residential,Mix,1.87,89,Delayed,Monthly-Pre-paid,177.07,No,Average,
DBW04628,2022-05-12,Thursday,Andheri,Worli,16.11,DW069,School,Mix,1.23,52,Delivered,Cash,157.04,Yes,Excellent,
DBW04629,2023-07-11,Tuesday,Bandra,Goregaon,19.37,DW105,Residential,Non-Veg,1.9,71,Delivered,Cash,176.6,Yes,Average,
DBW04630,2022-09-15,Thursday,Dadar,Lower Parel,7.17,DW145,Corporate,Non-Veg,1.21,36,Delivered,Monthly-Pre-paid,94.1,No,Good,
DBW04631,2022-04-18,Monday,Ghatkopar,Chembur,21.67,DW008,Residential,Veg,2.1,76,Delivered,Cash,176.82,Yes,Average,
DBW04632,2022-07-29,Friday,Dadar,Vikhroli,6.35,DW017,Residential,Non-Veg,1.7,44,Delivered,Monthly-Pre-paid,58.35,No,Excellent,
DBW04633,2022-07-20,Wednesday,Vikhroli,Dadar,8.26,DW139,Residential,Non-Veg,2.23,51,Delivered,Monthly-Pre-paid,124.4,Yes,Good,
DBW04634,2022-05-08,Sunday,Borivali,Malad,11.71,DW086,Corporate,Veg,2.52,43,Delivered,Monthly-Pre-paid,117.16,No,Excellent,
DBW04635,2022-03-15,Tuesday,Churchgate,Churchgate,0.5,DW093,Residential,Mix,0.93,18,Delivered,Monthly-Pre-paid,18.78,Yes,nan,
DBW04636,2023-07-12,Wednesday,Malad,Malad,0.5,DW052,Residential,Non-Veg,1.57,21,Delivered,Monthly-Pre-paid,33.62,No,Good,
DBW04637,2023-08-25,Friday,Borivali,Thane,4.29,DW125,School,Veg,1.2,32,Delivered,Digital,75.85,Yes,Excellent,
DBW04638,2022-12-29,Thursday,Sion,Worli,7.18,DW097,Corporate,Mix,2.88,53,Delivered,Cash,97.02,No,Average,
DBW04639,2023-03-26,Sunday,Thane,Thane,0.5,DW039,Residential,Mix,1.58,10,Delivered,Cash,22.78,Yes,Poor,
DBW04640,2023-11-03,Friday,Worli,Sion,5.58,DW098,Residential,Mix,1.14,52,Delivered,Monthly-Pre-paid,66.91,No,Average,
DBW04641,2023-09-08,Friday,Chembur,Goregaon,25.89,DW001,Corporate,Mix,2.92,98,Delivered,Cash,232.08,No,Poor,
DBW04642,2022-01-24,Monday,Churchgate,Borivali,9.92,DW037,Residential,Non-Veg,1.44,56,Delivered,Monthly-Pre-paid,114.01,Yes,Poor,
DBW04643,2023-11-27,Monday,Thane,Borivali,6.43,DW031,Corporate,Non-Veg,0.99,42,Delivered,Monthly-Pre-paid,82.09,Yes,nan,
DBW04644,2022-02-18,Friday,Andheri,Vikhroli,8.81,DW118,Residential,Non-Veg,1.22,47,Delivered,Monthly-Pre-paid,86.71,No,Good,
DBW04645,2022-01-20,Thursday,Kurla,Malad,6.07,DW111,Residential,Mix,1.87,43,Delivered,Cash,70.93,No,Good,
DBW04646,2022-10-22,Saturday,Kurla,Borivali,7.03,DW014,Corporate,Mix,1.82,28,Delivered,Cash,82.25,Yes,Excellent,
DBW04647,2023-06-29,Thursday,Dadar,Thane,9.44,DW136,Residential,Mix,1.38,49,Delivered,Monthly-Pre-paid,127.76,Yes,Poor,
DBW04648,2022-02-28,Monday,Borivali,Goregaon,17.46,DW123,School,Mix,1.56,69,Delivered,Digital,167.05,No,nan,
DBW04649,2022-08-02,Tuesday,Dadar,Chembur,10.81,DW066,Corporate,Veg,1.83,55,Delivered,Digital,166.13,No,Good,
DBW04650,2022-07-11,Monday,Ghatkopar,Malad,13.78,DW032,Hospital,Non-Veg,2.46,85,Delayed,Cash,136.16,No,Average,
DBW04651,2022-10-18,Tuesday,Chembur,Thane,7.43,DW064,Corporate,Non-Veg,1.97,32,Delivered,Digital,64.17,No,Excellent,
DBW04652,2023-12-21,Thursday,Ghatkopar,Lower Parel,3.4,DW089,Corporate,Non-Veg,1.52,44,Delayed,Cash,62.44,Yes,Poor,
DBW04653,2022-08-30,Tuesday,Malad,Kurla,5.86,DW095,Residential,Mix,1.69,49,Delayed,Cash,92.63,Yes,Excellent,
DBW04654,2022-06-02,Thursday,Andheri,Bandra,9.25,DW053,Corporate,Non-Veg,2.18,48,Delivered,Monthly-Pre-paid,111.14,Yes,Average,
DBW04655,2022-03-31,Thursday,Lower Parel,Borivali,17.54,DW016,Hospital,Mix,2.64,88,Delayed,Monthly-Pre-paid,173.28,No,Good,
DBW04656,2022-05-25,Wednesday,Malad,Vikhroli,8.13,DW092,Residential,Mix,1.25,47,Returned,Monthly-Pre-paid,89.33,Yes,Good,Damaged
DBW04657,2022-04-08,Friday,Thane,Andheri,7.37,DW106,Residential,Non-Veg,2.36,46,Delivered,Monthly-Pre-paid,84.66,No,nan,
DBW04658,2023-02-23,Thursday,Sion,Kurla,4.83,DW041,Residential,Veg,1.64,36,Delivered,Monthly-Pre-paid,33.76,Yes,Good,
DBW04659,2022-11-03,Thursday,Ghatkopar,Thane,17.69,DW096,Residential,Mix,0.99,60,Delivered,Digital,184.44,Yes,Good,
DBW04660,2022-12-30,Friday,Dadar,Chembur,10.39,DW086,Residential,Mix,0.89,48,Delivered,Cash,107.46,No,Excellent,
DBW04661,2023-08-31,Thursday,Vikhroli,Worli,7.05,DW076,Residential,Non-Veg,2.47,48,Delivered,Monthly-Pre-paid,103.63,No,Good,
DBW04662,2023-02-28,Tuesday,Thane,Ghatkopar,19.11,DW002,Hospital,Veg,2.53,60,Delivered,Digital,174.9,No,Excellent,
DBW04663,2022-04-24,Sunday,Lower Parel,Churchgate,13.06,DW047,Residential,Non-Veg,1.52,41,Delivered,Digital,133.69,Yes,Good,
DBW04664,2022-10-03,Monday,Thane,Andheri,6.65,DW057,Corporate,Mix,1.69,36,Delivered,Digital,101.91,No,Good,
DBW04665,2022-08-17,Wednesday,Worli,Goregaon,14.78,DW126,Residential,Non-Veg,0.91,51,Delivered,Cash,168.3,No,Excellent,
DBW04666,2023-08-27,Sunday,Lower Parel,Churchgate,13.69,DW124,Corporate,Non-Veg,2.18,53,Delivered,Digital,152.1,No,nan,
DBW04667,2022-08-13,Saturday,Sion,Bandra,17.26,DW132,Corporate,Non-Veg,1.79,76,Delayed,Monthly-Pre-paid,140.05,Yes,Good,
DBW04668,2022-04-12,Tuesday,Ghatkopar,Vikhroli,15.51,DW070,Corporate,Mix,1.02,67,Delivered,Digital,134.92,No,Average,
DBW04669,2023-06-22,Thursday,Sion,Ghatkopar,19.73,DW050,Corporate,Non-Veg,1.9,63,Delivered,Digital,198.33,No,nan,
DBW04670,2022-11-09,Wednesday,Dadar,Lower Parel,6.99,DW075,Corporate,Mix,1.11,40,Delivered,Monthly-Pre-paid,75.47,No,Poor,
DBW04671,2022-03-11,Friday,Worli,Worli,0.5,DW119,Hospital,Mix,2.08,27,Delivered,Monthly-Pre-paid,35.11,Yes,Average,
DBW04672,2023-05-19,Friday,Thane,Bandra,15.77,DW094,Residential,Mix,1.26,70,Delivered,Monthly-Pre-paid,159.27,No,Excellent,
DBW04673,2022-06-03,Friday,Worli,Worli,0.55,DW091,Corporate,Mix,1.97,23,Delivered,Cash,38.2,No,Good,
DBW04674,2023-09-26,Tuesday,Bandra,Kurla,12.77,DW066,School,Mix,1.47,57,Delivered,Monthly-Pre-paid,116.32,No,Average,
DBW04675,2023-08-31,Thursday,Bandra,Dadar,6.49,DW105,School,Mix,0.62,31,Delivered,Cash,97.24,No,Average,
DBW04676,2022-09-27,Tuesday,Andheri,Churchgate,14.32,DW131,Hospital,Veg,2.3,48,Delivered,Cash,136.69,No,Good,
DBW04677,2023-02-10,Friday,Worli,Churchgate,4.67,DW101,Corporate,Non-Veg,2.33,27,Delivered,Digital,76.19,No,nan,
DBW04678,2023-02-19,Sunday,Kurla,Sion,5.23,DW061,Corporate,Veg,1.54,32,Delayed,Digital,68.7,Yes,Good,
DBW04679,2023-04-23,Sunday,Lower Parel,Sion,16.99,DW126,Residential,Mix,1.94,48,Delivered,Cash,194.72,No,Poor,
DBW04680,2022-02-20,Sunday,Worli,Thane,10.49,DW142,Residential,Veg,2.02,40,Delivered,Digital,135.69,Yes,Poor,
DBW04681,2022-08-26,Friday,Malad,Chembur,3.93,DW120,Residential,Mix,2.04,36,Delivered,Monthly-Pre-paid,93.43,Yes,Average,
DBW04682,2022-05-05,Thursday,Dadar,Ghatkopar,9.83,DW132,Residential,Mix,2.66,53,Delivered,Digital,133.44,No,Excellent,
DBW04683,2023-05-25,Thursday,Bandra,Lower Parel,9.84,DW040,Residential,Veg,2.01,69,Delayed,Monthly-Pre-paid,106.74,Yes,Average,
DBW04684,2022-02-20,Sunday,Borivali,Vikhroli,5.49,DW064,School,Mix,1.62,20,Delivered,Monthly-Pre-paid,65.94,Yes,Average,
DBW04685,2023-01-13,Friday,Andheri,Dadar,5.74,DW038,Residential,Non-Veg,2.01,41,Delivered,Monthly-Pre-paid,58.86,No,Average,
DBW04686,2023-06-16,Friday,Malad,Bandra,11.42,DW055,Hospital,Veg,1.59,50,Delivered,Cash,125.34,No,Good,
DBW04687,2023-11-24,Friday,Bandra,Malad,9.02,DW111,Hospital,Mix,1.27,53,Delivered,Digital,102.54,No,Good,
DBW04688,2022-07-30,Saturday,Vikhroli,Dadar,6.78,DW102,Corporate,Mix,2.41,34,Delivered,Cash,83.6,Yes,Average,
DBW04689,2022-01-06,Thursday,Kurla,Vikhroli,1.77,DW001,Hospital,Mix,2.07,27,Delivered,Monthly-Pre-paid,31.75,No,Average,
DBW04690,2023-06-13,Tuesday,Worli,Kurla,10.58,DW114,Corporate,Veg,0.87,50,Delivered,Monthly-Pre-paid,120.03,Yes,nan,
DBW04691,2022-01-02,Sunday,Dadar,Lower Parel,6.57,DW029,Corporate,Non-Veg,1.46,29,Delayed,Cash,76.81,Yes,Good,
DBW04692,2022-02-18,Friday,Churchgate,Chembur,18.5,DW028,School,Non-Veg,2.18,71,Delivered,Digital,170.74,Yes,Good,
DBW04693,2023-12-25,Monday,Bandra,Worli,20.24,DW082,Corporate,Non-Veg,1.02,85,Delivered,Cash,194.37,No,Average,
DBW04694,2023-09-22,Friday,Bandra,Andheri,8.95,DW037,Residential,Non-Veg,1.42,53,Delivered,Digital,100.44,No,nan,
DBW04695,2023-06-01,Thursday,Thane,Thane,0.5,DW145,School,Non-Veg,3.13,28,Delivered,Digital,12.61,Yes,Good,
DBW04696,2023-09-02,Saturday,Thane,Ghatkopar,16.28,DW022,Corporate,Mix,1.63,52,Delivered,Monthly-Pre-paid,148.44,No,Good,
DBW04697,2022-02-25,Friday,Churchgate,Ghatkopar,17.04,DW023,Corporate,Veg,2.34,66,Delivered,Cash,174.28,No,Poor,
DBW04698,2022-03-06,Sunday,Andheri,Borivali,9.74,DW115,Corporate,Veg,2.55,40,Delivered,Monthly-Pre-paid,107.23,Yes,Good,
DBW04699,2022-08-08,Monday,Thane,Borivali,5.69,DW043,Residential,Veg,1.35,40,Delivered,Digital,46.41,No,Good,
DBW04700,2022-01-18,Tuesday,Lower Parel,Borivali,17.83,DW108,Corporate,Mix,1.93,57,Delivered,Monthly-Pre-paid,183.1,No,nan,
DBW04701,2023-10-11,Wednesday,Chembur,Bandra,13.58,DW103,Corporate,Mix,2.83,55,Delivered,Monthly-Pre-paid,137.88,No,Poor,
DBW04702,2022-02-11,Friday,Malad,Malad,1.3,DW029,Hospital,Mix,2.03,16,Delivered,Cash,24.47,No,Excellent,
DBW04703,2023-02-02,Thursday,Sion,Sion,0.5,DW087,Corporate,Veg,2.98,25,Delivered,Cash,23.97,No,nan,
DBW04704,2023-09-16,Saturday,Thane,Malad,9.04,DW081,Residential,Non-Veg,1.48,25,Delivered,Digital,104.8,Yes,Poor,
DBW04705,2023-06-21,Wednesday,Chembur,Bandra,13.29,DW015,Corporate,Non-Veg,2.7,53,Delivered,Cash,103.16,No,nan,
DBW04706,2022-06-21,Tuesday,Andheri,Kurla,3.48,DW115,Residential,Veg,1.81,43,Delivered,Digital,64.18,Yes,Good,
DBW04707,2022-12-10,Saturday,Andheri,Thane,7.62,DW129,Residential,Non-Veg,1.64,48,Delayed,Digital,105.79,Yes,Average,
DBW04708,2023-02-05,Sunday,Andheri,Ghatkopar,15.93,DW143,Corporate,Mix,2.12,59,Delivered,Digital,170.77,No,Good,
DBW04709,2023-07-15,Saturday,Thane,Chembur,7.83,DW014,Corporate,Mix,1.74,28,Delivered,Cash,109.99,Yes,Good,
DBW04710,2022-11-08,Tuesday,Malad,Chembur,3.76,DW027,Corporate,Mix,1.76,28,Delivered,Digital,48.42,No,Average,
DBW04711,2022-07-28,Thursday,Worli,Andheri,16.01,DW124,Corporate,Veg,2.04,64,Delivered,Monthly-Pre-paid,173.6,No,Good,
DBW04712,2023-08-04,Friday,Malad,Thane,8.41,DW046,Corporate,Non-Veg,0.9,44,Delivered,Cash,101.38,Yes,Good,
DBW04713,2023-10-10,Tuesday,Andheri,Churchgate,16.26,DW094,Residential,Non-Veg,1.4,71,Delivered,Digital,147.55,No,Good,
DBW04714,2022-12-23,Friday,Vikhroli,Bandra,16.51,DW053,Corporate,Veg,2.16,63,Delivered,Digital,169.06,Yes,Excellent,
DBW04715,2022-01-21,Friday,Worli,Kurla,9.33,DW033,Corporate,Non-Veg,2.3,48,Delivered,Digital,111.21,No,nan,
DBW04716,2023-01-01,Sunday,Sion,Churchgate,10.66,DW094,Corporate,Non-Veg,1.98,44,Delivered,Digital,138.4,Yes,Poor,
DBW04717,2023-10-12,Thursday,Andheri,Sion,11.7,DW031,Hospital,Veg,1.94,47,Delivered,Cash,141.57,Yes,Good,
DBW04718,2023-12-24,Sunday,Dadar,Malad,6.17,DW021,Corporate,Non-Veg,2.0,25,Delivered,Digital,68.97,No,Average,
DBW04719,2022-10-20,Thursday,Worli,Borivali,5.14,DW080,Residential,Non-Veg,2.28,39,Delivered,Cash,76.19,No,nan,
DBW04720,2022-04-20,Wednesday,Kurla,Ghatkopar,15.75,DW030,Residential,Veg,1.09,54,Delivered,Cash,160.96,Yes,Good,
DBW04721,2023-02-22,Wednesday,Sion,Kurla,5.74,DW029,Corporate,Non-Veg,1.55,23,Delivered,Digital,79.72,Yes,Average,
DBW04722,2023-08-30,Wednesday,Andheri,Ghatkopar,14.56,DW118,Corporate,Mix,1.76,57,Delivered,Monthly-Pre-paid,141.88,No,Excellent,
DBW04723,2023-11-21,Tuesday,Borivali,Bandra,17.16,DW080,Corporate,Veg,1.9,82,Delayed,Monthly-Pre-paid,193.58,Yes,nan,
DBW04724,2022-02-07,Monday,Churchgate,Malad,17.5,DW082,Residential,Non-Veg,0.75,71,Delivered,Digital,160.68,No,Excellent,
DBW04725,2022-08-01,Monday,Kurla,Chembur,8.43,DW022,Corporate,Veg,1.17,60,Delayed,Digital,122.47,Yes,Poor,
DBW04726,2022-12-15,Thursday,Ghatkopar,Chembur,19.44,DW025,Corporate,Mix,1.79,67,Delivered,Digital,164.17,Yes,Good,
DBW04727,2022-03-13,Sunday,Thane,Sion,4.11,DW059,Hospital,Mix,2.31,10,Delivered,Cash,57.12,Yes,Average,
DBW04728,2023-10-10,Tuesday,Malad,Dadar,6.46,DW059,Residential,Non-Veg,1.59,38,Delivered,Digital,93.12,Yes,Good,
DBW04729,2022-03-23,Wednesday,Chembur,Dadar,10.4,DW068,Corporate,Mix,1.47,36,Delivered,Cash,97.38,No,Good,
DBW04730,2023-05-01,Monday,Malad,Vikhroli,8.73,DW021,Hospital,Non-Veg,2.06,46,Delivered,Monthly-Pre-paid,88.85,No,nan,
DBW04731,2023-11-02,Thursday,Sion,Malad,10.4,DW135,Corporate,Mix,1.64,47,Delivered,Digital,121.23,Yes,Good,
DBW04732,2023-05-16,Tuesday,Goregaon,Goregaon,2.18,DW055,Corporate,Mix,2.24,31,Delivered,Digital,21.52,Yes,Excellent,
DBW04733,2023-07-12,Wednesday,Lower Parel,Kurla,13.01,DW123,Corporate,Non-Veg,1.69,44,Delivered,Digital,150.67,Yes,Poor,
DBW04734,2022-07-12,Tuesday,Sion,Churchgate,8.69,DW061,School,Non-Veg,1.24,37,Delivered,Cash,121.7,No,Good,
DBW04735,2023-08-28,Monday,Dadar,Worli,15.98,DW071,Corporate,Mix,2.51,63,Delivered,Cash,180.67,No,Excellent,
DBW04736,2022-11-02,Wednesday,Thane,Thane,0.5,DW017,Residential,Veg,2.42,31,Delivered,Cash,38.88,Yes,Excellent,
DBW04737,2022-02-14,Monday,Borivali,Vikhroli,5.36,DW102,Residential,Veg,1.32,45,Delivered,Monthly-Pre-paid,66.46,No,Good,
DBW04738,2022-09-25,Sunday,Kurla,Dadar,7.25,DW009,Residential,Non-Veg,2.0,37,Delivered,Cash,82.53,No,Poor,
DBW04739,2022-09-13,Tuesday,Borivali,Worli,3.59,DW113,Corporate,Veg,1.64,26,Delivered,Cash,63.03,No,Average,
DBW04740,2023-01-16,Monday,Worli,Churchgate,3.9,DW133,Corporate,Non-Veg,2.11,20,Delivered,Cash,63.18,No,Excellent,
DBW04741,2022-07-13,Wednesday,Vikhroli,Worli,6.68,DW055,Residential,Mix,1.36,39,Delivered,Digital,77.72,Yes,Good,
DBW04742,2022-12-04,Sunday,Ghatkopar,Sion,19.61,DW134,Corporate,Mix,2.24,47,Delivered,Digital,210.6,Yes,Average,
DBW04743,2022-11-09,Wednesday,Chembur,Sion,11.41,DW105,Residential,Mix,2.4,53,Delivered,Digital,117.56,No,Poor,
DBW04744,2022-08-27,Saturday,Goregaon,Vikhroli,13.94,DW001,Corporate,Mix,1.33,57,Delivered,Digital,163.11,Yes,Good,
DBW04745,2023-05-24,Wednesday,Kurla,Worli,9.73,DW031,Residential,Veg,1.83,42,Delivered,Digital,109.31,Yes,Good,
DBW04746,2022-08-12,Friday,Borivali,Lower Parel,17.33,DW097,Residential,Mix,2.41,74,Delivered,Cash,169.23,No,nan,
DBW04747,2023-07-14,Friday,Vikhroli,Malad,9.28,DW106,Residential,Non-Veg,1.3,69,Delayed,Cash,111.99,No,Good,
DBW04748,2022-07-03,Sunday,Vikhroli,Sion,5.17,DW015,Residential,Mix,1.47,33,Returned,Monthly-Pre-paid,78.94,No,nan,Wrong Address
DBW04749,2023-09-24,Sunday,Churchgate,Lower Parel,12.89,DW103,Corporate,Veg,2.13,47,Delivered,Monthly-Pre-paid,130.94,No,Excellent,
DBW04750,2022-09-24,Saturday,Andheri,Andheri,1.84,DW122,Corporate,Veg,1.72,24,Delayed,Cash,53.16,Yes,Good,
DBW04751,2022-01-30,Sunday,Chembur,Vikhroli,11.3,DW014,Corporate,Mix,1.01,34,Delivered,Monthly-Pre-paid,130.72,No,Excellent,
DBW04752,2022-04-20,Wednesday,Bandra,Vikhroli,13.37,DW132,Residential,Veg,1.64,54,Delivered,Monthly-Pre-paid,161.73,No,Poor,
DBW04753,2023-08-12,Saturday,Worli,Lower Parel,13.58,DW080,Corporate,Non-Veg,2.67,50,Delivered,Monthly-Pre-paid,139.69,Yes,Good,
DBW04754,2023-09-29,Friday,Lower Parel,Bandra,8.2,DW093,Corporate,Veg,2.83,51,Delivered,Digital,83.93,Yes,Poor,
DBW04755,2022-06-04,Saturday,Thane,Ghatkopar,18.06,DW008,Corporate,Veg,1.48,51,Delivered,Digital,164.3,No,Poor,
DBW04756,2023-03-16,Thursday,Bandra,Kurla,12.47,DW092,Corporate,Mix,1.34,40,Delivered,Digital,165.31,Yes,Excellent,
DBW04757,2023-02-24,Friday,Ghatkopar,Sion,18.84,DW069,Residential,Mix,1.57,60,Delivered,Cash,152.56,No,Excellent,
DBW04758,2022-04-08,Friday,Lower Parel,Sion,16.56,DW056,Residential,Veg,2.7,78,Delivered,Cash,144.64,Yes,nan,
DBW04759,2022-11-26,Saturday,Vikhroli,Dadar,6.54,DW118,Corporate,Mix,2.22,45,Delayed,Digital,82.67,No,Good,
DBW04760,2023-05-22,Monday,Kurla,Sion,4.68,DW038,Corporate,Veg,2.53,27,Delivered,Digital,58.25,No,Poor,
DBW04761,2023-12-08,Friday,Lower Parel,Andheri,13.63,DW009,Residential,Veg,2.3,60,Delivered,Cash,151.3,No,Average,
DBW04762,2023-09-11,Monday,Lower Parel,Chembur,19.49,DW075,Residential,Mix,1.14,71,Delivered,Digital,196.87,Yes,Average,
DBW04763,2022-03-13,Sunday,Kurla,Churchgate,9.83,DW112,Hospital,Veg,1.33,29,Delivered,Monthly-Pre-paid,100.61,Yes,Good,
DBW04764,2022-06-23,Thursday,Bandra,Vikhroli,14.13,DW021,Hospital,Veg,1.45,61,Delivered,Monthly-Pre-paid,165.56,No,Average,
DBW04765,2022-11-15,Tuesday,Malad,Worli,14.04,DW148,Hospital,Veg,1.54,43,Delivered,Monthly-Pre-paid,125.79,Yes,nan,
DBW04766,2022-04-20,Wednesday,Thane,Churchgate,10.92,DW101,Hospital,Veg,1.46,40,Delivered,Cash,106.27,No,Average,
DBW04767,2023-02-21,Tuesday,Goregaon,Kurla,15.99,DW141,Hospital,Veg,1.52,71,Delayed,Digital,181.53,No,nan,
DBW04768,2022-01-07,Friday,Ghatkopar,Worli,20.37,DW071,Residential,Non-Veg,2.12,77,Delivered,Digital,173.41,No,Excellent,
DBW04769,2022-03-24,Thursday,Worli,Vikhroli,6.47,DW019,Residential,Veg,1.87,46,Delivered,Digital,86.98,Yes,Poor,
DBW04770,2022-02-04,Friday,Lower Parel,Ghatkopar,3.02,DW027,Residential,Veg,2.41,38,Delivered,Monthly-Pre-paid,77.7,Yes,Good,
DBW04771,2022-08-04,Thursday,Borivali,Dadar,12.24,DW076,Corporate,Mix,1.93,59,Delivered,Cash,88.95,No,Excellent,
DBW04772,2023-07-11,Tuesday,Thane,Dadar,10.06,DW089,Corporate,Veg,1.46,45,Delivered,Digital,105.38,No,Average,
DBW04773,2022-05-10,Tuesday,Andheri,Ghatkopar,13.43,DW111,Hospital,Non-Veg,1.89,47,Delivered,Monthly-Pre-paid,151.68,Yes,Average,
DBW04774,2023-12-22,Friday,Churchgate,Goregaon,11.35,DW120,Residential,Veg,1.04,51,Delivered,Digital,116.78,No,nan,
DBW04775,2022-07-16,Saturday,Ghatkopar,Worli,18.97,DW115,Corporate,Non-Veg,0.64,60,Delivered,Digital,182.68,No,Average,
DBW04776,2022-02-02,Wednesday,Ghatkopar,Vikhroli,14.4,DW089,Corporate,Non-Veg,2.12,53,Delivered,Monthly-Pre-paid,148.01,No,Excellent,
DBW04777,2022-09-02,Friday,Sion,Vikhroli,4.73,DW003,Corporate,Non-Veg,2.31,42,Delivered,Cash,72.51,No,nan,
DBW04778,2023-07-01,Saturday,Sion,Sion,0.5,DW080,Corporate,Mix,1.84,8,Delivered,Digital,21.91,No,Good,
DBW04779,2022-03-19,Saturday,Worli,Vikhroli,8.49,DW123,Residential,Veg,1.6,38,Delivered,Digital,109.38,Yes,Average,
DBW04780,2022-02-22,Tuesday,Malad,Vikhroli,10.64,DW128,Residential,Non-Veg,1.13,44,Delivered,Cash,118.95,Yes,Good,
DBW04781,2023-09-13,Wednesday,Lower Parel,Churchgate,11.98,DW126,Residential,Non-Veg,2.38,65,Delayed,Digital,108.64,No,Good,
DBW04782,2023-03-09,Thursday,Vikhroli,Bandra,14.98,DW002,Corporate,Mix,2.05,51,Delivered,Monthly-Pre-paid,142.87,No,Good,
DBW04783,2022-09-08,Thursday,Sion,Churchgate,10.21,DW066,Corporate,Non-Veg,1.95,55,Delivered,Monthly-Pre-paid,90.47,No,Average,
DBW04784,2023-07-06,Thursday,Dadar,Sion,12.68,DW093,Corporate,Mix,1.8,54,Delivered,Cash,134.66,No,Poor,
DBW04785,2023-09-09,Saturday,Kurla,Dadar,6.26,DW038,Corporate,Mix,1.57,14,Delivered,Monthly-Pre-paid,87.42,Yes,nan,
DBW04786,2022-09-20,Tuesday,Goregaon,Sion,17.69,DW062,Residential,Mix,1.24,68,Delivered,Monthly-Pre-paid,174.73,No,nan,
DBW04787,2023-02-14,Tuesday,Borivali,Churchgate,9.76,DW015,Corporate,Non-Veg,1.93,44,Delivered,Monthly-Pre-paid,116.35,Yes,Excellent,
DBW04788,2022-01-08,Saturday,Sion,Bandra,19.12,DW030,Hospital,Mix,1.53,54,Delivered,Cash,184.97,No,Excellent,
DBW04789,2022-08-12,Friday,Churchgate,Sion,11.22,DW001,Residential,Veg,1.59,57,Delivered,Monthly-Pre-paid,131.23,No,Excellent,
DBW04790,2023-03-11,Saturday,Sion,Borivali,1.31,DW147,Corporate,Non-Veg,2.66,14,Delivered,Cash,38.56,No,nan,
DBW04791,2022-05-24,Tuesday,Andheri,Borivali,11.75,DW129,Corporate,Mix,1.78,29,Delivered,Cash,134.53,No,Excellent,
DBW04792,2023-12-25,Monday,Sion,Vikhroli,2.67,DW061,Corporate,Veg,0.57,23,Delivered,Digital,32.06,Yes,Average,
DBW04793,2023-12-10,Sunday,Worli,Andheri,14.07,DW001,Corporate,Mix,1.53,40,Delivered,Monthly-Pre-paid,121.61,No,nan,
DBW04794,2022-07-08,Friday,Worli,Vikhroli,6.86,DW051,Hospital,Veg,1.3,27,Delivered,Monthly-Pre-paid,86.15,Yes,Good,
DBW04795,2022-10-17,Monday,Worli,Bandra,19.65,DW066,Residential,Mix,1.73,78,Delivered,Digital,197.5,No,Excellent,
DBW04796,2022-05-19,Thursday,Worli,Thane,10.83,DW026,Residential,Veg,1.09,53,Delayed,Cash,112.47,Yes,Excellent,
DBW04797,2023-01-03,Tuesday,Dadar,Malad,5.56,DW100,Residential,Mix,2.02,44,Delivered,Monthly-Pre-paid,84.02,No,Average,
DBW04798,2022-04-01,Friday,Bandra,Goregaon,18.61,DW150,Hospital,Mix,1.65,82,Delivered,Cash,183.54,Yes,Good,
DBW04799,2022-10-13,Thursday,Churchgate,Malad,16.39,DW127,Hospital,Mix,1.56,54,Delivered,Monthly-Pre-paid,130.35,Yes,Good,
DBW04800,2023-02-10,Friday,Borivali,Thane,6.04,DW129,Corporate,Non-Veg,1.87,38,Delivered,Cash,113.21,No,Excellent,
DBW04801,2023-03-23,Thursday,Chembur,Sion,10.43,DW125,Corporate,Mix,1.76,33,Delivered,Digital,94.54,No,Poor,
DBW04802,2023-03-12,Sunday,Bandra,Chembur,14.19,DW011,Corporate,Veg,1.73,45,Delivered,Cash,129.39,Yes,nan,
DBW04803,2022-06-11,Saturday,Lower Parel,Andheri,13.21,DW083,Corporate,Veg,1.69,33,Delivered,Monthly-Pre-paid,152.93,No,Average,
DBW04804,2023-08-02,Wednesday,Lower Parel,Ghatkopar,4.74,DW085,Residential,Veg,1.79,25,Delivered,Cash,68.23,No,Good,
DBW04805,2023-05-20,Saturday,Andheri,Bandra,9.74,DW016,Corporate,Mix,1.97,32,Delivered,Monthly-Pre-paid,96.39,No,Good,
DBW04806,2023-07-04,Tuesday,Dadar,Vikhroli,7.07,DW023,Residential,Mix,1.91,36,Delivered,Monthly-Pre-paid,79.52,No,Excellent,
DBW04807,2022-12-08,Thursday,Thane,Chembur,5.6,DW085,Corporate,Mix,2.36,35,Delivered,Cash,61.62,Yes,nan,
DBW04808,2023-10-14,Saturday,Ghatkopar,Kurla,14.5,DW108,Residential,Non-Veg,1.53,48,Delivered,Monthly-Pre-paid,134.0,Yes,Good,
DBW04809,2022-10-12,Wednesday,Churchgate,Bandra,19.6,DW032,Corporate,Veg,1.92,76,Returned,Digital,198.62,Yes,Excellent,Wrong Address
DBW04810,2023-08-12,Saturday,Vikhroli,Malad,9.26,DW073,Corporate,Veg,3.02,40,Delivered,Cash,96.63,No,Average,
DBW04811,2022-05-29,Sunday,Dadar,Goregaon,14.06,DW012,Hospital,Non-Veg,1.78,36,Delivered,Cash,126.42,Yes,nan,
DBW04812,2022-06-30,Thursday,Bandra,Kurla,13.72,DW017,Corporate,Mix,1.8,57,Delivered,Cash,128.39,Yes,Good,
DBW04813,2023-01-20,Friday,Chembur,Worli,17.19,DW088,Residential,Mix,1.17,63,Delivered,Monthly-Pre-paid,165.16,Yes,Average,
DBW04814,2023-02-10,Friday,Dadar,Ghatkopar,7.89,DW084,Hospital,Mix,1.44,31,Delivered,Cash,81.86,No,nan,
DBW04815,2023-06-29,Thursday,Ghatkopar,Worli,18.78,DW113,Corporate,Mix,1.75,63,Delivered,Digital,175.63,Yes,Excellent,
DBW04816,2022-08-06,Saturday,Ghatkopar,Bandra,10.16,DW137,Corporate,Non-Veg,2.07,30,Delivered,Digital,116.48,No,Poor,
DBW04817,2023-09-30,Saturday,Thane,Kurla,4.46,DW029,Corporate,Veg,2.12,36,Delayed,Digital,58.46,No,Good,
DBW04818,2022-08-29,Monday,Lower Parel,Malad,15.06,DW052,Corporate,Non-Veg,1.96,53,Delivered,Cash,137.6,No,Average,
DBW04819,2023-01-25,Wednesday,Chembur,Bandra,12.7,DW129,School,Veg,2.2,63,Delayed,Digital,121.15,No,Excellent,
DBW04820,2023-11-12,Sunday,Kurla,Bandra,11.89,DW008,Hospital,Mix,1.3,33,Delivered,Monthly-Pre-paid,146.03,No,Excellent,
DBW04821,2023-01-29,Sunday,Malad,Goregaon,20.33,DW125,Corporate,Veg,2.04,58,Delivered,Monthly-Pre-paid,225.25,No,Good,
DBW04822,2023-05-13,Saturday,Worli,Bandra,20.94,DW142,Residential,Non-Veg,1.81,83,Delayed,Cash,198.21,No,Good,
DBW04823,2023-10-26,Thursday,Churchgate,Ghatkopar,16.4,DW015,Hospital,Veg,1.86,50,Delivered,Monthly-Pre-paid,172.11,Yes,Good,
DBW04824,2023-12-13,Wednesday,Thane,Chembur,6.81,DW022,Corporate,Mix,1.62,40,Delivered,Digital,70.38,No,Excellent,
DBW04825,2022-12-31,Saturday,Bandra,Dadar,6.46,DW103,Corporate,Non-Veg,1.32,36,Delivered,Cash,72.83,No,Average,
DBW04826,2022-11-01,Tuesday,Worli,Andheri,14.89,DW072,Hospital,Mix,1.19,55,Delivered,Monthly-Pre-paid,155.85,No,Good,
DBW04827,2022-05-24,Tuesday,Vikhroli,Andheri,8.39,DW149,Residential,Non-Veg,1.96,59,Delayed,Monthly-Pre-paid,61.68,No,Average,
DBW04828,2023-01-28,Saturday,Ghatkopar,Worli,20.35,DW082,Corporate,Non-Veg,2.05,68,Delivered,Cash,204.41,No,Excellent,
DBW04829,2023-11-02,Thursday,Bandra,Worli,19.24,DW099,Residential,Non-Veg,1.74,67,Delivered,Cash,175.47,Yes,Average,
DBW04830,2022-12-22,Thursday,Bandra,Churchgate,19.96,DW036,Corporate,Mix,1.79,85,Delayed,Monthly-Pre-paid,173.54,No,Excellent,
DBW04831,2022-09-12,Monday,Worli,Worli,1.38,DW049,Residential,Veg,1.44,29,Delivered,Digital,46.86,Yes,Excellent,
DBW04832,2022-03-20,Sunday,Chembur,Kurla,7.96,DW027,Residential,Mix,2.05,28,Delivered,Monthly-Pre-paid,115.35,No,Good,
DBW04833,2022-10-12,Wednesday,Dadar,Andheri,5.35,DW023,Corporate,Non-Veg,1.83,30,Delivered,Digital,68.07,Yes,Average,
DBW04834,2022-06-22,Wednesday,Borivali,Goregaon,18.26,DW017,Residential,Veg,1.62,72,Delivered,Cash,180.44,No,Excellent,
DBW04835,2023-12-15,Friday,Churchgate,Malad,15.86,DW134,Residential,Mix,2.23,60,Delivered,Digital,163.71,No,Average,
DBW04836,2023-01-21,Saturday,Goregaon,Kurla,16.56,DW011,Residential,Veg,2.12,51,Delivered,Monthly-Pre-paid,166.07,Yes,Excellent,
DBW04837,2022-04-11,Monday,Sion,Ghatkopar,18.36,DW078,Residential,Non-Veg,1.03,68,Delivered,Monthly-Pre-paid,161.93,No,nan,
DBW04838,2022-02-19,Saturday,Ghatkopar,Dadar,6.94,DW077,Residential,Mix,1.82,62,Delayed,Digital,88.85,No,Good,
DBW04839,2023-09-14,Thursday,Borivali,Borivali,0.5,DW009,Corporate,Non-Veg,1.32,15,Delivered,Monthly-Pre-paid,36.76,Yes,Excellent,
DBW04840,2023-11-11,Saturday,Dadar,Churchgate,11.85,DW127,Corporate,Veg,1.87,39,Delivered,Cash,83.85,No,Average,
DBW04841,2023-07-11,Tuesday,Goregaon,Lower Parel,9.55,DW076,Residential,Veg,0.5,41,Delivered,Cash,119.29,Yes,Good,
DBW04842,2022-04-01,Friday,Dadar,Worli,15.06,DW020,Residential,Mix,1.9,59,Delivered,Monthly-Pre-paid,127.92,Yes,Good,
DBW04843,2022-03-13,Sunday,Goregaon,Borivali,19.19,DW020,Corporate,Non-Veg,2.16,50,Delivered,Cash,185.42,No,Average,
DBW04844,2022-05-25,Wednesday,Chembur,Kurla,8.24,DW106,School,Non-Veg,1.74,61,Delayed,Monthly-Pre-paid,118.69,Yes,Average,
DBW04845,2023-07-03,Monday,Thane,Chembur,8.32,DW093,Hospital,Non-Veg,1.22,41,Delivered,Monthly-Pre-paid,92.89,No,Excellent,
DBW04846,2023-07-13,Thursday,Thane,Andheri,8.1,DW062,Corporate,Veg,2.78,41,Delivered,Cash,79.13,Yes,Excellent,
DBW04847,2023-09-04,Monday,Borivali,Andheri,11.47,DW061,Corporate,Mix,2.38,54,Delivered,Digital,130.18,Yes,Good,
DBW04848,2022-03-12,Saturday,Borivali,Goregaon,15.41,DW006,Residential,Veg,1.53,57,Delivered,Digital,174.3,No,Good,
DBW04849,2022-04-22,Friday,Malad,Ghatkopar,16.86,DW005,Corporate,Mix,1.67,64,Delivered,Digital,148.27,Yes,Average,
DBW04850,2023-10-20,Friday,Malad,Dadar,5.82,DW081,School,Mix,0.81,25,Delivered,Monthly-Pre-paid,41.14,No,Good,
DBW04851,2023-11-09,Thursday,Churchgate,Worli,5.52,DW055,Residential,Veg,2.04,41,Delivered,Cash,91.93,Yes,Poor,
DBW04852,2023-06-14,Wednesday,Andheri,Vikhroli,9.11,DW038,Corporate,Veg,1.12,29,Delivered,Monthly-Pre-paid,115.68,No,Average,
DBW04853,2022-03-19,Saturday,Malad,Chembur,3.3,DW057,Corporate,Non-Veg,2.13,17,Delivered,Cash,62.21,No,Average,
DBW04854,2022-02-20,Sunday,Goregaon,Thane,19.8,DW091,Corporate,Veg,2.31,51,Delivered,Digital,161.37,No,Good,
DBW04855,2022-02-10,Thursday,Worli,Vikhroli,9.38,DW044,Residential,Mix,1.76,44,Delivered,Digital,114.04,No,Good,
DBW04856,2023-05-21,Sunday,Kurla,Lower Parel,13.64,DW053,Corporate,Non-Veg,1.27,39,Delivered,Digital,154.59,Yes,Good,
DBW04857,2023-09-10,Sunday,Andheri,Vikhroli,8.06,DW043,Hospital,Mix,2.42,26,Delivered,Monthly-Pre-paid,126.81,No,Excellent,
DBW04858,2023-04-07,Friday,Malad,Goregaon,20.3,DW100,Residential,Veg,1.8,78,Delivered,Digital,188.16,No,Good,
DBW04859,2022-07-11,Monday,Ghatkopar,Vikhroli,14.39,DW009,Hospital,Veg,1.85,60,Delivered,Digital,147.47,No,nan,
DBW04860,2023-07-07,Friday,Andheri,Vikhroli,8.41,DW138,Corporate,Non-Veg,1.33,44,Delivered,Digital,64.95,Yes,Poor,
DBW04861,2022-02-13,Sunday,Borivali,Ghatkopar,20.78,DW084,Corporate,Mix,1.9,54,Delivered,Digital,210.8,Yes,Excellent,
DBW04862,2023-08-28,Monday,Dadar,Borivali,12.95,DW037,Hospital,Mix,1.7,49,Delivered,Cash,147.73,Yes,Excellent,
DBW04863,2023-10-14,Saturday,Borivali,Lower Parel,14.58,DW114,Corporate,Mix,1.14,45,Delivered,Digital,152.66,Yes,Poor,
DBW04864,2023-06-09,Friday,Sion,Borivali,1.57,DW141,Corporate,Mix,2.47,37,Delivered,Digital,60.37,Yes,Good,
DBW04865,2023-10-04,Wednesday,Kurla,Sion,5.42,DW009,School,Veg,2.68,39,Delivered,Cash,61.64,Yes,Excellent,
DBW04866,2023-03-04,Saturday,Andheri,Malad,1.06,DW031,Residential,Non-Veg,2.31,40,Delayed,Digital,35.18,Yes,Poor,
DBW04867,2022-12-08,Thursday,Worli,Sion,6.85,DW022,Hospital,Mix,2.23,38,Delivered,Digital,82.08,Yes,Average,
DBW04868,2022-08-24,Wednesday,Sion,Andheri,12.14,DW011,Corporate,Non-Veg,2.68,62,Delivered,Monthly-Pre-paid,143.59,Yes,Good,
DBW04869,2023-11-04,Saturday,Dadar,Kurla,7.33,DW111,Residential,Mix,1.28,32,Delivered,Digital,105.44,No,Average,
DBW04870,2023-05-25,Thursday,Bandra,Thane,15.05,DW029,Residential,Mix,1.27,67,Delayed,Monthly-Pre-paid,155.14,No,Poor,
DBW04871,2022-05-20,Friday,Lower Parel,Andheri,12.96,DW058,Residential,Mix,1.59,41,Delivered,Cash,137.63,No,Average,
DBW04872,2023-11-30,Thursday,Churchgate,Thane,11.94,DW123,Corporate,Mix,1.95,55,Delivered,Digital,133.8,Yes,Average,
DBW04873,2022-02-13,Sunday,Chembur,Worli,15.49,DW092,Hospital,Non-Veg,1.65,40,Delivered,Monthly-Pre-paid,148.88,Yes,Excellent,
DBW04874,2023-03-05,Sunday,Kurla,Sion,5.49,DW102,Corporate,Mix,1.29,38,Returned,Digital,94.35,No,Good,Wrong Address
DBW04875,2022-05-20,Friday,Chembur,Dadar,12.83,DW015,Residential,Veg,1.8,72,Delayed,Monthly-Pre-paid,125.88,No,Average,
DBW04876,2023-04-30,Sunday,Lower Parel,Thane,14.14,DW146,Hospital,Veg,1.75,38,Delivered,Digital,149.59,Yes,Good,
DBW04877,2022-10-29,Saturday,Borivali,Sion,1.09,DW013,Residential,Non-Veg,2.22,11,Delivered,Monthly-Pre-paid,29.75,Yes,Good,
DBW04878,2022-11-16,Wednesday,Goregaon,Goregaon,0.5,DW107,Corporate,Veg,1.82,15,Delivered,Monthly-Pre-paid,48.2,Yes,Good,
DBW04879,2023-05-06,Saturday,Thane,Ghatkopar,18.81,DW096,Residential,Mix,0.85,52,Delivered,Monthly-Pre-paid,179.01,Yes,Average,
DBW04880,2023-07-06,Thursday,Ghatkopar,Ghatkopar,0.5,DW062,Residential,Veg,1.99,28,Delivered,Monthly-Pre-paid,65.0,Yes,Poor,
DBW04881,2022-10-05,Wednesday,Churchgate,Bandra,18.19,DW126,Corporate,Non-Veg,2.59,58,Delivered,Cash,173.64,No,Poor,
DBW04882,2023-12-30,Saturday,Churchgate,Thane,11.01,DW134,Corporate,Veg,1.81,26,Delivered,Monthly-Pre-paid,132.16,Yes,Average,
DBW04883,2022-12-30,Friday,Dadar,Bandra,8.16,DW011,Residential,Non-Veg,2.29,53,Delivered,Digital,85.79,Yes,nan,
DBW04884,2022-04-28,Thursday,Kurla,Worli,8.87,DW144,Residential,Veg,1.55,43,Delivered,Monthly-Pre-paid,96.33,No,Good,
DBW04885,2022-01-05,Wednesday,Ghatkopar,Borivali,19.08,DW037,School,Mix,2.08,68,Delivered,Cash,182.05,No,Good,
DBW04886,2022-05-28,Saturday,Kurla,Worli,11.95,DW119,Corporate,Mix,1.43,25,Delivered,Monthly-Pre-paid,130.91,Yes,Good,
DBW04887,2023-05-20,Saturday,Borivali,Sion,0.5,DW124,Corporate,Mix,1.68,16,Delivered,Cash,22.8,No,Excellent,
DBW04888,2023-01-29,Sunday,Thane,Sion,4.09,DW084,Corporate,Veg,1.68,23,Delivered,Cash,54.13,Yes,Excellent,
DBW04889,2022-09-04,Sunday,Worli,Malad,17.01,DW130,School,Veg,2.04,48,Delivered,Digital,167.43,Yes,Good,
DBW04890,2022-12-18,Sunday,Goregaon,Kurla,17.6,DW124,Hospital,Veg,1.39,44,Delivered,Digital,176.76,Yes,Good,
DBW04891,2023-09-04,Monday,Chembur,Thane,5.97,DW079,School,Non-Veg,1.07,27,Delivered,Cash,77.2,Yes,nan,
DBW04892,2023-02-22,Wednesday,Worli,Borivali,4.85,DW027,Residential,Mix,2.04,30,Delivered,Digital,66.08,Yes,Average,
DBW04893,2022-02-12,Saturday,Lower Parel,Churchgate,13.04,DW066,Corporate,Mix,2.02,46,Delivered,Monthly-Pre-paid,114.43,No,Poor,
DBW04894,2022-02-05,Saturday,Kurla,Sion,7.53,DW136,Residential,Mix,1.86,37,Delivered,Digital,97.73,No,Excellent,
DBW04895,2022-12-18,Sunday,Sion,Andheri,10.18,DW031,Corporate,Mix,2.27,37,Delivered,Digital,124.06,Yes,Excellent,
DBW04896,2022-10-23,Sunday,Dadar,Bandra,6.33,DW150,Corporate,Veg,1.7,22,Delivered,Monthly-Pre-paid,95.07,Yes,Excellent,
DBW04897,2023-09-13,Wednesday,Thane,Worli,10.43,DW028,Corporate,Non-Veg,1.94,49,Delivered,Cash,115.71,Yes,Good,
DBW04898,2023-03-02,Thursday,Vikhroli,Churchgate,8.55,DW100,Corporate,Veg,1.63,43,Delivered,Cash,89.37,Yes,Excellent,
DBW04899,2023-07-07,Friday,Andheri,Worli,16.36,DW097,Corporate,Veg,1.67,60,Delivered,Monthly-Pre-paid,156.07,No,Excellent,
DBW04900,2023-03-04,Saturday,Sion,Thane,2.9,DW030,School,Mix,1.97,16,Delivered,Cash,55.5,Yes,Excellent,
DBW04901,2022-09-10,Saturday,Borivali,Goregaon,16.8,DW071,Residential,Non-Veg,2.93,64,Returned,Cash,164.13,No,Average,Wrong Address
DBW04902,2023-04-25,Tuesday,Borivali,Goregaon,17.55,DW022,Residential,Mix,2.17,68,Delivered,Cash,157.71,No,nan,
DBW04903,2023-03-30,Thursday,Borivali,Vikhroli,6.59,DW055,Corporate,Mix,2.07,33,Delivered,Monthly-Pre-paid,57.5,No,Excellent,
DBW04904,2023-06-10,Saturday,Vikhroli,Churchgate,7.69,DW144,Residential,Non-Veg,2.19,42,Delivered,Cash,83.22,Yes,Excellent,
DBW04905,2022-05-19,Thursday,Chembur,Goregaon,24.39,DW009,Corporate,Veg,0.63,78,Delivered,Digital,220.99,Yes,Good,
DBW04906,2023-04-14,Friday,Thane,Ghatkopar,17.5,DW131,Corporate,Non-Veg,1.96,70,Delivered,Digital,174.63,Yes,Average,
DBW04907,2022-07-28,Thursday,Malad,Worli,17.81,DW102,Corporate,Non-Veg,2.26,66,Delivered,Cash,166.34,No,Good,
DBW04908,2023-07-31,Monday,Ghatkopar,Goregaon,12.68,DW113,Corporate,Mix,1.84,64,Delayed,Cash,127.7,No,Good,
DBW04909,2023-08-06,Sunday,Goregaon,Chembur,25.49,DW043,Hospital,Non-Veg,1.78,70,Delivered,Digital,235.62,No,Excellent,
DBW04910,2023-04-02,Sunday,Malad,Ghatkopar,15.27,DW143,Hospital,Mix,1.33,39,Delivered,Cash,175.63,Yes,Good,
DBW04911,2023-11-23,Thursday,Andheri,Chembur,5.38,DW039,Corporate,Veg,1.58,27,Delivered,Monthly-Pre-paid,70.53,Yes,Excellent,
DBW04912,2023-01-28,Saturday,Chembur,Churchgate,17.47,DW076,Residential,Veg,1.38,48,Delivered,Digital,146.51,No,Average,
DBW04913,2022-01-19,Wednesday,Ghatkopar,Worli,17.09,DW006,Corporate,Mix,2.3,75,Returned,Cash,156.44,Yes,Poor,nan
DBW04914,2023-03-19,Sunday,Ghatkopar,Goregaon,13.78,DW134,Corporate,Non-Veg,2.55,35,Delivered,Digital,167.37,No,nan,
DBW04915,2023-07-22,Saturday,Borivali,Worli,5.64,DW106,Residential,Mix,2.77,34,Delivered,Monthly-Pre-paid,96.62,No,Good,
DBW04916,2022-03-15,Tuesday,Andheri,Malad,1.23,DW025,Residential,Mix,1.38,26,Delivered,Digital,53.9,Yes,Poor,
DBW04917,2022-03-18,Friday,Sion,Vikhroli,3.88,DW100,Residential,Veg,1.47,28,Delivered,Digital,71.56,No,Good,
DBW04918,2022-07-19,Tuesday,Ghatkopar,Andheri,13.32,DW028,Corporate,Mix,1.43,49,Delivered,Cash,147.22,Yes,Good,
DBW04919,2023-09-09,Saturday,Ghatkopar,Bandra,9.29,DW067,Residential,Veg,1.29,20,Delivered,Monthly-Pre-paid,100.74,No,Excellent,
DBW04920,2023-01-21,Saturday,Borivali,Vikhroli,7.07,DW077,Corporate,Veg,1.3,39,Delivered,Monthly-Pre-paid,99.57,No,Good,
DBW04921,2023-12-14,Thursday,Andheri,Borivali,11.24,DW140,Corporate,Veg,1.54,47,Delivered,Digital,133.48,Yes,Poor,
DBW04922,2023-09-30,Saturday,Bandra,Malad,10.41,DW050,Corporate,Mix,2.24,43,Delivered,Cash,125.92,No,nan,
DBW04923,2023-02-10,Friday,Andheri,Chembur,5.48,DW002,Corporate,Veg,1.44,31,Delivered,Cash,64.88,Yes,Good,
DBW04924,2023-05-11,Thursday,Churchgate,Andheri,16.22,DW065,Corporate,Mix,2.33,64,Delivered,Digital,154.92,Yes,Average,
DBW04925,2022-08-30,Tuesday,Borivali,Vikhroli,7.18,DW139,Corporate,Non-Veg,2.48,39,Delivered,Digital,77.83,Yes,Excellent,
DBW04926,2022-03-07,Monday,Churchgate,Andheri,15.89,DW120,Residential,Veg,1.94,77,Delivered,Monthly-Pre-paid,172.09,Yes,Average,
DBW04927,2022-10-19,Wednesday,Thane,Dadar,11.26,DW009,Corporate,Veg,2.41,48,Delivered,Digital,124.62,Yes,Excellent,
DBW04928,2023-03-09,Thursday,Thane,Kurla,4.18,DW009,Corporate,Non-Veg,1.12,19,Delivered,Monthly-Pre-paid,69.29,No,Good,
DBW04929,2022-05-14,Saturday,Worli,Lower Parel,15.47,DW114,School,Non-Veg,1.52,48,Delivered,Cash,162.39,No,Average,
DBW04930,2022-06-11,Saturday,Borivali,Andheri,13.23,DW109,Hospital,Veg,1.89,39,Delivered,Digital,114.65,No,Good,
DBW04931,2022-01-11,Tuesday,Worli,Vikhroli,7.54,DW084,Corporate,Non-Veg,1.91,38,Delivered,Digital,103.56,Yes,Excellent,
DBW04932,2023-06-20,Tuesday,Kurla,Chembur,8.05,DW014,Corporate,Mix,2.51,42,Delivered,Cash,86.29,No,nan,
DBW04933,2023-10-19,Thursday,Ghatkopar,Borivali,20.96,DW043,Corporate,Non-Veg,1.3,68,Delivered,Digital,190.96,No,Good,
DBW04934,2023-08-28,Monday,Thane,Dadar,11.27,DW128,School,Veg,1.53,40,Delivered,Monthly-Pre-paid,107.61,No,Excellent,
DBW04935,2022-10-05,Wednesday,Sion,Borivali,2.31,DW021,Corporate,Non-Veg,1.76,30,Delivered,Digital,49.7,No,Good,
DBW04936,2023-03-10,Friday,Ghatkopar,Chembur,15.62,DW031,Corporate,Mix,1.54,60,Delivered,Digital,153.94,No,Average,
DBW04937,2023-12-03,Sunday,Goregaon,Bandra,19.55,DW068,Residential,Non-Veg,1.28,47,Delivered,Digital,165.56,No,Good,
DBW04938,2023-03-08,Wednesday,Chembur,Chembur,0.5,DW111,Residential,Non-Veg,1.56,26,Delivered,Monthly-Pre-paid,7.16,No,nan,
DBW04939,2022-08-04,Thursday,Bandra,Thane,15.76,DW125,Corporate,Mix,1.68,78,Delayed,Monthly-Pre-paid,153.05,Yes,Excellent,
DBW04940,2022-09-05,Monday,Churchgate,Dadar,13.72,DW089,Corporate,Mix,2.52,64,Delivered,Digital,151.99,Yes,Good,
DBW04941,2023-06-15,Thursday,Dadar,Worli,14.21,DW074,Corporate,Veg,1.29,47,Delivered,Digital,154.4,No,Excellent,
DBW04942,2022-11-22,Tuesday,Andheri,Sion,11.62,DW058,Corporate,Mix,2.21,42,Delivered,Monthly-Pre-paid,137.94,No,Excellent,
DBW04943,2023-09-04,Monday,Andheri,Lower Parel,12.75,DW007,Corporate,Mix,2.44,50,Delivered,Digital,129.01,No,Excellent,
DBW04944,2023-09-23,Saturday,Borivali,Kurla,7.82,DW041,Hospital,Mix,1.54,37,Delayed,Monthly-Pre-paid,87.28,No,Excellent,
DBW04945,2022-01-27,Thursday,Andheri,Kurla,6.63,DW033,Residential,Non-Veg,1.93,22,Delivered,Monthly-Pre-paid,81.35,No,Average,
DBW04946,2023-06-13,Tuesday,Goregaon,Sion,18.42,DW009,Residential,Mix,2.09,70,Delivered,Monthly-Pre-paid,189.45,No,Poor,
DBW04947,2022-09-28,Wednesday,Thane,Thane,0.5,DW112,Residential,Veg,2.01,24,Delivered,Monthly-Pre-paid,58.19,Yes,Poor,
DBW04948,2023-01-15,Sunday,Lower Parel,Borivali,17.43,DW054,Residential,Non-Veg,1.84,57,Delivered,Monthly-Pre-paid,162.5,No,Average,
DBW04949,2022-07-13,Wednesday,Malad,Ghatkopar,16.26,DW077,Corporate,Mix,1.46,86,Delayed,Cash,156.08,Yes,Good,
DBW04950,2022-09-26,Monday,Bandra,Worli,20.64,DW031,Residential,Veg,2.13,79,Delivered,Digital,195.6,Yes,Good,
DBW04951,2022-08-30,Tuesday,Borivali,Dadar,13.2,DW089,Corporate,Mix,1.61,53,Delivered,Digital,131.59,No,Good,
DBW04952,2022-02-06,Sunday,Churchgate,Lower Parel,12.91,DW021,Corporate,Veg,1.81,46,Delivered,Cash,124.61,No,Good,
DBW04953,2023-07-26,Wednesday,Malad,Chembur,6.2,DW102,Corporate,Non-Veg,1.89,40,Delivered,Digital,77.69,No,Average,
DBW04954,2022-04-15,Friday,Lower Parel,Thane,16.95,DW111,Residential,Non-Veg,2.23,98,Delayed,Digital,153.77,No,Good,
DBW04955,2022-10-02,Sunday,Churchgate,Sion,9.03,DW047,Residential,Mix,2.76,33,Delivered,Digital,113.15,Yes,Average,
DBW04956,2022-05-21,Saturday,Sion,Sion,2.33,DW032,Residential,Non-Veg,1.43,21,Delivered,Digital,70.75,No,Excellent,
DBW04957,2022-04-28,Thursday,Chembur,Borivali,10.04,DW118,Residential,Mix,1.83,44,Delivered,Cash,106.02,No,Excellent,
DBW04958,2022-09-30,Friday,Vikhroli,Worli,7.89,DW034,Hospital,Non-Veg,1.06,49,Returned,Digital,118.05,No,nan,nan
DBW04959,2023-11-02,Thursday,Andheri,Kurla,5.15,DW027,Corporate,Non-Veg,2.54,31,Delivered,Monthly-Pre-paid,69.6,Yes,Good,
DBW04960,2023-11-21,Tuesday,Goregaon,Kurla,18.46,DW052,Corporate,Veg,1.82,79,Returned,Cash,167.25,No,nan,Wrong Address
DBW04961,2022-10-06,Thursday,Thane,Churchgate,12.64,DW145,Residential,Veg,1.65,61,Delivered,Digital,141.45,Yes,Good,
DBW04962,2023-01-04,Wednesday,Borivali,Borivali,0.5,DW070,Residential,Mix,1.83,29,Delivered,Digital,20.14,Yes,Excellent,
DBW04963,2023-12-21,Thursday,Churchgate,Kurla,10.67,DW040,Corporate,Veg,1.85,47,Delivered,Digital,124.72,No,Good,
DBW04964,2022-06-21,Tuesday,Borivali,Ghatkopar,18.87,DW078,Corporate,Veg,1.43,62,Delivered,Cash,184.77,No,Excellent,
DBW04965,2023-11-21,Tuesday,Dadar,Vikhroli,6.8,DW053,School,Veg,2.39,45,Delivered,Cash,78.33,Yes,Poor,
DBW04966,2022-03-19,Saturday,Dadar,Kurla,6.02,DW100,Corporate,Non-Veg,2.12,29,Delivered,Monthly-Pre-paid,70.52,Yes,Good,
DBW04967,2022-06-14,Tuesday,Goregaon,Thane,18.73,DW066,Hospital,Veg,2.19,68,Delivered,Digital,166.77,No,Good,
DBW04968,2022-09-04,Sunday,Dadar,Vikhroli,7.37,DW089,Residential,Non-Veg,1.46,38,Delivered,Monthly-Pre-paid,104.46,No,Good,
DBW04969,2022-01-28,Friday,Borivali,Dadar,12.6,DW066,Hospital,Mix,1.43,57,Delivered,Monthly-Pre-paid,127.44,Yes,Excellent,
DBW04970,2023-08-19,Saturday,Malad,Thane,6.44,DW073,Corporate,Non-Veg,1.74,25,Delivered,Cash,86.23,No,Average,
DBW04971,2023-09-17,Sunday,Lower Parel,Bandra,7.98,DW068,Residential,Non-Veg,2.2,21,Delivered,Digital,93.68,No,Excellent,
DBW04972,2022-10-07,Friday,Malad,Kurla,6.42,DW060,Corporate,Mix,2.05,38,Delivered,Monthly-Pre-paid,78.16,Yes,Average,
DBW04973,2023-09-03,Sunday,Thane,Chembur,7.83,DW145,Corporate,Mix,1.41,33,Delivered,Cash,97.55,No,Good,
DBW04974,2023-07-18,Tuesday,Malad,Goregaon,21.74,DW040,Corporate,Non-Veg,2.13,77,Delivered,Cash,211.6,Yes,Poor,
DBW04975,2023-08-09,Wednesday,Kurla,Thane,4.35,DW121,Corporate,Veg,1.31,35,Delivered,Cash,66.85,No,Good,
DBW04976,2023-08-09,Wednesday,Ghatkopar,Borivali,21.16,DW107,Corporate,Mix,1.47,61,Delivered,Digital,196.42,Yes,Poor,
DBW04977,2023-02-23,Thursday,Andheri,Worli,16.68,DW080,Residential,Mix,1.88,79,Returned,Digital,147.13,No,Excellent,nan
DBW04978,2022-03-22,Tuesday,Sion,Thane,6.42,DW048,Corporate,Veg,1.21,40,Delivered,Monthly-Pre-paid,72.34,No,Average,
DBW04979,2023-11-06,Monday,Andheri,Churchgate,19.45,DW073,Corporate,Veg,1.32,69,Delivered,Monthly-Pre-paid,180.97,Yes,Good,
DBW04980,2023-03-21,Tuesday,Thane,Bandra,14.04,DW128,Corporate,Veg,2.58,49,Delivered,Cash,142.54,No,Excellent,
DBW04981,2023-10-20,Friday,Chembur,Dadar,8.79,DW028,Residential,Veg,2.48,53,Delivered,Monthly-Pre-paid,74.24,Yes,Excellent,
DBW04982,2023-12-02,Saturday,Worli,Lower Parel,15.48,DW088,Corporate,Mix,2.94,66,Delayed,Cash,163.12,Yes,Average,
DBW04983,2022-05-17,Tuesday,Malad,Vikhroli,9.48,DW115,Residential,Mix,2.03,46,Delivered,Monthly-Pre-paid,110.66,No,Good,
DBW04984,2022-10-21,Friday,Andheri,Malad,0.94,DW096,Corporate,Veg,2.12,31,Delivered,Monthly-Pre-paid,28.82,No,Excellent,
DBW04985,2022-05-21,Saturday,Malad,Malad,0.7,DW022,Residential,Non-Veg,1.72,29,Delayed,Digital,21.88,No,Average,
DBW04986,2022-02-07,Monday,Lower Parel,Sion,15.94,DW077,Residential,Mix,1.62,67,Delivered,Cash,147.22,No,Good,
DBW04987,2023-12-07,Thursday,Kurla,Borivali,5.63,DW028,Residential,Veg,2.24,48,Delivered,Cash,55.19,Yes,Good,
DBW04988,2023-11-06,Monday,Worli,Malad,15.41,DW140,Residential,Mix,2.48,71,Delivered,Digital,148.15,No,Excellent,
DBW04989,2023-11-12,Sunday,Sion,Malad,10.66,DW053,Hospital,Veg,2.19,39,Delivered,Monthly-Pre-paid,112.62,No,Good,
DBW04990,2023-10-08,Sunday,Kurla,Andheri,6.69,DW064,Corporate,Veg,1.38,18,Delivered,Digital,97.31,No,nan,
DBW04991,2023-04-19,Wednesday,Dadar,Andheri,5.39,DW129,Corporate,Veg,2.0,23,Delivered,Digital,80.22,Yes,Poor,
DBW04992,2023-01-17,Tuesday,Lower Parel,Chembur,17.83,DW065,School,Mix,1.41,65,Delivered,Cash,191.34,Yes,Good,
DBW04993,2023-12-25,Monday,Malad,Borivali,12.41,DW030,Hospital,Non-Veg,1.64,54,Delivered,Digital,130.93,No,Good,
DBW04994,2023-02-08,Wednesday,Goregaon,Ghatkopar,12.33,DW134,Residential,Non-Veg,2.62,54,Delivered,Cash,114.98,Yes,Poor,
DBW04995,2023-04-14,Friday,Worli,Ghatkopar,20.36,DW098,Corporate,Non-Veg,1.2,75,Delivered,Monthly-Pre-paid,218.96,No,Average,
DBW04996,2022-06-04,Saturday,Worli,Malad,15.03,DW091,Corporate,Veg,2.88,46,Delivered,Monthly-Pre-paid,145.45,Yes,Excellent,
DBW04997,2023-06-30,Friday,Lower Parel,Borivali,15.13,DW012,Hospital,Mix,2.07,61,Delivered,Monthly-Pre-paid,127.87,No,Poor,
DBW04998,2023-08-22,Tuesday,Borivali,Vikhroli,5.63,DW068,Residential,Non-Veg,1.57,22,Delivered,Digital,78.38,Yes,nan,
DBW04999,2023-05-11,Thursday,Vikhroli,Dadar,7.51,DW069,Corporate,Mix,1.83,39,Delivered,Digital,66.22,No,Good,
DBW05000,2022-12-30,Friday,Lower Parel,Borivali,15.4,DW040,Corporate,Non-Veg,1.46,60,Delivered,Digital,151.96,No,Poor,
DBW05001,2022-05-25,Wednesday,Kurla,Malad,7.45,DW085,Residential,Mix,1.53,39,Delivered,Monthly-Pre-paid,82.48,No,Average,
DBW05002,2022-01-25,Tuesday,Ghatkopar,Borivali,21.51,DW037,Residential,Mix,1.84,87,Delivered,Monthly-Pre-paid,209.93,No,Poor,
DBW05003,2023-04-03,Monday,Andheri,Kurla,5.22,DW071,School,Non-Veg,1.64,32,Delivered,Cash,86.07,No,Good,
DBW05004,2023-05-14,Sunday,Chembur,Thane,8.79,DW121,Corporate,Veg,1.33,33,Delivered,Cash,95.42,Yes,Good,
DBW05005,2023-07-19,Wednesday,Andheri,Thane,5.32,DW111,Corporate,Mix,1.69,37,Delivered,Monthly-Pre-paid,66.63,No,Good,
DBW05006,2023-11-25,Saturday,Churchgate,Ghatkopar,17.65,DW042,Corporate,Mix,1.14,46,Delivered,Digital,182.61,Yes,Good,
DBW05007,2022-12-30,Friday,Sion,Malad,10.01,DW032,Residential,Non-Veg,1.16,57,Delivered,Cash,98.56,Yes,Good,
DBW05008,2023-08-29,Tuesday,Andheri,Vikhroli,9.55,DW001,Corporate,Non-Veg,1.16,37,Delivered,Monthly-Pre-paid,107.34,No,Good,
DBW05009,2023-06-07,Wednesday,Dadar,Sion,10.75,DW052,Corporate,Mix,2.64,68,Delayed,Monthly-Pre-paid,124.09,Yes,Excellent,
DBW05010,2022-07-22,Friday,Malad,Bandra,9.67,DW003,Corporate,Veg,2.0,49,Delivered,Monthly-Pre-paid,95.47,No,Poor,
DBW05011,2023-09-09,Saturday,Chembur,Dadar,10.18,DW020,Corporate,Veg,2.1,30,Delivered,Digital,106.91,No,Excellent,
DBW05012,2022-02-08,Tuesday,Dadar,Worli,13.73,DW147,Hospital,Non-Veg,1.81,68,Delayed,Digital,141.36,Yes,Poor,
DBW05013,2023-03-14,Tuesday,Borivali,Worli,7.39,DW129,Corporate,Veg,2.05,28,Delivered,Monthly-Pre-paid,109.08,Yes,Good,
DBW05014,2023-11-18,Saturday,Ghatkopar,Vikhroli,14.18,DW084,Residential,Mix,2.39,48,Delivered,Digital,125.27,Yes,Good,
DBW05015,2023-04-27,Thursday,Chembur,Andheri,7.4,DW117,Residential,Mix,2.0,33,Delivered,Monthly-Pre-paid,86.99,No,Poor,
DBW05016,2023-11-16,Thursday,Sion,Lower Parel,15.82,DW074,Corporate,Mix,2.62,57,Delivered,Monthly-Pre-paid,176.9,Yes,Good,
DBW05017,2022-02-10,Thursday,Malad,Lower Parel,15.5,DW091,Residential,Veg,1.78,57,Delivered,Monthly-Pre-paid,168.61,No,Good,
DBW05018,2023-01-24,Tuesday,Thane,Goregaon,17.86,DW138,Hospital,Mix,2.1,63,Delivered,Digital,168.73,Yes,Excellent,
DBW05019,2023-07-24,Monday,Ghatkopar,Chembur,19.22,DW012,Residential,Veg,2.15,75,Delivered,Digital,182.69,Yes,Average,
DBW05020,2023-04-14,Friday,Vikhroli,Kurla,2.47,DW053,Residential,Veg,1.33,52,Delayed,Digital,56.69,No,Poor,
DBW05021,2023-10-05,Thursday,Sion,Worli,8.14,DW018,Hospital,Veg,1.82,30,Delivered,Monthly-Pre-paid,102.28,Yes,Good,
DBW05022,2022-12-04,Sunday,Churchgate,Worli,4.33,DW120,School,Non-Veg,0.88,17,Delivered,Digital,85.28,No,Good,
DBW05023,2023-05-14,Sunday,Andheri,Worli,13.59,DW124,Hospital,Mix,1.74,33,Delivered,Cash,155.72,No,nan,
DBW05024,2022-11-03,Thursday,Vikhroli,Chembur,9.82,DW109,Corporate,Veg,1.66,42,Delivered,Cash,87.81,Yes,Average,
DBW05025,2023-09-29,Friday,Churchgate,Thane,11.38,DW092,Residential,Mix,1.63,55,Delivered,Digital,97.1,No,Good,
DBW05026,2022-03-29,Tuesday,Chembur,Chembur,0.93,DW072,Residential,Mix,1.6,25,Delivered,Monthly-Pre-paid,29.32,No,Average,
DBW05027,2022-07-05,Tuesday,Bandra,Worli,21.56,DW004,Corporate,Veg,2.06,63,Delivered,Digital,174.7,Yes,Good,
DBW05028,2022-03-12,Saturday,Worli,Goregaon,13.19,DW117,Corporate,Veg,1.36,32,Delivered,Digital,155.19,No,Average,
DBW05029,2023-05-28,Sunday,Dadar,Vikhroli,6.56,DW135,Hospital,Mix,2.73,31,Delivered,Cash,60.0,Yes,Good,
DBW05030,2022-06-19,Sunday,Churchgate,Dadar,13.83,DW145,Corporate,Veg,2.08,49,Delivered,Digital,136.15,No,Good,
DBW05031,2022-08-20,Saturday,Lower Parel,Borivali,15.14,DW052,Hospital,Veg,1.4,48,Delivered,Digital,138.04,Yes,Excellent,
DBW05032,2023-09-03,Sunday,Goregaon,Vikhroli,14.48,DW031,School,Mix,2.12,52,Delivered,Digital,122.02,Yes,Poor,
DBW05033,2022-09-20,Tuesday,Andheri,Andheri,0.5,DW099,Corporate,Veg,2.3,16,Delivered,Monthly-Pre-paid,51.71,No,Poor,
DBW05034,2022-04-17,Sunday,Ghatkopar,Malad,14.96,DW003,Corporate,Non-Veg,1.98,44,Delivered,Monthly-Pre-paid,141.04,No,Excellent,
DBW05035,2022-01-16,Sunday,Chembur,Lower Parel,18.52,DW010,School,Mix,1.3,50,Delivered,Cash,206.73,Yes,Excellent,
DBW05036,2022-06-15,Wednesday,Ghatkopar,Ghatkopar,0.5,DW124,Corporate,Mix,2.92,21,Delivered,Digital,55.08,No,Excellent,
DBW05037,2023-10-30,Monday,Sion,Goregaon,18.38,DW144,Residential,Non-Veg,2.12,80,Delivered,Cash,176.98,Yes,Good,
DBW05038,2023-02-05,Sunday,Ghatkopar,Vikhroli,12.95,DW061,Corporate,Mix,1.18,35,Delivered,Monthly-Pre-paid,102.18,No,Average,
DBW05039,2023-12-28,Thursday,Andheri,Borivali,12.47,DW077,Corporate,Mix,1.9,61,Delivered,Monthly-Pre-paid,124.67,No,Average,
DBW05040,2022-06-07,Tuesday,Vikhroli,Churchgate,8.96,DW082,Corporate,Non-Veg,1.69,50,Delivered,Monthly-Pre-paid,135.97,No,Excellent,
DBW05041,2022-09-14,Wednesday,Andheri,Chembur,5.61,DW021,Corporate,Non-Veg,1.8,35,Delivered,Digital,81.33,No,Good,
DBW05042,2022-04-30,Saturday,Sion,Andheri,11.54,DW034,Hospital,Non-Veg,1.2,28,Delivered,Monthly-Pre-paid,119.81,No,Good,
DBW05043,2022-10-18,Tuesday,Worli,Lower Parel,15.38,DW045,Corporate,Non-Veg,1.83,55,Delivered,Cash,143.84,No,Good,
DBW05044,2023-02-16,Thursday,Lower Parel,Dadar,8.04,DW127,Corporate,Mix,1.38,32,Delivered,Digital,107.63,Yes,Average,
DBW05045,2023-08-13,Sunday,Lower Parel,Thane,15.92,DW066,Residential,Non-Veg,1.63,52,Delivered,Digital,162.91,No,Good,
DBW05046,2022-09-26,Monday,Sion,Goregaon,16.73,DW109,School,Mix,1.99,86,Delayed,Monthly-Pre-paid,168.12,No,Average,
DBW05047,2023-07-18,Tuesday,Sion,Chembur,11.86,DW030,Corporate,Non-Veg,1.56,50,Delivered,Cash,141.89,No,Average,
DBW05048,2023-04-03,Monday,Bandra,Sion,16.53,DW144,Residential,Veg,1.65,70,Delivered,Cash,178.49,No,Poor,
DBW05049,2022-08-02,Tuesday,Borivali,Dadar,12.49,DW133,Corporate,Veg,2.21,46,Delivered,Cash,136.47,No,Average,
DBW05050,2023-10-28,Saturday,Worli,Ghatkopar,18.85,DW072,Hospital,Mix,1.36,55,Delivered,Monthly-Pre-paid,157.04,Yes,Poor,
DBW05051,2022-11-13,Sunday,Kurla,Borivali,5.88,DW034,Residential,Non-Veg,1.48,31,Delivered,Digital,62.28,No,Good,
DBW05052,2022-04-21,Thursday,Malad,Kurla,6.28,DW147,Hospital,Non-Veg,1.17,32,Delivered,Cash,70.98,Yes,Excellent,
DBW05053,2023-12-04,Monday,Malad,Borivali,11.13,DW122,Residential,Veg,1.39,51,Delivered,Cash,118.45,No,Excellent,
DBW05054,2023-10-29,Sunday,Worli,Kurla,10.36,DW077,School,Mix,1.86,54,Delayed,Digital,135.38,Yes,Good,
DBW05055,2022-02-06,Sunday,Ghatkopar,Lower Parel,3.89,DW041,Corporate,Veg,2.12,20,Delivered,Digital,91.95,No,Average,
DBW05056,2023-10-21,Saturday,Ghatkopar,Bandra,7.61,DW094,Residential,Non-Veg,1.4,40,Delivered,Digital,96.76,No,Good,
DBW05057,2023-11-23,Thursday,Churchgate,Goregaon,10.71,DW056,Residential,Non-Veg,2.1,52,Delivered,Cash,123.9,No,Excellent,
DBW05058,2023-08-29,Tuesday,Goregaon,Thane,19.69,DW102,Corporate,Veg,1.85,64,Delivered,Monthly-Pre-paid,164.84,No,Excellent,
DBW05059,2022-07-06,Wednesday,Malad,Bandra,10.37,DW125,School,Veg,1.11,39,Delivered,Monthly-Pre-paid,106.59,No,Good,
DBW05060,2023-04-06,Thursday,Kurla,Lower Parel,13.52,DW074,Residential,Mix,1.89,58,Delivered,Cash,129.84,No,Good,
DBW05061,2023-01-28,Saturday,Bandra,Vikhroli,15.28,DW008,Hospital,Veg,2.4,48,Delivered,Digital,142.7,No,Average,
DBW05062,2023-03-29,Wednesday,Dadar,Andheri,6.45,DW085,Corporate,Veg,0.85,26,Delivered,Cash,90.33,Yes,Excellent,
DBW05063,2023-03-27,Monday,Chembur,Sion,10.73,DW129,Hospital,Veg,2.8,48,Delivered,Cash,109.11,Yes,Good,
DBW05064,2023-04-12,Wednesday,Kurla,Borivali,4.9,DW034,Corporate,Mix,1.49,34,Delivered,Monthly-Pre-paid,40.73,Yes,Good,
DBW05065,2023-01-11,Wednesday,Kurla,Malad,6.31,DW144,School,Mix,0.98,43,Delivered,Cash,93.15,Yes,nan,
DBW05066,2023-05-20,Saturday,Chembur,Ghatkopar,20.6,DW055,Corporate,Mix,1.87,59,Delivered,Digital,212.86,Yes,nan,
DBW05067,2023-01-20,Friday,Kurla,Goregaon,16.94,DW103,Residential,Veg,2.22,80,Delivered,Monthly-Pre-paid,169.81,No,Good,
DBW05068,2022-01-13,Thursday,Dadar,Malad,3.42,DW106,Corporate,Mix,1.66,28,Delivered,Cash,54.85,Yes,Good,
DBW05069,2022-01-26,Wednesday,Sion,Borivali,1.98,DW028,Residential,Veg,1.96,36,Delivered,Monthly-Pre-paid,32.36,No,nan,
DBW05070,2023-12-01,Friday,Kurla,Thane,4.73,DW006,Corporate,Veg,2.86,43,Delivered,Cash,55.25,No,Poor,
DBW05071,2023-10-26,Thursday,Dadar,Andheri,5.57,DW143,Hospital,Non-Veg,1.9,33,Delivered,Monthly-Pre-paid,90.65,No,Average,
DBW05072,2023-03-04,Saturday,Thane,Lower Parel,16.84,DW106,Hospital,Non-Veg,3.29,56,Delivered,Monthly-Pre-paid,153.53,No,Average,
DBW05073,2022-05-08,Sunday,Sion,Kurla,6.23,DW095,Corporate,Veg,2.43,41,Delayed,Monthly-Pre-paid,110.01,No,Average,
DBW05074,2023-07-25,Tuesday,Worli,Churchgate,3.46,DW046,Hospital,Veg,1.83,33,Returned,Digital,71.89,Yes,Average,nan
DBW05075,2022-04-15,Friday,Lower Parel,Lower Parel,1.27,DW017,Residential,Veg,1.95,39,Delivered,Monthly-Pre-paid,45.27,No,Poor,
DBW05076,2022-10-03,Monday,Andheri,Goregaon,18.9,DW041,Corporate,Non-Veg,1.64,60,Delivered,Monthly-Pre-paid,221.89,Yes,Average,
DBW05077,2022-08-29,Monday,Chembur,Thane,7.24,DW083,Corporate,Non-Veg,1.92,32,Delivered,Digital,107.08,Yes,Average,
DBW05078,2022-01-10,Monday,Dadar,Churchgate,12.96,DW105,Corporate,Non-Veg,2.08,53,Delivered,Monthly-Pre-paid,127.19,No,nan,
DBW05079,2023-08-13,Sunday,Thane,Ghatkopar,17.7,DW048,Corporate,Veg,1.6,51,Delivered,Cash,156.24,No,nan,
DBW05080,2023-01-08,Sunday,Borivali,Lower Parel,16.57,DW033,Residential,Non-Veg,1.11,67,Delayed,Monthly-Pre-paid,156.22,No,Good,
DBW05081,2022-08-19,Friday,Churchgate,Churchgate,1.31,DW038,Residential,Non-Veg,2.46,30,Delivered,Monthly-Pre-paid,38.94,Yes,nan,
DBW05082,2023-01-06,Friday,Goregaon,Ghatkopar,13.78,DW145,Corporate,Non-Veg,2.29,62,Returned,Digital,128.84,No,Good,nan
DBW05083,2022-01-01,Saturday,Andheri,Vikhroli,9.29,DW095,School,Veg,1.09,26,Delivered,Cash,87.49,Yes,Excellent,
DBW05084,2022-11-16,Wednesday,Vikhroli,Borivali,3.63,DW149,Corporate,Mix,1.89,25,Delivered,Cash,62.6,No,Excellent,
DBW05085,2023-01-15,Sunday,Borivali,Worli,4.22,DW001,Hospital,Non-Veg,2.31,18,Delivered,Digital,77.11,Yes,Excellent,
DBW05086,2022-09-05,Monday,Vikhroli,Worli,7.42,DW069,Hospital,Veg,2.26,36,Delivered,Monthly-Pre-paid,117.2,No,Good,
DBW05087,2023-08-30,Wednesday,Sion,Goregaon,17.85,DW069,Residential,Mix,1.45,62,Delivered,Digital,173.92,No,nan,
DBW05088,2022-07-02,Saturday,Vikhroli,Goregaon,13.52,DW061,Residential,Non-Veg,2.29,51,Delivered,Digital,147.22,Yes,Good,
DBW05089,2022-04-11,Monday,Borivali,Kurla,8.23,DW059,Corporate,Veg,1.81,40,Delivered,Cash,68.07,No,nan,
DBW05090,2023-01-21,Saturday,Vikhroli,Dadar,7.21,DW012,Hospital,Mix,1.99,23,Delivered,Cash,100.56,Yes,Excellent,
DBW05091,2023-10-10,Tuesday,Vikhroli,Chembur,11.67,DW005,Residential,Veg,1.34,51,Delivered,Cash,108.23,No,Excellent,
DBW05092,2022-10-01,Saturday,Worli,Chembur,18.16,DW117,Hospital,Veg,0.5,42,Delivered,Monthly-Pre-paid,179.86,Yes,Excellent,
DBW05093,2022-02-04,Friday,Borivali,Kurla,6.38,DW067,Corporate,Non-Veg,1.41,31,Delivered,Digital,80.39,Yes,Good,
DBW05094,2023-12-10,Sunday,Goregaon,Thane,22.08,DW025,Residential,Mix,2.07,67,Delivered,Digital,202.97,Yes,nan,
DBW05095,2022-11-21,Monday,Bandra,Malad,8.79,DW053,Corporate,Mix,1.7,47,Delivered,Digital,78.1,No,Excellent,
DBW05096,2022-05-07,Saturday,Andheri,Vikhroli,7.97,DW140,Residential,Mix,2.13,36,Delivered,Digital,82.37,No,Good,
DBW05097,2023-03-26,Sunday,Thane,Malad,6.5,DW071,Residential,Veg,2.35,20,Delivered,Cash,67.67,No,Poor,
DBW05098,2022-08-22,Monday,Bandra,Thane,17.36,DW149,Corporate,Mix,1.63,68,Delivered,Digital,159.96,Yes,Good,
DBW05099,2023-11-16,Thursday,Ghatkopar,Thane,19.33,DW025,Corporate,Mix,1.59,72,Delivered,Monthly-Pre-paid,202.35,No,Good,
DBW05100,2022-08-03,Wednesday,Sion,Andheri,10.39,DW019,Corporate,Mix,0.71,43,Delivered,Monthly-Pre-paid,107.87,No,Good,
DBW05101,2023-02-06,Monday,Malad,Dadar,6.0,DW085,Corporate,Mix,1.03,31,Delivered,Digital,67.93,Yes,Average,
DBW05102,2023-02-01,Wednesday,Worli,Andheri,17.07,DW103,Corporate,Mix,1.13,66,Delivered,Cash,176.28,No,Good,
DBW05103,2022-06-26,Sunday,Goregaon,Dadar,15.16,DW148,Corporate,Non-Veg,2.08,32,Delivered,Monthly-Pre-paid,156.14,No,Average,
DBW05104,2022-12-31,Saturday,Borivali,Andheri,13.27,DW070,Corporate,Mix,1.64,43,Delivered,Digital,166.62,No,Poor,
DBW05105,2022-03-21,Monday,Worli,Lower Parel,15.43,DW031,Residential,Non-Veg,1.53,66,Delivered,Cash,168.58,No,Excellent,
DBW05106,2023-04-15,Saturday,Dadar,Thane,10.53,DW082,Residential,Veg,1.48,38,Delivered,Digital,84.41,Yes,Average,
DBW05107,2023-07-08,Saturday,Andheri,Vikhroli,8.87,DW047,Corporate,Veg,1.41,38,Delivered,Cash,113.05,No,nan,
DBW05108,2023-11-25,Saturday,Ghatkopar,Bandra,7.6,DW027,Corporate,Non-Veg,2.26,34,Delivered,Monthly-Pre-paid,101.13,No,Excellent,
DBW05109,2022-08-26,Friday,Lower Parel,Lower Parel,0.5,DW014,Residential,Non-Veg,1.85,28,Delivered,Monthly-Pre-paid,58.89,No,Excellent,
DBW05110,2022-07-28,Thursday,Andheri,Thane,6.52,DW109,Corporate,Mix,2.3,48,Delivered,Digital,79.18,No,Average,
DBW05111,2023-02-05,Sunday,Worli,Kurla,10.34,DW097,Corporate,Mix,0.7,22,Delivered,Digital,129.2,No,Average,
DBW05112,2023-05-21,Sunday,Malad,Ghatkopar,16.0,DW025,Residential,Veg,2.07,56,Delivered,Digital,152.66,No,Good,
DBW05113,2023-12-26,Tuesday,Malad,Dadar,7.86,DW084,School,Non-Veg,1.56,44,Delayed,Digital,97.21,Yes,nan,
DBW05114,2022-01-19,Wednesday,Worli,Bandra,21.42,DW133,Corporate,Non-Veg,1.66,74,Delivered,Monthly-Pre-paid,185.55,No,Excellent,
DBW05115,2022-06-23,Thursday,Vikhroli,Malad,8.85,DW123,School,Mix,2.48,37,Delivered,Monthly-Pre-paid,80.17,No,Excellent,
DBW05116,2022-07-11,Monday,Worli,Thane,11.57,DW069,Corporate,Non-Veg,1.61,38,Delivered,Digital,135.56,No,Excellent,
DBW05117,2022-07-06,Wednesday,Dadar,Chembur,11.88,DW009,Corporate,Veg,2.05,54,Delivered,Monthly-Pre-paid,125.1,No,Poor,
DBW05118,2022-12-05,Monday,Bandra,Worli,22.14,DW096,Corporate,Veg,1.29,77,Delivered,Cash,187.94,No,Excellent,
DBW05119,2023-09-30,Saturday,Worli,Malad,17.4,DW078,Residential,Veg,1.82,53,Delivered,Monthly-Pre-paid,181.41,No,Average,
DBW05120,2022-01-23,Sunday,Ghatkopar,Malad,15.11,DW139,Residential,Non-Veg,1.0,57,Returned,Cash,109.85,Yes,nan,nan
DBW05121,2023-08-19,Saturday,Lower Parel,Malad,14.4,DW083,Residential,Veg,1.77,53,Delivered,Cash,133.06,No,Excellent,
DBW05122,2023-03-27,Monday,Malad,Worli,16.72,DW111,School,Mix,1.99,65,Delivered,Digital,138.87,No,Excellent,
DBW05123,2023-03-26,Sunday,Lower Parel,Sion,15.06,DW080,Residential,Veg,2.35,44,Delivered,Cash,168.47,No,Poor,
DBW05124,2023-05-11,Thursday,Dadar,Lower Parel,6.02,DW082,Corporate,Veg,1.39,44,Delivered,Digital,71.68,No,Good,
DBW05125,2022-03-26,Saturday,Andheri,Goregaon,18.86,DW048,Residential,Veg,1.54,58,Delivered,Digital,182.1,Yes,Good,
DBW05126,2023-06-30,Friday,Churchgate,Malad,16.74,DW061,Corporate,Veg,1.48,69,Delivered,Cash,168.48,No,Good,
DBW05127,2022-07-01,Friday,Worli,Ghatkopar,18.91,DW045,Residential,Non-Veg,1.67,60,Delivered,Cash,193.38,Yes,Average,
DBW05128,2023-01-13,Friday,Ghatkopar,Lower Parel,2.4,DW070,Hospital,Mix,1.32,18,Delivered,Digital,59.65,No,Excellent,
DBW05129,2023-05-10,Wednesday,Malad,Vikhroli,9.13,DW143,Residential,Mix,0.72,40,Delivered,Cash,115.02,No,Poor,
DBW05130,2023-03-17,Friday,Malad,Sion,10.77,DW052,Corporate,Mix,1.28,50,Delivered,Monthly-Pre-paid,112.17,No,Average,
DBW05131,2022-08-24,Wednesday,Thane,Sion,4.93,DW070,Residential,Mix,1.78,57,Delayed,Digital,82.21,No,Excellent,
DBW05132,2022-10-17,Monday,Lower Parel,Dadar,9.16,DW142,Corporate,Non-Veg,1.73,50,Delivered,Monthly-Pre-paid,93.47,No,Excellent,
DBW05133,2022-12-14,Wednesday,Andheri,Bandra,9.34,DW023,Corporate,Veg,2.08,42,Delivered,Cash,98.73,Yes,Average,
DBW05134,2022-01-31,Monday,Andheri,Malad,0.5,DW038,Residential,Non-Veg,2.22,32,Delivered,Digital,10.95,No,Good,
DBW05135,2023-06-15,Thursday,Malad,Malad,0.65,DW074,Corporate,Mix,1.58,21,Delivered,Cash,60.32,No,Good,
DBW05136,2022-03-14,Monday,Ghatkopar,Sion,19.41,DW062,Corporate,Veg,1.01,60,Delivered,Cash,170.37,Yes,Excellent,
DBW05137,2022-12-01,Thursday,Thane,Kurla,3.55,DW052,Residential,Mix,2.0,25,Delivered,Monthly-Pre-paid,79.6,Yes,Average,
DBW05138,2023-04-24,Monday,Ghatkopar,Bandra,7.37,DW117,Corporate,Mix,1.8,31,Delivered,Digital,96.99,No,Excellent,
DBW05139,2022-02-28,Monday,Vikhroli,Ghatkopar,13.82,DW075,Corporate,Veg,1.67,47,Delivered,Monthly-Pre-paid,143.55,No,Good,
DBW05140,2023-12-28,Thursday,Malad,Thane,7.26,DW055,School,Veg,2.41,36,Delivered,Monthly-Pre-paid,93.61,No,Average,
DBW05141,2022-10-03,Monday,Borivali,Dadar,13.01,DW072,Corporate,Veg,2.03,55,Delivered,Cash,118.1,No,nan,
DBW05142,2022-01-12,Wednesday,Ghatkopar,Andheri,14.73,DW133,Corporate,Mix,1.86,58,Delivered,Digital,171.92,No,Excellent,
DBW05143,2023-04-26,Wednesday,Kurla,Bandra,14.41,DW148,Hospital,Non-Veg,1.88,47,Delivered,Monthly-Pre-paid,139.84,No,Average,
DBW05144,2023-02-12,Sunday,Borivali,Goregaon,18.01,DW037,Corporate,Mix,2.22,63,Delivered,Cash,189.25,No,Excellent,
DBW05145,2023-04-13,Thursday,Bandra,Goregaon,19.54,DW007,Hospital,Non-Veg,1.46,55,Delivered,Monthly-Pre-paid,178.15,Yes,Good,
DBW05146,2023-07-03,Monday,Chembur,Kurla,7.84,DW005,Residential,Veg,1.36,61,Delayed,Monthly-Pre-paid,71.26,No,Excellent,
DBW05147,2022-12-14,Wednesday,Dadar,Chembur,9.95,DW067,Residential,Mix,1.68,44,Delivered,Cash,139.36,No,Poor,
DBW05148,2023-08-27,Sunday,Kurla,Sion,5.03,DW095,Corporate,Non-Veg,1.21,15,Delivered,Cash,61.18,No,Good,
DBW05149,2022-09-28,Wednesday,Kurla,Sion,4.9,DW008,Corporate,Mix,1.78,31,Delivered,Digital,76.12,No,Poor,
DBW05150,2023-02-02,Thursday,Worli,Goregaon,10.93,DW077,Hospital,Mix,1.85,58,Delivered,Digital,72.0,No,Excellent,
DBW05151,2022-04-26,Tuesday,Borivali,Lower Parel,15.26,DW060,Corporate,Non-Veg,1.77,47,Delivered,Digital,151.01,No,Average,
DBW05152,2023-03-29,Wednesday,Churchgate,Chembur,20.57,DW140,Residential,Mix,1.62,80,Delivered,Cash,203.62,Yes,Good,
DBW05153,2022-07-10,Sunday,Churchgate,Bandra,19.99,DW091,Hospital,Veg,2.63,58,Returned,Cash,192.02,No,Average,Customer Unavailable
DBW05154,2023-05-24,Wednesday,Goregaon,Borivali,16.96,DW064,Residential,Non-Veg,2.27,67,Delivered,Monthly-Pre-paid,164.18,No,nan,
DBW05155,2023-08-08,Tuesday,Vikhroli,Andheri,8.97,DW088,Corporate,Non-Veg,1.75,45,Delivered,Monthly-Pre-paid,98.59,Yes,nan,
DBW05156,2023-09-20,Wednesday,Bandra,Lower Parel,7.69,DW021,Residential,Veg,1.85,58,Delayed,Monthly-Pre-paid,104.54,No,Poor,
DBW05157,2023-11-10,Friday,Lower Parel,Worli,15.77,DW072,Residential,Non-Veg,2.49,69,Delivered,Digital,136.74,Yes,Excellent,
DBW05158,2022-03-31,Thursday,Kurla,Andheri,7.13,DW050,Corporate,Mix,1.51,32,Delivered,Digital,83.46,No,Average,
DBW05159,2022-04-11,Monday,Bandra,Borivali,18.67,DW028,Hospital,Non-Veg,1.32,63,Delivered,Cash,200.9,Yes,nan,
DBW05160,2023-11-08,Wednesday,Thane,Ghatkopar,16.75,DW059,Corporate,Non-Veg,1.91,47,Delivered,Digital,141.78,No,Good,
DBW05161,2022-10-06,Thursday,Chembur,Sion,10.62,DW096,School,Mix,2.01,39,Delivered,Digital,113.38,Yes,Good,
DBW05162,2022-01-19,Wednesday,Bandra,Vikhroli,15.16,DW088,Corporate,Non-Veg,2.04,49,Delivered,Monthly-Pre-paid,134.74,No,Good,
DBW05163,2022-07-29,Friday,Vikhroli,Churchgate,8.19,DW145,Corporate,Non-Veg,2.21,54,Delivered,Monthly-Pre-paid,100.05,Yes,Average,
DBW05164,2023-09-03,Sunday,Dadar,Dadar,0.5,DW042,Residential,Veg,1.43,9,Delivered,Cash,34.5,Yes,Excellent,
DBW05165,2022-09-17,Saturday,Vikhroli,Worli,9.62,DW105,Corporate,Non-Veg,1.1,36,Delivered,Monthly-Pre-paid,92.79,No,Excellent,
DBW05166,2022-02-26,Saturday,Worli,Vikhroli,6.0,DW083,Corporate,Mix,1.51,26,Delivered,Cash,78.34,Yes,Good,
DBW05167,2023-06-12,Monday,Goregaon,Worli,13.25,DW132,Corporate,Non-Veg,2.09,62,Delivered,Cash,136.95,Yes,Average,
DBW05168,2022-05-23,Monday,Bandra,Borivali,17.76,DW137,Hospital,Non-Veg,1.34,66,Returned,Monthly-Pre-paid,162.91,Yes,Excellent,Damaged
DBW05169,2022-09-15,Thursday,Thane,Chembur,6.26,DW107,Corporate,Mix,0.83,55,Delayed,Cash,73.86,No,nan,
DBW05170,2022-01-03,Monday,Bandra,Kurla,12.13,DW064,Residential,Veg,1.87,45,Delivered,Monthly-Pre-paid,117.32,Yes,Good,
DBW05171,2023-03-16,Thursday,Sion,Vikhroli,5.76,DW081,Residential,Mix,1.52,57,Delayed,Cash,41.91,No,Excellent,
DBW05172,2022-11-22,Tuesday,Goregaon,Dadar,16.08,DW098,Residential,Veg,0.94,78,Delivered,Cash,172.58,No,Average,
DBW05173,2023-09-25,Monday,Lower Parel,Chembur,17.73,DW121,Corporate,Veg,1.84,68,Delivered,Monthly-Pre-paid,189.78,Yes,Good,
DBW05174,2022-09-02,Friday,Vikhroli,Ghatkopar,13.27,DW035,Corporate,Veg,1.61,53,Delivered,Cash,109.95,Yes,Average,
DBW05175,2022-05-30,Monday,Churchgate,Lower Parel,13.22,DW131,School,Veg,2.64,54,Delivered,Digital,153.88,Yes,Poor,
DBW05176,2022-05-02,Monday,Worli,Sion,7.11,DW121,Residential,Non-Veg,1.84,48,Delivered,Monthly-Pre-paid,92.87,No,Good,
DBW05177,2022-05-27,Friday,Vikhroli,Vikhroli,0.5,DW014,School,Non-Veg,2.09,31,Delivered,Digital,17.47,Yes,Excellent,
DBW05178,2022-11-26,Saturday,Chembur,Chembur,0.5,DW041,Residential,Veg,1.79,8,Delivered,Cash,30.86,No,Good,
DBW05179,2022-03-05,Saturday,Goregaon,Goregaon,0.5,DW036,Hospital,Mix,1.5,13,Delivered,Monthly-Pre-paid,23.42,No,Good,
DBW05180,2022-10-21,Friday,Andheri,Andheri,0.5,DW087,School,Non-Veg,1.56,25,Delivered,Digital,47.85,Yes,Good,
DBW05181,2023-09-16,Saturday,Sion,Borivali,0.93,DW032,Residential,Veg,2.34,19,Delivered,Monthly-Pre-paid,23.67,Yes,Average,
DBW05182,2023-07-15,Saturday,Sion,Chembur,12.11,DW046,Hospital,Veg,2.17,35,Delivered,Monthly-Pre-paid,158.7,No,Good,
DBW05183,2023-04-11,Tuesday,Andheri,Vikhroli,10.8,DW029,Corporate,Mix,1.06,38,Delivered,Monthly-Pre-paid,133.77,No,Poor,
DBW05184,2023-10-14,Saturday,Thane,Borivali,5.02,DW011,Corporate,Veg,1.18,19,Delivered,Digital,51.78,Yes,Good,
DBW05185,2023-07-24,Monday,Worli,Dadar,13.94,DW069,Residential,Non-Veg,1.2,57,Delivered,Monthly-Pre-paid,166.08,No,Good,
DBW05186,2023-04-22,Saturday,Vikhroli,Malad,9.23,DW048,Residential,Veg,2.33,39,Delivered,Digital,114.81,No,Excellent,
DBW05187,2023-09-23,Saturday,Vikhroli,Dadar,6.45,DW076,Corporate,Mix,0.93,34,Delivered,Monthly-Pre-paid,79.31,No,Excellent,
DBW05188,2022-04-01,Friday,Borivali,Sion,1.88,DW032,Residential,Non-Veg,2.19,38,Delivered,Monthly-Pre-paid,55.14,No,Good,
DBW05189,2023-08-21,Monday,Malad,Lower Parel,14.45,DW043,Residential,Mix,2.0,62,Delivered,Cash,159.5,No,Average,
DBW05190,2022-08-04,Thursday,Vikhroli,Churchgate,7.51,DW134,Hospital,Non-Veg,1.87,34,Delivered,Monthly-Pre-paid,78.73,No,nan,
DBW05191,2023-06-20,Tuesday,Lower Parel,Worli,16.39,DW121,Corporate,Mix,1.56,62,Delivered,Cash,173.63,No,Excellent,
DBW05192,2023-10-29,Sunday,Andheri,Thane,7.72,DW040,Corporate,Non-Veg,2.39,38,Delivered,Monthly-Pre-paid,85.29,No,nan,
DBW05193,2022-12-29,Thursday,Bandra,Goregaon,18.14,DW025,Residential,Mix,1.86,80,Delivered,Monthly-Pre-paid,187.36,No,Good,
DBW05194,2022-03-06,Sunday,Malad,Andheri,1.37,DW147,Residential,Mix,1.08,10,Delivered,Digital,38.92,Yes,nan,
DBW05195,2022-09-28,Wednesday,Borivali,Kurla,6.56,DW103,Hospital,Non-Veg,1.19,36,Delivered,Cash,67.38,No,Excellent,
DBW05196,2022-10-25,Tuesday,Sion,Andheri,11.9,DW074,Corporate,Non-Veg,0.98,43,Delivered,Monthly-Pre-paid,134.65,Yes,Good,
DBW05197,2023-11-15,Wednesday,Ghatkopar,Andheri,15.05,DW105,Corporate,Non-Veg,2.4,52,Delivered,Monthly-Pre-paid,144.72,No,Average,
DBW05198,2023-11-20,Monday,Vikhroli,Sion,5.02,DW034,School,Mix,2.51,45,Delayed,Digital,72.47,No,Good,
DBW05199,2023-02-19,Sunday,Chembur,Borivali,11.67,DW065,Corporate,Mix,2.34,47,Delivered,Monthly-Pre-paid,129.46,No,nan,
DBW05200,2023-11-25,Saturday,Chembur,Sion,11.04,DW059,Residential,Veg,1.73,31,Delivered,Cash,140.34,No,nan,
DBW05201,2022-11-15,Tuesday,Goregaon,Kurla,16.94,DW109,Corporate,Veg,1.09,58,Delivered,Digital,159.02,No,Good,
DBW05202,2022-10-28,Friday,Chembur,Vikhroli,11.61,DW028,Corporate,Non-Veg,1.27,64,Delivered,Cash,110.17,No,Excellent,
DBW05203,2023-09-03,Sunday,Sion,Thane,4.05,DW074,Hospital,Non-Veg,1.31,14,Delivered,Cash,87.05,Yes,Excellent,
DBW05204,2023-05-03,Wednesday,Churchgate,Borivali,8.74,DW126,Corporate,Veg,1.78,34,Delivered,Digital,99.94,Yes,Excellent,
DBW05205,2023-01-17,Tuesday,Worli,Lower Parel,16.48,DW030,Corporate,Veg,2.49,81,Delayed,Digital,153.69,Yes,Average,
DBW05206,2022-11-30,Wednesday,Malad,Worli,15.27,DW018,Residential,Non-Veg,2.49,65,Returned,Cash,157.62,Yes,Excellent,nan
DBW05207,2023-05-31,Wednesday,Sion,Dadar,14.19,DW124,Corporate,Non-Veg,1.56,49,Delivered,Digital,138.34,No,Good,
DBW05208,2023-07-05,Wednesday,Malad,Goregaon,21.77,DW132,Corporate,Non-Veg,0.68,72,Delivered,Monthly-Pre-paid,200.16,No,Excellent,
DBW05209,2022-12-25,Sunday,Chembur,Sion,9.91,DW065,Residential,Veg,1.22,54,Delayed,Cash,147.88,No,Poor,
DBW05210,2022-01-24,Monday,Vikhroli,Andheri,8.76,DW007,Corporate,Mix,2.39,54,Returned,Cash,85.23,Yes,Good,nan
DBW05211,2022-03-16,Wednesday,Sion,Andheri,11.71,DW082,Residential,Veg,1.92,53,Delivered,Monthly-Pre-paid,102.12,Yes,Average,
DBW05212,2022-04-16,Saturday,Vikhroli,Sion,4.78,DW045,Corporate,Non-Veg,1.62,15,Delivered,Digital,86.62,Yes,Good,
DBW05213,2022-12-04,Sunday,Churchgate,Goregaon,7.87,DW089,Corporate,Mix,1.59,31,Delivered,Cash,87.29,No,Good,
DBW05214,2023-03-25,Saturday,Borivali,Lower Parel,15.23,DW021,Corporate,Non-Veg,1.42,52,Delivered,Monthly-Pre-paid,156.62,No,Average,
DBW05215,2023-08-10,Thursday,Chembur,Borivali,12.68,DW121,Hospital,Veg,1.2,49,Delivered,Digital,141.01,No,Excellent,
DBW05216,2022-06-19,Sunday,Vikhroli,Thane,3.73,DW103,Corporate,Veg,2.84,24,Delivered,Cash,33.62,Yes,Average,
DBW05217,2023-07-29,Saturday,Vikhroli,Andheri,7.12,DW097,School,Non-Veg,2.66,54,Delayed,Cash,104.08,No,Excellent,
DBW05218,2023-05-02,Tuesday,Sion,Lower Parel,16.75,DW077,Corporate,Mix,1.39,66,Delivered,Digital,155.55,No,Excellent,
DBW05219,2022-02-07,Monday,Worli,Malad,15.73,DW034,Corporate,Non-Veg,0.92,64,Delivered,Cash,184.29,Yes,nan,
DBW05220,2022-09-14,Wednesday,Bandra,Ghatkopar,7.53,DW141,Residential,Veg,1.88,36,Delivered,Monthly-Pre-paid,78.32,No,Excellent,
DBW05221,2022-08-09,Tuesday,Andheri,Lower Parel,12.52,DW040,Corporate,Mix,1.73,50,Delivered,Digital,153.65,No,Good,
DBW05222,2023-10-10,Tuesday,Borivali,Ghatkopar,18.11,DW055,Residential,Veg,2.11,71,Delivered,Cash,201.11,Yes,Excellent,
DBW05223,2023-11-04,Saturday,Sion,Ghatkopar,19.88,DW139,Hospital,Non-Veg,2.23,55,Delivered,Digital,181.73,Yes,Average,
DBW05224,2023-08-22,Tuesday,Bandra,Bandra,0.5,DW007,Hospital,Veg,1.21,23,Delivered,Digital,31.15,No,Average,
DBW05225,2023-01-21,Saturday,Thane,Bandra,15.26,DW019,Residential,Veg,2.44,58,Delivered,Cash,147.37,No,Excellent,
DBW05226,2022-12-26,Monday,Worli,Andheri,16.03,DW115,Residential,Mix,1.62,68,Delivered,Cash,181.03,No,Good,
DBW05227,2022-08-16,Tuesday,Malad,Kurla,5.85,DW056,Corporate,Veg,2.1,36,Delivered,Cash,79.5,Yes,Poor,
DBW05228,2023-07-19,Wednesday,Andheri,Churchgate,15.64,DW087,Residential,Mix,1.67,53,Delivered,Monthly-Pre-paid,163.11,No,Average,
DBW05229,2022-03-04,Friday,Sion,Andheri,8.95,DW088,Corporate,Non-Veg,2.26,47,Delivered,Cash,99.44,No,Poor,
DBW05230,2022-07-17,Sunday,Andheri,Churchgate,16.71,DW125,Corporate,Veg,0.62,45,Delivered,Digital,170.78,No,Excellent,
DBW05231,2022-04-09,Saturday,Malad,Goregaon,21.09,DW094,Residential,Mix,2.17,68,Delivered,Cash,206.77,Yes,Good,
DBW05232,2022-12-27,Tuesday,Lower Parel,Andheri,12.5,DW064,Corporate,Veg,1.38,40,Delivered,Monthly-Pre-paid,121.03,No,Good,
DBW05233,2022-08-07,Sunday,Ghatkopar,Thane,17.49,DW083,Residential,Mix,1.84,52,Delivered,Monthly-Pre-paid,196.49,No,Good,
DBW05234,2022-05-25,Wednesday,Sion,Vikhroli,5.14,DW111,Corporate,Mix,2.42,41,Delivered,Monthly-Pre-paid,68.08,No,Average,
DBW05235,2022-10-02,Sunday,Churchgate,Dadar,13.59,DW057,Corporate,Non-Veg,1.4,35,Delivered,Cash,154.2,Yes,nan,
DBW05236,2023-09-21,Thursday,Kurla,Bandra,12.68,DW026,Residential,Veg,1.32,49,Delivered,Digital,112.52,Yes,Average,
DBW05237,2023-02-12,Sunday,Goregaon,Kurla,18.22,DW073,Residential,Veg,1.61,63,Delivered,Digital,186.02,Yes,Good,
DBW05238,2023-08-24,Thursday,Andheri,Ghatkopar,14.92,DW150,School,Veg,1.58,67,Delivered,Monthly-Pre-paid,165.36,No,Good,
DBW05239,2023-10-30,Monday,Goregaon,Malad,20.9,DW017,Corporate,Veg,1.27,85,Returned,Digital,201.21,No,Excellent,nan
DBW05240,2023-10-21,Saturday,Churchgate,Bandra,20.36,DW027,Corporate,Non-Veg,1.85,54,Delivered,Cash,208.98,No,Good,
DBW05241,2022-09-14,Wednesday,Andheri,Churchgate,16.39,DW150,Corporate,Non-Veg,1.88,67,Delivered,Cash,150.54,No,Excellent,
DBW05242,2023-10-03,Tuesday,Sion,Goregaon,17.93,DW125,Corporate,Non-Veg,2.03,52,Delivered,Monthly-Pre-paid,180.49,No,Average,
DBW05243,2023-10-26,Thursday,Worli,Ghatkopar,20.54,DW018,Corporate,Mix,1.39,54,Delivered,Monthly-Pre-paid,171.47,No,Average,
DBW05244,2023-12-02,Saturday,Worli,Andheri,14.78,DW032,Residential,Non-Veg,1.33,57,Delivered,Monthly-Pre-paid,150.5,Yes,nan,
DBW05245,2022-09-14,Wednesday,Vikhroli,Churchgate,7.96,DW104,Corporate,Mix,1.74,39,Delivered,Cash,81.76,Yes,Good,
DBW05246,2022-06-16,Thursday,Andheri,Ghatkopar,15.41,DW118,School,Non-Veg,1.68,60,Returned,Monthly-Pre-paid,152.23,No,Excellent,Damaged
DBW05247,2023-03-03,Friday,Ghatkopar,Andheri,14.53,DW111,Residential,Mix,1.69,69,Delivered,Cash,166.91,No,Excellent,
DBW05248,2023-11-12,Sunday,Andheri,Bandra,8.52,DW130,Residential,Mix,1.45,19,Delivered,Digital,124.22,Yes,nan,
DBW05249,2023-10-20,Friday,Malad,Bandra,8.03,DW077,Corporate,Veg,1.97,77,Delayed,Cash,75.0,No,Excellent,
DBW05250,2023-02-21,Tuesday,Borivali,Dadar,9.94,DW132,Corporate,Non-Veg,1.33,60,Delayed,Cash,128.17,Yes,Good,
DBW05251,2022-04-19,Tuesday,Malad,Kurla,8.18,DW090,Corporate,Non-Veg,1.74,50,Delivered,Monthly-Pre-paid,116.45,No,Excellent,
DBW05252,2022-11-05,Saturday,Andheri,Borivali,12.17,DW072,Residential,Veg,1.65,43,Delivered,Monthly-Pre-paid,132.19,No,Poor,
DBW05253,2023-06-06,Tuesday,Dadar,Kurla,5.76,DW096,Residential,Veg,1.78,34,Delivered,Monthly-Pre-paid,96.49,Yes,Good,
DBW05254,2023-02-14,Tuesday,Thane,Worli,10.36,DW065,Corporate,Veg,2.39,50,Delivered,Digital,106.68,Yes,Good,
DBW05255,2022-09-10,Saturday,Andheri,Andheri,0.5,DW091,Corporate,Veg,1.14,12,Delivered,Digital,26.29,No,Average,
DBW05256,2022-09-08,Thursday,Thane,Malad,7.11,DW126,School,Mix,0.6,33,Delivered,Monthly-Pre-paid,79.23,No,Good,
DBW05257,2022-02-13,Sunday,Churchgate,Lower Parel,11.8,DW144,Corporate,Veg,1.5,48,Delivered,Digital,135.11,Yes,Good,
DBW05258,2022-07-30,Saturday,Borivali,Sion,0.5,DW087,Corporate,Veg,1.22,8,Delivered,Monthly-Pre-paid,32.54,No,Excellent,
DBW05259,2023-05-04,Thursday,Andheri,Kurla,3.74,DW001,Corporate,Non-Veg,0.5,38,Delivered,Monthly-Pre-paid,49.21,No,Excellent,
DBW05260,2022-06-26,Sunday,Worli,Kurla,8.25,DW094,Corporate,Non-Veg,2.67,49,Delivered,Digital,86.0,No,Good,
DBW05261,2023-12-27,Wednesday,Lower Parel,Lower Parel,1.02,DW038,Corporate,Mix,2.08,23,Delivered,Digital,38.19,No,nan,
DBW05262,2022-03-02,Wednesday,Sion,Chembur,10.05,DW036,Residential,Veg,2.13,44,Delivered,Monthly-Pre-paid,97.66,Yes,Excellent,
DBW05263,2023-03-06,Monday,Bandra,Worli,21.29,DW133,Residential,Mix,1.66,78,Delivered,Digital,210.35,Yes,Good,
DBW05264,2022-12-29,Thursday,Ghatkopar,Chembur,20.46,DW067,Residential,Veg,2.01,55,Delivered,Cash,211.63,Yes,Excellent,
DBW05265,2023-09-01,Friday,Goregaon,Dadar,14.81,DW119,Corporate,Veg,1.59,56,Delivered,Monthly-Pre-paid,163.09,Yes,Good,
DBW05266,2023-10-11,Wednesday,Sion,Borivali,0.81,DW056,Corporate,Non-Veg,2.21,19,Delivered,Cash,80.17,Yes,Excellent,
DBW05267,2023-02-01,Wednesday,Ghatkopar,Malad,15.37,DW092,Residential,Mix,1.89,62,Delivered,Cash,159.12,No,Poor,
DBW05268,2023-04-06,Thursday,Churchgate,Andheri,15.93,DW100,Corporate,Veg,1.78,77,Delayed,Cash,182.86,No,Poor,
DBW05269,2023-05-26,Friday,Kurla,Sion,6.8,DW134,Corporate,Non-Veg,1.82,42,Delivered,Cash,87.18,Yes,Good,
DBW05270,2023-01-16,Monday,Churchgate,Churchgate,1.88,DW030,Residential,Non-Veg,2.53,36,Delivered,Cash,40.84,No,Poor,
DBW05271,2022-05-15,Sunday,Sion,Churchgate,11.11,DW085,Residential,Mix,1.88,43,Delivered,Cash,120.66,No,Excellent,
DBW05272,2022-11-09,Wednesday,Bandra,Chembur,11.59,DW061,Corporate,Non-Veg,1.29,66,Delayed,Digital,125.22,No,Good,
DBW05273,2022-06-26,Sunday,Chembur,Andheri,4.86,DW070,Hospital,Veg,1.97,23,Delivered,Monthly-Pre-paid,66.99,No,Excellent,
DBW05274,2022-12-06,Tuesday,Lower Parel,Lower Parel,0.5,DW128,Corporate,Mix,2.04,13,Delivered,Cash,17.76,Yes,Good,
DBW05275,2023-03-26,Sunday,Churchgate,Thane,12.85,DW021,School,Mix,1.73,41,Delivered,Digital,118.14,No,Good,
DBW05276,2022-06-02,Thursday,Bandra,Dadar,5.1,DW082,Corporate,Non-Veg,1.77,32,Delivered,Monthly-Pre-paid,87.78,Yes,Average,
DBW05277,2022-07-02,Saturday,Chembur,Borivali,10.39,DW059,Residential,Mix,1.27,36,Returned,Monthly-Pre-paid,125.66,No,Poor,Damaged
DBW05278,2023-08-24,Thursday,Borivali,Vikhroli,6.64,DW135,Corporate,Veg,1.85,39,Delivered,Monthly-Pre-paid,109.77,Yes,nan,
DBW05279,2022-10-03,Monday,Ghatkopar,Ghatkopar,0.5,DW033,Hospital,Mix,1.19,36,Delayed,Digital,28.11,No,Good,
DBW05280,2022-05-25,Wednesday,Vikhroli,Borivali,3.84,DW035,Residential,Mix,1.67,32,Delivered,Monthly-Pre-paid,53.45,Yes,Average,
DBW05281,2023-06-05,Monday,Ghatkopar,Churchgate,15.47,DW014,Hospital,Mix,1.47,73,Delayed,Monthly-Pre-paid,136.56,Yes,Poor,
DBW05282,2023-06-08,Thursday,Dadar,Worli,14.34,DW066,Residential,Mix,2.29,63,Delivered,Digital,160.52,Yes,Good,
DBW05283,2023-08-27,Sunday,Churchgate,Chembur,18.14,DW002,Residential,Non-Veg,2.57,58,Delivered,Monthly-Pre-paid,161.78,No,Good,
DBW05284,2023-07-09,Sunday,Thane,Goregaon,19.73,DW076,Corporate,Veg,1.23,55,Delivered,Monthly-Pre-paid,187.34,Yes,Average,
DBW05285,2023-12-26,Tuesday,Andheri,Lower Parel,12.04,DW034,Corporate,Mix,1.8,69,Delayed,Cash,130.99,Yes,Excellent,
DBW05286,2023-02-24,Friday,Thane,Borivali,3.1,DW061,School,Mix,1.64,34,Delivered,Monthly-Pre-paid,31.31,Yes,Average,
DBW05287,2022-07-29,Friday,Borivali,Ghatkopar,21.01,DW091,School,Non-Veg,2.03,79,Delivered,Digital,209.73,Yes,Good,
DBW05288,2023-09-22,Friday,Dadar,Worli,14.34,DW103,Corporate,Non-Veg,1.85,65,Delivered,Monthly-Pre-paid,159.89,Yes,Good,
DBW05289,2022-07-13,Wednesday,Worli,Lower Parel,15.15,DW010,Corporate,Veg,1.61,49,Delivered,Digital,155.37,No,nan,
DBW05290,2022-08-01,Monday,Andheri,Worli,15.16,DW023,Corporate,Mix,1.85,54,Delivered,Cash,149.98,No,Excellent,
DBW05291,2023-08-28,Monday,Kurla,Goregaon,18.05,DW048,Corporate,Non-Veg,1.69,64,Delivered,Digital,173.89,No,nan,
DBW05292,2023-10-06,Friday,Lower Parel,Dadar,7.74,DW078,Corporate,Veg,2.59,43,Delivered,Monthly-Pre-paid,112.93,No,Average,
DBW05293,2022-09-05,Monday,Thane,Andheri,8.85,DW133,Hospital,Mix,1.4,45,Delivered,Monthly-Pre-paid,101.6,Yes,Excellent,
DBW05294,2023-06-17,Saturday,Vikhroli,Bandra,13.3,DW021,Corporate,Veg,1.93,53,Delivered,Cash,136.08,No,Excellent,
DBW05295,2023-11-05,Sunday,Kurla,Churchgate,10.99,DW011,Hospital,Veg,2.05,34,Delivered,Cash,107.6,Yes,Average,
DBW05296,2023-08-07,Monday,Churchgate,Lower Parel,13.14,DW095,School,Veg,2.02,51,Delivered,Cash,93.16,No,Excellent,
DBW05297,2022-01-04,Tuesday,Goregaon,Sion,17.33,DW147,Corporate,Mix,1.65,54,Delivered,Digital,185.09,No,Excellent,
DBW05298,2023-05-01,Monday,Sion,Sion,0.5,DW125,Residential,Veg,2.48,52,Delayed,Cash,33.96,Yes,Good,
DBW05299,2022-05-05,Thursday,Worli,Borivali,4.98,DW085,Residential,Non-Veg,0.76,35,Delivered,Monthly-Pre-paid,56.68,No,nan,
DBW05300,2023-09-10,Sunday,Ghatkopar,Andheri,14.62,DW003,Corporate,Non-Veg,1.25,42,Delivered,Monthly-Pre-paid,178.59,No,Good,
DBW05301,2022-02-18,Friday,Goregaon,Worli,12.17,DW087,Residential,Non-Veg,2.13,51,Delivered,Monthly-Pre-paid,133.93,No,Good,
DBW05302,2023-12-26,Tuesday,Malad,Worli,16.52,DW069,Residential,Mix,1.36,62,Delivered,Cash,159.07,No,Average,
DBW05303,2022-05-10,Tuesday,Churchgate,Andheri,16.66,DW068,Corporate,Veg,1.33,49,Delivered,Cash,178.52,No,Good,
DBW05304,2022-11-03,Thursday,Sion,Goregaon,17.68,DW074,Hospital,Non-Veg,1.57,65,Delivered,Digital,176.94,Yes,Good,
DBW05305,2022-06-20,Monday,Thane,Kurla,4.24,DW085,Corporate,Non-Veg,1.41,31,Delivered,Monthly-Pre-paid,69.18,Yes,Good,
DBW05306,2023-08-18,Friday,Vikhroli,Goregaon,13.66,DW109,Corporate,Non-Veg,2.12,60,Delivered,Digital,130.12,No,Good,
DBW05307,2022-10-15,Saturday,Ghatkopar,Sion,18.73,DW029,School,Mix,2.25,37,Delivered,Digital,190.29,Yes,Excellent,
DBW05308,2023-06-28,Wednesday,Dadar,Churchgate,13.66,DW012,Corporate,Veg,1.84,49,Delivered,Cash,153.36,No,Excellent,
DBW05309,2022-02-19,Saturday,Dadar,Lower Parel,7.74,DW008,Corporate,Veg,2.33,30,Delivered,Cash,82.84,Yes,Average,
DBW05310,2022-11-27,Sunday,Worli,Dadar,13.44,DW061,Corporate,Non-Veg,1.11,40,Delivered,Digital,109.08,No,Excellent,
DBW05311,2023-10-28,Saturday,Goregaon,Worli,12.9,DW077,Corporate,Veg,1.84,49,Delivered,Monthly-Pre-paid,147.41,Yes,Average,
DBW05312,2023-11-08,Wednesday,Lower Parel,Lower Parel,0.5,DW118,Corporate,Mix,2.47,24,Delivered,Monthly-Pre-paid,43.43,Yes,Good,
DBW05313,2022-06-02,Thursday,Bandra,Ghatkopar,7.68,DW066,Residential,Mix,2.29,52,Delivered,Digital,104.04,No,Excellent,
DBW05314,2022-10-15,Saturday,Malad,Ghatkopar,16.76,DW080,Corporate,Mix,2.52,41,Delivered,Monthly-Pre-paid,164.78,No,nan,
DBW05315,2022-10-26,Wednesday,Thane,Andheri,8.02,DW147,Residential,Mix,1.5,41,Delivered,Cash,108.6,No,Poor,
DBW05316,2023-02-17,Friday,Thane,Chembur,7.31,DW113,Corporate,Non-Veg,2.26,40,Delivered,Monthly-Pre-paid,78.72,Yes,Average,
DBW05317,2023-01-28,Saturday,Ghatkopar,Borivali,18.65,DW104,Corporate,Mix,1.59,41,Delivered,Cash,176.42,No,Average,
DBW05318,2022-03-19,Saturday,Churchgate,Vikhroli,8.67,DW055,School,Non-Veg,2.1,51,Delayed,Monthly-Pre-paid,83.67,Yes,Average,
DBW05319,2023-07-11,Tuesday,Thane,Kurla,3.18,DW023,Residential,Mix,2.46,30,Delivered,Monthly-Pre-paid,72.83,No,Excellent,
DBW05320,2022-06-14,Tuesday,Thane,Sion,3.09,DW139,Residential,Veg,1.4,33,Delivered,Cash,54.03,Yes,Average,
DBW05321,2022-08-18,Thursday,Thane,Worli,10.79,DW084,Corporate,Veg,0.87,44,Delivered,Monthly-Pre-paid,119.76,Yes,Excellent,
DBW05322,2023-09-06,Wednesday,Sion,Worli,6.98,DW012,Residential,Mix,2.72,38,Delivered,Cash,92.38,No,nan,
DBW05323,2023-05-19,Friday,Chembur,Dadar,8.48,DW073,Hospital,Non-Veg,2.04,46,Delivered,Monthly-Pre-paid,94.3,Yes,Good,
DBW05324,2022-10-17,Monday,Borivali,Worli,5.4,DW014,Hospital,Veg,1.75,42,Delivered,Digital,85.55,Yes,Average,
DBW05325,2023-10-29,Sunday,Worli,Malad,16.07,DW148,Residential,Mix,1.72,50,Delivered,Digital,183.46,No,Excellent,
DBW05326,2022-10-15,Saturday,Chembur,Goregaon,24.08,DW080,Residential,Non-Veg,0.75,64,Delivered,Monthly-Pre-paid,237.3,No,Good,
DBW05327,2023-02-17,Friday,Churchgate,Dadar,13.27,DW118,Corporate,Mix,1.9,56,Delivered,Monthly-Pre-paid,110.34,No,Excellent,
DBW05328,2022-06-29,Wednesday,Churchgate,Malad,15.04,DW071,Corporate,Non-Veg,1.53,47,Delivered,Cash,151.95,Yes,Good,
DBW05329,2022-05-14,Saturday,Borivali,Kurla,3.49,DW003,Corporate,Mix,1.83,46,Delayed,Monthly-Pre-paid,60.28,Yes,Good,
DBW05330,2022-12-25,Sunday,Lower Parel,Churchgate,11.77,DW096,Corporate,Veg,1.82,46,Delivered,Cash,142.76,Yes,Average,
DBW05331,2023-02-16,Thursday,Goregaon,Chembur,24.7,DW098,Corporate,Mix,0.5,78,Delivered,Monthly-Pre-paid,219.34,No,Good,
DBW05332,2023-08-12,Saturday,Bandra,Andheri,5.66,DW035,Corporate,Veg,2.04,29,Delivered,Monthly-Pre-paid,59.7,No,Excellent,
DBW05333,2022-10-13,Thursday,Goregaon,Sion,17.04,DW108,Residential,Non-Veg,1.89,86,Delayed,Digital,178.83,Yes,Average,
DBW05334,2023-10-16,Monday,Lower Parel,Sion,14.29,DW034,Residential,Mix,1.96,62,Delivered,Digital,144.01,No,Excellent,
DBW05335,2023-03-20,Monday,Vikhroli,Chembur,10.89,DW104,Residential,Non-Veg,1.71,42,Delivered,Digital,107.72,Yes,Poor,
DBW05336,2022-02-21,Monday,Malad,Bandra,11.69,DW113,Corporate,Veg,1.82,64,Delivered,Digital,119.64,No,Average,
DBW05337,2023-06-24,Saturday,Dadar,Worli,13.73,DW021,Residential,Non-Veg,1.89,53,Delivered,Digital,118.65,Yes,Average,
DBW05338,2023-02-24,Friday,Andheri,Vikhroli,8.46,DW044,School,Veg,1.94,65,Delayed,Monthly-Pre-paid,100.26,No,nan,
DBW05339,2022-10-12,Wednesday,Bandra,Lower Parel,10.48,DW025,Corporate,Non-Veg,2.04,50,Delivered,Digital,109.27,No,Good,
DBW05340,2022-12-08,Thursday,Kurla,Malad,6.13,DW110,Hospital,Veg,1.94,27,Delivered,Digital,87.02,Yes,Good,
DBW05341,2022-08-09,Tuesday,Goregaon,Churchgate,9.15,DW036,Corporate,Non-Veg,2.72,40,Delivered,Monthly-Pre-paid,100.14,No,Average,
DBW05342,2023-03-25,Saturday,Andheri,Churchgate,17.27,DW097,Residential,Veg,1.44,57,Delivered,Monthly-Pre-paid,168.71,No,Good,
DBW05343,2023-02-18,Saturday,Vikhroli,Borivali,5.8,DW063,Residential,Non-Veg,1.61,19,Delivered,Monthly-Pre-paid,69.58,No,Average,
DBW05344,2022-11-23,Wednesday,Malad,Dadar,7.15,DW013,Residential,Mix,2.65,34,Delivered,Digital,83.42,Yes,nan,
DBW05345,2022-07-28,Thursday,Bandra,Andheri,8.75,DW133,Hospital,Non-Veg,1.72,36,Delivered,Monthly-Pre-paid,83.05,Yes,Good,
DBW05346,2022-10-19,Wednesday,Dadar,Goregaon,14.45,DW107,Corporate,Mix,2.27,63,Delivered,Digital,161.06,Yes,Poor,
DBW05347,2022-12-30,Friday,Andheri,Sion,11.86,DW040,Residential,Mix,1.87,56,Delivered,Cash,124.22,No,Average,
DBW05348,2022-12-11,Sunday,Vikhroli,Ghatkopar,13.95,DW132,Hospital,Mix,1.69,41,Delivered,Cash,111.75,Yes,Average,
DBW05349,2022-08-14,Sunday,Lower Parel,Dadar,8.38,DW107,Residential,Mix,2.29,25,Delivered,Cash,73.26,No,Good,
DBW05350,2023-03-01,Wednesday,Chembur,Churchgate,17.92,DW123,Corporate,Mix,2.06,78,Delayed,Digital,188.93,No,Good,
DBW05351,2022-06-15,Wednesday,Andheri,Chembur,6.73,DW027,Corporate,Non-Veg,1.03,41,Delayed,Digital,83.16,No,nan,
DBW05352,2023-01-01,Sunday,Malad,Bandra,10.21,DW002,Hospital,Non-Veg,1.89,28,Delivered,Cash,111.36,No,Poor,
DBW05353,2022-03-30,Wednesday,Vikhroli,Borivali,4.36,DW010,Residential,Mix,1.3,24,Delivered,Cash,64.85,No,Good,
DBW05354,2022-12-11,Sunday,Ghatkopar,Thane,19.03,DW081,School,Non-Veg,2.44,56,Delivered,Cash,189.58,Yes,Good,
DBW05355,2023-07-27,Thursday,Goregaon,Lower Parel,8.91,DW119,Corporate,Veg,2.68,31,Delivered,Monthly-Pre-paid,124.27,No,Good,
DBW05356,2023-08-21,Monday,Vikhroli,Bandra,13.91,DW138,Residential,Non-Veg,2.74,57,Delivered,Cash,147.99,No,Excellent,
DBW05357,2023-05-23,Tuesday,Worli,Kurla,9.36,DW145,Hospital,Veg,1.98,49,Delivered,Digital,109.52,No,Excellent,
DBW05358,2023-06-29,Thursday,Thane,Thane,0.5,DW090,Hospital,Mix,1.57,26,Delivered,Digital,25.43,Yes,nan,
DBW05359,2022-02-18,Friday,Dadar,Bandra,7.77,DW095,Residential,Mix,1.96,45,Delivered,Digital,68.99,No,Good,
DBW05360,2022-09-07,Wednesday,Dadar,Bandra,7.34,DW044,Corporate,Mix,1.33,48,Delayed,Cash,95.86,No,Good,
DBW05361,2023-04-23,Sunday,Kurla,Ghatkopar,13.61,DW001,Residential,Non-Veg,2.97,56,Delivered,Cash,147.19,No,Average,
DBW05362,2023-08-08,Tuesday,Malad,Ghatkopar,14.17,DW030,Residential,Non-Veg,2.4,86,Delayed,Cash,159.84,Yes,Average,
DBW05363,2023-03-02,Thursday,Chembur,Dadar,11.26,DW009,Corporate,Non-Veg,1.95,69,Delayed,Monthly-Pre-paid,145.75,No,Average,
DBW05364,2023-09-16,Saturday,Dadar,Andheri,6.22,DW103,Corporate,Non-Veg,2.3,33,Delivered,Digital,62.34,No,Good,
DBW05365,2022-07-19,Tuesday,Kurla,Andheri,5.17,DW076,Hospital,Veg,1.55,25,Delivered,Monthly-Pre-paid,62.18,No,Good,
DBW05366,2022-04-23,Saturday,Ghatkopar,Thane,20.12,DW116,Corporate,Mix,1.25,45,Delivered,Cash,200.95,Yes,Good,
DBW05367,2022-03-05,Saturday,Thane,Worli,10.83,DW023,Corporate,Non-Veg,0.69,31,Delivered,Monthly-Pre-paid,116.63,No,Average,
DBW05368,2023-03-02,Thursday,Vikhroli,Kurla,2.38,DW137,Residential,Veg,1.84,26,Delivered,Cash,70.73,No,nan,
DBW05369,2023-05-01,Monday,Kurla,Sion,4.88,DW108,School,Mix,1.7,57,Delayed,Monthly-Pre-paid,66.11,No,Good,
DBW05370,2022-07-28,Thursday,Sion,Lower Parel,15.98,DW136,Residential,Non-Veg,2.06,69,Delivered,Monthly-Pre-paid,187.87,Yes,Average,
DBW05371,2023-07-27,Thursday,Kurla,Thane,3.46,DW098,Corporate,Non-Veg,1.81,32,Delivered,Cash,58.54,No,nan,
DBW05372,2023-06-24,Saturday,Borivali,Churchgate,10.08,DW051,Corporate,Non-Veg,2.04,22,Delivered,Digital,135.08,Yes,Excellent,
DBW05373,2022-09-20,Tuesday,Thane,Sion,4.73,DW094,Corporate,Veg,2.21,44,Delivered,Monthly-Pre-paid,31.73,Yes,Good,
DBW05374,2022-06-24,Friday,Churchgate,Thane,12.43,DW091,Corporate,Non-Veg,1.07,47,Delivered,Monthly-Pre-paid,136.7,Yes,Excellent,
DBW05375,2023-06-26,Monday,Andheri,Thane,8.38,DW028,Hospital,Non-Veg,2.23,39,Delivered,Cash,97.4,Yes,nan,
DBW05376,2023-05-06,Saturday,Ghatkopar,Lower Parel,4.66,DW016,Corporate,Non-Veg,1.6,25,Delivered,Cash,35.88,Yes,Good,
DBW05377,2022-05-05,Thursday,Goregaon,Ghatkopar,12.59,DW098,Corporate,Veg,2.06,58,Delivered,Digital,130.47,No,Good,
DBW05378,2022-07-06,Wednesday,Thane,Borivali,5.24,DW015,Hospital,Mix,2.31,30,Delivered,Digital,53.37,No,Good,
DBW05379,2022-12-21,Wednesday,Churchgate,Churchgate,0.59,DW016,Corporate,Non-Veg,2.31,34,Delivered,Cash,26.96,Yes,Average,
DBW05380,2023-01-09,Monday,Malad,Kurla,6.59,DW011,Corporate,Mix,1.86,51,Delivered,Cash,87.34,No,Good,
DBW05381,2022-05-02,Monday,Lower Parel,Thane,15.08,DW094,Residential,Non-Veg,1.89,74,Delivered,Digital,148.77,No,Excellent,
DBW05382,2023-11-24,Friday,Vikhroli,Chembur,10.45,DW140,Corporate,Veg,2.25,57,Delivered,Digital,118.94,No,Good,
DBW05383,2022-10-11,Tuesday,Churchgate,Vikhroli,7.64,DW075,Corporate,Mix,1.05,41,Delivered,Cash,93.51,No,Good,
DBW05384,2022-10-06,Thursday,Churchgate,Worli,3.43,DW023,School,Non-Veg,1.32,44,Delayed,Monthly-Pre-paid,92.79,No,Good,
DBW05385,2022-02-14,Monday,Lower Parel,Ghatkopar,2.36,DW077,Hospital,Non-Veg,1.66,33,Delivered,Cash,52.81,No,Good,
DBW05386,2023-10-02,Monday,Vikhroli,Borivali,6.01,DW073,Residential,Veg,1.13,39,Delivered,Monthly-Pre-paid,79.73,No,Excellent,
DBW05387,2022-06-21,Tuesday,Vikhroli,Bandra,14.23,DW090,Residential,Veg,1.66,52,Delivered,Cash,150.14,Yes,Excellent,
DBW05388,2023-12-22,Friday,Kurla,Borivali,4.99,DW065,Corporate,Veg,1.64,42,Delivered,Digital,69.49,No,nan,
DBW05389,2022-12-29,Thursday,Ghatkopar,Churchgate,16.34,DW080,Hospital,Non-Veg,1.84,50,Delivered,Monthly-Pre-paid,136.94,No,Excellent,
DBW05390,2023-10-01,Sunday,Thane,Thane,0.5,DW049,Residential,Veg,1.77,8,Delivered,Cash,44.38,Yes,Good,
DBW05391,2022-05-11,Wednesday,Borivali,Vikhroli,5.51,DW136,Corporate,Veg,2.33,36,Delivered,Digital,93.45,Yes,Excellent,
DBW05392,2022-05-02,Monday,Worli,Chembur,16.09,DW081,Corporate,Mix,2.09,52,Delivered,Monthly-Pre-paid,182.05,No,Excellent,
DBW05393,2023-08-08,Tuesday,Ghatkopar,Lower Parel,2.48,DW047,Residential,Mix,1.76,30,Delivered,Digital,60.21,Yes,Average,
DBW05394,2023-08-22,Tuesday,Churchgate,Ghatkopar,17.1,DW001,Corporate,Mix,1.63,67,Delivered,Digital,162.75,No,nan,
DBW05395,2023-02-01,Wednesday,Vikhroli,Sion,3.59,DW102,Corporate,Mix,1.78,36,Delivered,Digital,62.7,Yes,Good,
DBW05396,2022-01-24,Monday,Malad,Dadar,6.63,DW058,Corporate,Veg,1.79,30,Delivered,Digital,109.86,Yes,Average,
DBW05397,2023-11-20,Monday,Bandra,Vikhroli,13.56,DW038,Residential,Non-Veg,3.06,60,Delivered,Digital,135.08,Yes,Average,
DBW05398,2022-10-15,Saturday,Kurla,Ghatkopar,14.61,DW072,Corporate,Mix,1.07,39,Delivered,Digital,128.97,No,Average,
DBW05399,2023-11-15,Wednesday,Vikhroli,Lower Parel,11.35,DW073,Residential,Veg,1.34,45,Delivered,Cash,153.91,No,Poor,
DBW05400,2023-09-28,Thursday,Borivali,Churchgate,10.43,DW121,Corporate,Non-Veg,1.26,39,Delivered,Digital,98.13,No,Excellent,
DBW05401,2023-09-14,Thursday,Dadar,Sion,10.11,DW082,Residential,Non-Veg,1.93,57,Delivered,Cash,87.28,Yes,Excellent,
DBW05402,2023-05-18,Thursday,Kurla,Worli,10.73,DW106,Corporate,Mix,1.91,44,Delivered,Digital,120.6,No,Good,
DBW05403,2023-05-07,Sunday,Borivali,Lower Parel,13.76,DW098,Corporate,Veg,1.51,48,Delivered,Cash,146.18,Yes,Good,
DBW05404,2023-01-24,Tuesday,Churchgate,Vikhroli,9.33,DW128,Residential,Non-Veg,2.25,41,Delivered,Digital,111.48,Yes,Good,
DBW05405,2022-01-19,Wednesday,Kurla,Chembur,6.1,DW001,Residential,Veg,1.98,50,Delivered,Cash,92.01,Yes,nan,
DBW05406,2022-10-11,Tuesday,Borivali,Lower Parel,18.7,DW057,Corporate,Mix,2.27,70,Delivered,Cash,177.21,No,Excellent,
DBW05407,2023-06-18,Sunday,Goregaon,Bandra,18.72,DW108,Residential,Veg,2.4,58,Delivered,Cash,177.58,No,nan,
DBW05408,2023-08-16,Wednesday,Thane,Dadar,11.31,DW022,Hospital,Non-Veg,0.73,40,Delivered,Digital,111.88,No,Good,
DBW05409,2023-02-13,Monday,Andheri,Dadar,6.96,DW067,Corporate,Non-Veg,2.14,37,Delivered,Cash,87.72,Yes,Poor,
DBW05410,2023-06-02,Friday,Vikhroli,Chembur,10.69,DW061,Residential,Veg,1.15,61,Delivered,Digital,123.66,No,Good,
DBW05411,2022-01-16,Sunday,Churchgate,Ghatkopar,16.22,DW121,Corporate,Mix,1.92,49,Delivered,Cash,173.35,Yes,Good,
DBW05412,2022-12-08,Thursday,Sion,Sion,0.5,DW145,Hospital,Veg,1.76,38,Delayed,Digital,20.53,Yes,Average,
DBW05413,2023-01-06,Friday,Kurla,Vikhroli,3.8,DW016,Corporate,Non-Veg,1.78,26,Delivered,Digital,41.69,No,Good,
DBW05414,2023-10-14,Saturday,Malad,Churchgate,16.42,DW033,School,Mix,1.2,45,Returned,Cash,174.67,No,Poor,Wrong Address
DBW05415,2022-08-16,Tuesday,Sion,Vikhroli,4.31,DW117,Residential,Mix,2.32,38,Delivered,Cash,56.54,No,Good,
DBW05416,2022-06-17,Friday,Kurla,Borivali,6.86,DW027,Residential,Mix,1.15,37,Delivered,Digital,70.12,No,Excellent,
DBW05417,2022-09-15,Thursday,Thane,Andheri,6.81,DW075,Corporate,Veg,2.18,33,Delivered,Cash,56.7,Yes,Average,
DBW05418,2022-05-05,Thursday,Borivali,Borivali,0.5,DW142,Residential,Non-Veg,1.08,23,Delivered,Digital,55.11,No,Good,
DBW05419,2023-02-12,Sunday,Andheri,Ghatkopar,14.33,DW147,Corporate,Veg,1.79,54,Delivered,Monthly-Pre-paid,148.74,No,Average,
DBW05420,2023-04-15,Saturday,Andheri,Dadar,5.23,DW143,Corporate,Mix,2.7,50,Delayed,Cash,80.04,No,Good,
DBW05421,2023-08-08,Tuesday,Vikhroli,Andheri,8.08,DW021,Corporate,Non-Veg,2.98,55,Delivered,Monthly-Pre-paid,101.2,Yes,Average,
DBW05422,2023-12-11,Monday,Thane,Bandra,17.33,DW023,Residential,Veg,0.99,57,Delivered,Digital,171.84,Yes,Average,
DBW05423,2022-02-23,Wednesday,Malad,Chembur,4.08,DW027,Residential,Mix,1.45,34,Delivered,Digital,62.26,No,nan,
DBW05424,2022-06-30,Thursday,Vikhroli,Churchgate,7.57,DW116,School,Mix,1.54,28,Delivered,Cash,89.53,No,Good,
DBW05425,2022-08-08,Monday,Worli,Dadar,13.77,DW027,Corporate,Veg,2.93,53,Delivered,Digital,125.5,No,Excellent,
DBW05426,2022-07-02,Saturday,Goregaon,Thane,19.94,DW065,Hospital,Mix,1.77,53,Delivered,Digital,163.03,No,Good,
DBW05427,2023-08-27,Sunday,Goregaon,Churchgate,8.33,DW123,Hospital,Non-Veg,2.34,26,Delivered,Cash,130.35,No,Average,
DBW05428,2022-04-12,Tuesday,Bandra,Bandra,0.5,DW074,Hospital,Non-Veg,1.95,26,Delivered,Digital,34.57,No,Good,
DBW05429,2022-01-22,Saturday,Andheri,Dadar,6.13,DW142,Residential,Veg,1.2,24,Delivered,Digital,72.48,Yes,Poor,
DBW05430,2023-09-21,Thursday,Churchgate,Borivali,7.04,DW075,Corporate,Non-Veg,0.87,39,Delivered,Digital,74.29,No,nan,
DBW05431,2023-12-03,Sunday,Sion,Bandra,19.96,DW057,Hospital,Mix,1.49,45,Delivered,Digital,205.42,No,nan,
DBW05432,2022-06-15,Wednesday,Ghatkopar,Borivali,21.05,DW146,Residential,Veg,2.96,74,Delivered,Digital,200.53,No,Excellent,
DBW05433,2022-08-31,Wednesday,Chembur,Dadar,10.19,DW083,Residential,Non-Veg,1.93,43,Delivered,Monthly-Pre-paid,98.55,Yes,Excellent,
DBW05434,2023-01-03,Tuesday,Kurla,Ghatkopar,13.61,DW028,Corporate,Veg,2.33,63,Delivered,Cash,134.33,Yes,Good,
DBW05435,2023-01-19,Thursday,Lower Parel,Vikhroli,11.32,DW096,Corporate,Veg,1.09,47,Delivered,Monthly-Pre-paid,125.25,No,nan,
DBW05436,2023-12-25,Monday,Goregaon,Borivali,15.91,DW116,Corporate,Veg,1.64,54,Delivered,Digital,151.46,No,Average,
DBW05437,2022-10-23,Sunday,Churchgate,Churchgate,1.36,DW126,Residential,Veg,2.19,10,Delivered,Digital,53.14,No,Excellent,
DBW05438,2022-01-09,Sunday,Churchgate,Chembur,18.5,DW001,Corporate,Mix,1.25,55,Delivered,Cash,209.85,Yes,Good,
DBW05439,2022-11-05,Saturday,Goregaon,Goregaon,1.62,DW017,Hospital,Mix,1.77,11,Delivered,Cash,36.65,No,nan,
DBW05440,2023-02-11,Saturday,Churchgate,Borivali,8.0,DW095,Corporate,Mix,1.36,33,Delivered,Monthly-Pre-paid,89.75,No,Excellent,
DBW05441,2023-01-13,Friday,Thane,Sion,3.63,DW112,Corporate,Veg,2.21,28,Delivered,Cash,46.61,No,Good,
DBW05442,2023-01-09,Monday,Thane,Kurla,5.06,DW098,Corporate,Veg,2.0,42,Delivered,Digital,68.19,No,Average,
DBW05443,2023-11-05,Sunday,Worli,Worli,0.5,DW058,Corporate,Mix,2.14,9,Delivered,Digital,4.59,No,Excellent,
DBW05444,2023-08-13,Sunday,Borivali,Chembur,12.41,DW114,Corporate,Mix,2.24,42,Returned,Digital,145.77,No,Good,Customer Unavailable
DBW05445,2022-07-03,Sunday,Worli,Kurla,10.94,DW087,Residential,Mix,1.69,41,Returned,Cash,97.53,No,nan,Customer Unavailable
DBW05446,2022-09-17,Saturday,Churchgate,Bandra,19.06,DW139,School,Mix,2.3,56,Delivered,Cash,170.39,No,Excellent,
DBW05447,2023-05-03,Wednesday,Bandra,Worli,19.49,DW056,Corporate,Mix,1.51,67,Delivered,Digital,187.21,Yes,Average,
DBW05448,2022-10-27,Thursday,Malad,Thane,5.98,DW114,Corporate,Non-Veg,2.11,35,Delivered,Monthly-Pre-paid,98.52,Yes,Poor,
DBW05449,2022-11-09,Wednesday,Goregaon,Bandra,19.7,DW022,Residential,Non-Veg,0.81,57,Delivered,Digital,174.76,No,Good,
DBW05450,2022-05-03,Tuesday,Kurla,Chembur,8.54,DW110,Corporate,Mix,1.43,45,Returned,Digital,95.49,Yes,Good,nan
DBW05451,2022-07-05,Tuesday,Thane,Sion,4.81,DW110,Residential,Mix,2.96,27,Delivered,Digital,72.85,No,Average,
DBW05452,2023-06-25,Sunday,Malad,Malad,0.5,DW039,Residential,Mix,2.11,10,Delivered,Digital,23.93,No,Good,
DBW05453,2023-09-08,Friday,Thane,Malad,6.01,DW010,Hospital,Veg,2.11,35,Delivered,Monthly-Pre-paid,76.27,No,Good,
DBW05454,2023-07-27,Thursday,Andheri,Goregaon,17.81,DW149,Corporate,Veg,1.39,64,Delivered,Monthly-Pre-paid,148.63,Yes,Good,
DBW05455,2022-08-13,Saturday,Goregaon,Bandra,21.98,DW012,School,Non-Veg,1.25,62,Delivered,Digital,197.93,No,nan,
DBW05456,2022-04-10,Sunday,Worli,Dadar,14.47,DW071,School,Mix,1.67,53,Returned,Cash,164.23,Yes,Average,nan
DBW05457,2022-04-27,Wednesday,Sion,Churchgate,9.8,DW001,Corporate,Non-Veg,1.77,40,Delivered,Cash,120.6,No,Excellent,
DBW05458,2022-10-15,Saturday,Malad,Churchgate,17.13,DW063,Residential,Non-Veg,2.76,53,Delivered,Monthly-Pre-paid,160.35,Yes,Good,
DBW05459,2023-01-13,Friday,Worli,Goregaon,12.06,DW124,Corporate,Veg,2.31,55,Delivered,Cash,111.26,No,Poor,
DBW05460,2023-10-14,Saturday,Worli,Dadar,13.15,DW076,Corporate,Veg,1.85,40,Delivered,Cash,132.01,No,Poor,
DBW05461,2023-10-19,Thursday,Ghatkopar,Churchgate,18.32,DW036,School,Veg,1.83,84,Delayed,Cash,154.62,No,Good,
DBW05462,2022-01-02,Sunday,Worli,Lower Parel,16.14,DW060,Corporate,Veg,2.18,46,Delivered,Monthly-Pre-paid,156.21,No,Average,
DBW05463,2023-06-01,Thursday,Vikhroli,Borivali,4.57,DW014,Corporate,Mix,1.14,27,Delivered,Monthly-Pre-paid,60.38,No,Excellent,
DBW05464,2022-08-07,Sunday,Malad,Chembur,3.05,DW090,Corporate,Mix,0.84,19,Delivered,Monthly-Pre-paid,47.73,No,Excellent,
DBW05465,2022-05-25,Wednesday,Ghatkopar,Vikhroli,13.77,DW001,Residential,Non-Veg,2.17,69,Delivered,Monthly-Pre-paid,138.04,Yes,nan,
DBW05466,2023-02-10,Friday,Bandra,Dadar,6.51,DW053,Hospital,Mix,1.84,44,Delivered,Digital,90.12,Yes,Good,
DBW05467,2022-01-25,Tuesday,Thane,Thane,2.05,DW010,Residential,Non-Veg,1.14,17,Delivered,Cash,30.81,Yes,Excellent,
DBW05468,2022-09-01,Thursday,Malad,Chembur,4.09,DW036,Residential,Non-Veg,0.75,58,Delayed,Monthly-Pre-paid,77.1,Yes,Good,
DBW05469,2023-02-08,Wednesday,Thane,Goregaon,18.29,DW011,Corporate,Non-Veg,2.25,68,Delivered,Monthly-Pre-paid,193.23,No,Good,
DBW05470,2022-07-18,Monday,Ghatkopar,Thane,18.47,DW140,Residential,Non-Veg,1.54,73,Delivered,Cash,210.72,No,nan,
DBW05471,2023-03-10,Friday,Chembur,Churchgate,19.23,DW116,Corporate,Veg,2.0,63,Delivered,Monthly-Pre-paid,188.3,No,Excellent,
DBW05472,2022-12-02,Friday,Goregaon,Worli,12.21,DW140,Residential,Veg,1.67,62,Delivered,Digital,149.76,Yes,Average,
DBW05473,2023-08-07,Monday,Malad,Thane,7.84,DW103,Residential,Mix,1.78,55,Delivered,Digital,107.39,No,Average,
DBW05474,2022-05-13,Friday,Andheri,Vikhroli,9.78,DW075,School,Mix,1.5,48,Delivered,Digital,111.1,No,Average,
DBW05475,2022-02-11,Friday,Goregaon,Thane,19.62,DW027,Residential,Non-Veg,1.76,64,Delivered,Cash,168.73,Yes,Average,
DBW05476,2023-01-22,Sunday,Bandra,Dadar,6.03,DW145,Residential,Veg,2.09,36,Delivered,Digital,91.65,Yes,Average,
DBW05477,2022-07-07,Thursday,Borivali,Borivali,0.5,DW138,Corporate,Mix,1.66,16,Delivered,Cash,37.6,No,Good,
DBW05478,2023-05-31,Wednesday,Malad,Thane,5.78,DW063,Corporate,Non-Veg,1.63,22,Delivered,Digital,103.07,No,Excellent,
DBW05479,2022-03-10,Thursday,Ghatkopar,Thane,18.39,DW034,Residential,Non-Veg,2.1,70,Delivered,Cash,188.23,No,nan,
DBW05480,2023-02-24,Friday,Dadar,Andheri,6.19,DW059,Residential,Non-Veg,2.14,37,Delivered,Digital,95.32,No,Excellent,
DBW05481,2023-12-24,Sunday,Lower Parel,Sion,15.31,DW060,Residential,Mix,1.23,41,Delivered,Cash,143.83,No,Good,
DBW05482,2022-03-09,Wednesday,Bandra,Borivali,20.73,DW138,Residential,Veg,1.79,89,Delayed,Digital,199.53,Yes,Excellent,
DBW05483,2022-08-09,Tuesday,Borivali,Bandra,19.59,DW011,Corporate,Non-Veg,1.54,65,Delivered,Digital,157.83,No,Good,
DBW05484,2023-09-09,Saturday,Andheri,Andheri,0.5,DW095,Corporate,Mix,1.81,12,Delivered,Cash,42.32,Yes,Good,
DBW05485,2023-01-25,Wednesday,Kurla,Bandra,10.81,DW116,Corporate,Veg,2.52,37,Delivered,Cash,134.75,Yes,Good,
DBW05486,2022-05-08,Sunday,Thane,Ghatkopar,17.54,DW115,Residential,Mix,1.98,62,Delivered,Digital,191.2,No,Good,
DBW05487,2022-06-05,Sunday,Worli,Bandra,22.33,DW029,School,Veg,2.88,60,Delivered,Cash,203.3,Yes,Average,
DBW05488,2023-07-13,Thursday,Malad,Bandra,10.63,DW062,Residential,Non-Veg,1.91,65,Returned,Cash,87.8,No,nan,nan
DBW05489,2023-09-21,Thursday,Dadar,Kurla,7.97,DW052,Residential,Veg,1.72,40,Delivered,Digital,85.72,Yes,Good,
DBW05490,2022-09-21,Wednesday,Bandra,Vikhroli,13.89,DW062,Residential,Mix,1.79,59,Delivered,Digital,139.96,Yes,nan,
DBW05491,2022-12-12,Monday,Chembur,Bandra,13.53,DW014,Corporate,Veg,1.87,77,Delayed,Digital,144.39,No,Excellent,
DBW05492,2023-07-26,Wednesday,Churchgate,Sion,8.41,DW013,Corporate,Mix,1.96,40,Delivered,Cash,66.85,No,Good,
DBW05493,2022-05-10,Tuesday,Borivali,Bandra,19.14,DW004,Corporate,Veg,1.3,76,Delayed,Monthly-Pre-paid,181.58,Yes,Excellent,
DBW05494,2022-05-31,Tuesday,Ghatkopar,Bandra,8.03,DW146,School,Veg,1.68,48,Returned,Digital,78.7,No,Good,nan
DBW05495,2023-07-20,Thursday,Goregaon,Thane,19.25,DW063,Corporate,Non-Veg,1.44,53,Delivered,Digital,205.69,No,nan,
DBW05496,2022-05-17,Tuesday,Goregaon,Kurla,18.2,DW035,Residential,Veg,2.31,85,Delayed,Monthly-Pre-paid,140.57,Yes,Excellent,
DBW05497,2023-07-17,Monday,Sion,Borivali,0.98,DW120,Corporate,Veg,0.84,28,Delivered,Cash,53.07,Yes,Average,
DBW05498,2022-12-29,Thursday,Goregaon,Thane,20.81,DW075,Residential,Mix,1.88,67,Delivered,Monthly-Pre-paid,194.13,No,Average,
DBW05499,2023-12-24,Sunday,Borivali,Thane,3.25,DW055,Corporate,Non-Veg,1.04,19,Delivered,Monthly-Pre-paid,25.31,No,Excellent,
DBW05500,2022-01-25,Tuesday,Goregaon,Vikhroli,16.71,DW018,School,Non-Veg,2.02,54,Delivered,Digital,188.84,Yes,Good,
DBW05501,2023-11-22,Wednesday,Lower Parel,Chembur,17.74,DW058,Corporate,Veg,1.6,53,Delivered,Cash,192.21,Yes,Excellent,
DBW05502,2022-06-14,Tuesday,Borivali,Bandra,19.5,DW098,School,Mix,0.89,71,Delivered,Cash,204.75,No,Good,
DBW05503,2022-01-26,Wednesday,Thane,Sion,4.61,DW094,Residential,Veg,2.27,47,Delivered,Cash,68.28,Yes,Poor,
DBW05504,2023-06-13,Tuesday,Dadar,Sion,11.21,DW059,Corporate,Non-Veg,0.54,44,Delivered,Digital,109.6,Yes,Good,
DBW05505,2023-01-24,Tuesday,Worli,Kurla,10.67,DW092,Residential,Mix,1.78,47,Delivered,Monthly-Pre-paid,116.33,No,nan,
DBW05506,2023-09-04,Monday,Thane,Thane,0.87,DW116,Residential,Mix,2.15,21,Delivered,Digital,45.16,No,Average,
DBW05507,2022-03-21,Monday,Worli,Lower Parel,14.77,DW140,Corporate,Non-Veg,2.49,67,Delivered,Digital,140.05,Yes,Good,
DBW05508,2022-02-28,Monday,Thane,Kurla,3.09,DW080,Residential,Veg,0.99,25,Delivered,Cash,41.88,Yes,Good,
DBW05509,2023-02-19,Sunday,Ghatkopar,Worli,19.28,DW035,Residential,Mix,1.54,76,Delayed,Monthly-Pre-paid,191.67,Yes,Average,
DBW05510,2023-10-06,Friday,Churchgate,Ghatkopar,16.46,DW020,Residential,Veg,2.34,60,Delivered,Monthly-Pre-paid,164.63,No,Average,
DBW05511,2022-10-24,Monday,Worli,Malad,17.34,DW024,Residential,Non-Veg,2.38,73,Delayed,Cash,182.62,No,Good,
DBW05512,2023-08-06,Sunday,Andheri,Lower Parel,13.72,DW002,Residential,Veg,2.44,49,Delivered,Cash,162.59,Yes,Good,
DBW05513,2023-10-24,Tuesday,Lower Parel,Lower Parel,0.5,DW084,Corporate,Veg,3.08,16,Delivered,Monthly-Pre-paid,46.85,No,nan,
DBW05514,2023-09-27,Wednesday,Ghatkopar,Worli,19.85,DW032,Corporate,Non-Veg,1.55,76,Delivered,Digital,171.48,No,Excellent,
DBW05515,2023-01-07,Saturday,Thane,Chembur,5.25,DW034,Corporate,Non-Veg,1.99,44,Returned,Digital,71.83,Yes,Average,nan
DBW05516,2023-05-25,Thursday,Chembur,Ghatkopar,18.89,DW109,Residential,Mix,1.63,72,Delivered,Digital,186.93,No,Excellent,
DBW05517,2023-01-19,Thursday,Sion,Ghatkopar,19.69,DW048,Corporate,Mix,0.81,84,Delayed,Digital,199.64,Yes,Good,
DBW05518,2023-05-08,Monday,Lower Parel,Dadar,8.26,DW125,Corporate,Mix,1.75,32,Delivered,Monthly-Pre-paid,108.99,No,Excellent,
DBW05519,2023-02-18,Saturday,Borivali,Lower Parel,16.47,DW021,Residential,Mix,0.8,50,Delivered,Digital,160.87,No,Excellent,
DBW05520,2023-01-19,Thursday,Borivali,Ghatkopar,21.04,DW052,Corporate,Non-Veg,1.54,87,Delayed,Monthly-Pre-paid,190.99,No,Excellent,
DBW05521,2022-11-15,Tuesday,Bandra,Malad,10.6,DW008,Corporate,Non-Veg,1.07,45,Delivered,Digital,129.95,Yes,nan,
DBW05522,2023-04-22,Saturday,Churchgate,Vikhroli,7.44,DW081,Hospital,Non-Veg,2.02,25,Delivered,Cash,95.22,No,Excellent,
DBW05523,2023-07-03,Monday,Lower Parel,Borivali,16.13,DW019,Residential,Non-Veg,1.41,63,Delivered,Cash,163.25,No,Good,
DBW05524,2023-11-02,Thursday,Malad,Churchgate,17.26,DW037,Residential,Veg,0.91,65,Delivered,Monthly-Pre-paid,157.48,No,Good,
DBW05525,2023-03-24,Friday,Dadar,Kurla,5.9,DW111,Corporate,Veg,2.23,40,Delivered,Digital,108.7,Yes,Excellent,
DBW05526,2022-03-15,Tuesday,Thane,Worli,11.54,DW133,Residential,Non-Veg,1.5,51,Delivered,Monthly-Pre-paid,126.09,Yes,nan,
DBW05527,2023-03-05,Sunday,Dadar,Ghatkopar,7.7,DW082,School,Non-Veg,1.58,27,Delivered,Cash,90.29,No,Excellent,
DBW05528,2022-08-19,Friday,Malad,Andheri,1.34,DW145,Corporate,Mix,1.31,29,Delivered,Monthly-Pre-paid,44.42,No,nan,
DBW05529,2022-01-20,Thursday,Kurla,Kurla,0.74,DW114,Corporate,Mix,2.37,31,Delivered,Cash,33.91,No,Excellent,
DBW05530,2022-02-22,Tuesday,Chembur,Dadar,10.67,DW113,Corporate,Veg,1.94,40,Delivered,Cash,96.07,No,Good,
DBW05531,2023-03-08,Wednesday,Bandra,Thane,15.26,DW149,Hospital,Veg,1.49,54,Delivered,Digital,156.54,Yes,Average,
DBW05532,2023-11-21,Tuesday,Sion,Sion,0.5,DW014,Corporate,Mix,0.84,23,Delivered,Digital,12.23,No,Excellent,
DBW05533,2023-01-05,Thursday,Goregaon,Churchgate,10.18,DW035,Residential,Non-Veg,3.06,53,Delivered,Digital,112.98,No,Poor,
DBW05534,2022-11-22,Tuesday,Dadar,Thane,9.52,DW066,Residential,Veg,2.79,54,Delivered,Monthly-Pre-paid,82.26,No,Good,
DBW05535,2022-03-06,Sunday,Kurla,Malad,5.04,DW093,School,Mix,2.52,20,Delivered,Monthly-Pre-paid,37.99,No,Good,
DBW05536,2023-05-09,Tuesday,Andheri,Goregaon,21.31,DW149,Corporate,Non-Veg,1.45,76,Delivered,Cash,209.71,No,Excellent,
DBW05537,2022-02-10,Thursday,Andheri,Churchgate,16.74,DW015,Residential,Veg,1.55,55,Delivered,Cash,147.4,Yes,Excellent,
DBW05538,2023-09-07,Thursday,Dadar,Vikhroli,8.11,DW035,School,Non-Veg,2.0,43,Delivered,Digital,101.41,Yes,Average,
DBW05539,2023-08-19,Saturday,Kurla,Andheri,6.61,DW045,Corporate,Mix,1.35,20,Delivered,Monthly-Pre-paid,85.4,Yes,Excellent,
DBW05540,2023-12-25,Monday,Thane,Churchgate,14.57,DW101,Residential,Mix,1.31,51,Delivered,Monthly-Pre-paid,148.77,No,Good,
DBW05541,2022-07-27,Wednesday,Kurla,Goregaon,17.7,DW143,Corporate,Veg,2.53,67,Delivered,Cash,162.17,No,Good,
DBW05542,2022-04-29,Friday,Kurla,Churchgate,10.21,DW141,Corporate,Non-Veg,1.77,56,Delivered,Digital,109.73,No,Good,
DBW05543,2022-08-07,Sunday,Ghatkopar,Worli,19.71,DW113,Corporate,Non-Veg,1.24,49,Delivered,Digital,177.83,Yes,Good,
DBW05544,2023-08-07,Monday,Malad,Goregaon,20.45,DW116,Corporate,Mix,2.28,57,Delivered,Cash,207.79,No,Excellent,
DBW05545,2022-06-09,Thursday,Kurla,Vikhroli,2.56,DW063,Corporate,Veg,1.51,17,Delivered,Monthly-Pre-paid,43.21,No,Excellent,
DBW05546,2023-10-10,Tuesday,Lower Parel,Bandra,8.23,DW092,Residential,Mix,0.81,41,Delivered,Cash,92.09,No,Good,
DBW05547,2022-04-23,Saturday,Goregaon,Chembur,24.13,DW026,Residential,Non-Veg,1.23,67,Delivered,Monthly-Pre-paid,234.2,No,Good,
DBW05548,2022-02-05,Saturday,Chembur,Thane,7.84,DW077,Corporate,Non-Veg,1.54,35,Delivered,Digital,83.43,Yes,nan,
DBW05549,2022-06-10,Friday,Worli,Churchgate,4.08,DW044,Residential,Non-Veg,1.91,27,Delivered,Digital,35.73,No,Good,
DBW05550,2023-07-05,Wednesday,Lower Parel,Bandra,8.54,DW140,School,Non-Veg,1.89,45,Delivered,Cash,82.4,Yes,Good,
DBW05551,2023-03-16,Thursday,Dadar,Borivali,10.68,DW056,Corporate,Veg,2.41,54,Delivered,Cash,131.3,Yes,Excellent,
DBW05552,2022-09-16,Friday,Borivali,Ghatkopar,21.7,DW060,Corporate,Non-Veg,1.68,88,Delayed,Digital,204.81,Yes,Average,
DBW05553,2023-04-24,Monday,Bandra,Chembur,14.07,DW061,Corporate,Non-Veg,1.57,58,Delivered,Monthly-Pre-paid,146.92,No,Good,
DBW05554,2023-04-19,Wednesday,Bandra,Sion,17.34,DW136,Hospital,Non-Veg,2.42,55,Delivered,Digital,173.17,Yes,Average,
DBW05555,2023-02-09,Thursday,Bandra,Ghatkopar,8.69,DW140,Hospital,Non-Veg,2.29,39,Delivered,Cash,126.35,Yes,Excellent,
DBW05556,2023-01-11,Wednesday,Vikhroli,Thane,7.68,DW065,Residential,Non-Veg,1.69,42,Delivered,Cash,60.29,No,Average,
DBW05557,2022-03-16,Wednesday,Dadar,Worli,14.57,DW150,Corporate,Veg,1.95,67,Delivered,Cash,144.6,No,Average,
DBW05558,2022-07-09,Saturday,Bandra,Kurla,9.8,DW114,Residential,Non-Veg,1.56,32,Delivered,Digital,108.81,No,Good,
DBW05559,2023-01-21,Saturday,Malad,Borivali,14.49,DW127,Residential,Veg,1.22,43,Delivered,Cash,145.6,No,Good,
DBW05560,2022-04-09,Saturday,Churchgate,Lower Parel,10.89,DW138,Corporate,Non-Veg,2.9,56,Delayed,Monthly-Pre-paid,129.12,No,Excellent,
DBW05561,2022-12-14,Wednesday,Dadar,Worli,13.74,DW050,Corporate,Non-Veg,1.53,47,Delivered,Cash,152.28,Yes,Good,
DBW05562,2022-03-27,Sunday,Goregaon,Vikhroli,12.89,DW083,Corporate,Veg,1.95,34,Delivered,Digital,129.86,Yes,Excellent,
DBW05563,2023-07-29,Saturday,Kurla,Sion,4.86,DW043,Residential,Mix,1.04,26,Delivered,Digital,43.53,Yes,Good,
DBW05564,2022-03-17,Thursday,Goregaon,Ghatkopar,12.81,DW047,School,Veg,2.17,54,Delivered,Cash,170.14,No,Excellent,
DBW05565,2022-03-09,Wednesday,Ghatkopar,Vikhroli,12.21,DW070,Corporate,Non-Veg,1.2,49,Delivered,Monthly-Pre-paid,127.62,Yes,Poor,
DBW05566,2023-04-11,Tuesday,Sion,Goregaon,17.79,DW008,Hospital,Non-Veg,2.64,62,Delivered,Cash,173.63,No,Average,
DBW05567,2022-06-10,Friday,Churchgate,Ghatkopar,17.73,DW033,Residential,Mix,2.7,73,Delivered,Cash,190.74,No,Poor,
DBW05568,2022-09-14,Wednesday,Kurla,Lower Parel,11.26,DW122,Residential,Mix,2.08,49,Delivered,Digital,114.16,No,nan,
DBW05569,2022-08-18,Thursday,Chembur,Chembur,0.5,DW025,Hospital,Non-Veg,1.86,27,Delivered,Digital,53.38,No,Good,
DBW05570,2022-06-08,Wednesday,Lower Parel,Bandra,9.5,DW094,Residential,Mix,1.71,56,Delivered,Digital,101.4,No,Average,
DBW05571,2023-07-11,Tuesday,Churchgate,Ghatkopar,16.24,DW115,Corporate,Veg,1.78,62,Delivered,Digital,187.36,Yes,Good,
DBW05572,2023-05-21,Sunday,Thane,Lower Parel,15.26,DW040,Corporate,Mix,2.0,44,Delivered,Monthly-Pre-paid,158.91,No,Average,
DBW05573,2022-06-24,Friday,Kurla,Lower Parel,10.91,DW069,Hospital,Veg,1.84,44,Delivered,Digital,107.16,Yes,Good,
DBW05574,2023-05-17,Wednesday,Malad,Andheri,1.54,DW132,Residential,Mix,2.29,33,Delivered,Digital,75.02,No,Average,
DBW05575,2023-06-05,Monday,Goregaon,Churchgate,9.96,DW126,Corporate,Veg,1.34,42,Delivered,Monthly-Pre-paid,118.73,Yes,Good,
DBW05576,2023-01-29,Sunday,Kurla,Andheri,4.78,DW139,Residential,Veg,2.56,18,Delivered,Digital,59.13,No,Average,
DBW05577,2023-02-27,Monday,Thane,Sion,2.82,DW095,Corporate,Mix,1.59,25,Delivered,Digital,31.43,Yes,Good,
DBW05578,2023-11-14,Tuesday,Kurla,Worli,9.99,DW134,Corporate,Mix,1.43,35,Delivered,Digital,120.36,Yes,Excellent,
DBW05579,2022-11-28,Monday,Goregaon,Kurla,15.62,DW060,Hospital,Non-Veg,1.98,55,Delivered,Digital,175.69,No,Average,
DBW05580,2022-10-09,Sunday,Sion,Kurla,5.78,DW091,Corporate,Mix,2.01,13,Delivered,Digital,82.03,Yes,Good,
DBW05581,2023-01-29,Sunday,Thane,Kurla,5.26,DW101,Corporate,Veg,0.93,15,Delivered,Monthly-Pre-paid,77.05,Yes,Average,
DBW05582,2023-09-03,Sunday,Kurla,Malad,6.05,DW147,Corporate,Non-Veg,1.56,26,Delivered,Cash,101.76,No,Average,
DBW05583,2023-06-02,Friday,Churchgate,Lower Parel,11.53,DW056,School,Veg,0.71,54,Delivered,Cash,131.19,Yes,Average,
DBW05584,2022-02-24,Thursday,Bandra,Kurla,12.97,DW132,Corporate,Non-Veg,1.46,50,Delivered,Digital,123.93,No,Average,
DBW05585,2022-12-02,Friday,Dadar,Ghatkopar,8.63,DW077,Corporate,Non-Veg,1.48,44,Delivered,Digital,89.81,Yes,Good,
DBW05586,2023-06-25,Sunday,Churchgate,Worli,3.99,DW016,Corporate,Non-Veg,1.95,21,Delivered,Cash,70.26,No,Average,
DBW05587,2022-06-13,Monday,Ghatkopar,Vikhroli,14.76,DW099,Corporate,Veg,1.41,61,Delivered,Monthly-Pre-paid,155.61,No,nan,
DBW05588,2023-12-23,Saturday,Churchgate,Thane,13.08,DW148,Corporate,Veg,1.52,31,Delivered,Digital,150.98,No,Excellent,
DBW05589,2023-08-13,Sunday,Malad,Vikhroli,9.01,DW069,Corporate,Veg,2.45,38,Delivered,Monthly-Pre-paid,107.62,No,Average,
DBW05590,2023-09-11,Monday,Thane,Vikhroli,5.43,DW083,Corporate,Veg,2.83,42,Delivered,Digital,83.62,No,Excellent,
DBW05591,2022-03-01,Tuesday,Churchgate,Dadar,15.18,DW140,Residential,Non-Veg,1.34,60,Delivered,Digital,156.64,No,Good,
DBW05592,2023-02-28,Tuesday,Andheri,Vikhroli,9.77,DW139,Corporate,Veg,2.31,47,Delivered,Monthly-Pre-paid,122.64,Yes,Excellent,
DBW05593,2023-01-21,Saturday,Andheri,Chembur,6.13,DW061,Corporate,Mix,1.99,28,Delivered,Cash,90.2,No,Average,
DBW05594,2023-04-03,Monday,Chembur,Chembur,0.5,DW115,Residential,Non-Veg,0.93,28,Delivered,Cash,30.12,No,Excellent,
DBW05595,2023-09-13,Wednesday,Andheri,Vikhroli,7.57,DW095,Corporate,Veg,1.4,33,Delivered,Monthly-Pre-paid,87.7,Yes,Average,
DBW05596,2022-09-15,Thursday,Malad,Andheri,2.15,DW098,Corporate,Mix,0.5,37,Delivered,Monthly-Pre-paid,52.03,Yes,Good,
DBW05597,2023-01-25,Wednesday,Chembur,Worli,17.32,DW109,School,Veg,1.96,72,Delivered,Cash,170.22,Yes,Good,
DBW05598,2023-05-12,Friday,Andheri,Ghatkopar,13.64,DW050,Residential,Veg,1.26,57,Delivered,Digital,158.84,Yes,nan,
DBW05599,2023-07-04,Tuesday,Vikhroli,Worli,7.01,DW046,Residential,Non-Veg,1.87,35,Delivered,Digital,89.24,Yes,Good,
DBW05600,2023-07-17,Monday,Dadar,Sion,10.74,DW005,Residential,Veg,3.09,65,Delayed,Monthly-Pre-paid,94.58,No,Excellent,
DBW05601,2022-09-03,Saturday,Malad,Ghatkopar,16.29,DW129,School,Mix,2.6,68,Returned,Digital,142.62,No,Good,Damaged
DBW05602,2023-12-30,Saturday,Sion,Ghatkopar,20.08,DW042,Corporate,Mix,1.42,66,Delivered,Digital,187.08,No,Good,
DBW05603,2022-01-08,Saturday,Thane,Goregaon,19.67,DW102,Corporate,Non-Veg,1.3,63,Delivered,Monthly-Pre-paid,198.15,Yes,Average,
DBW05604,2022-12-26,Monday,Andheri,Worli,15.64,DW103,Hospital,Mix,2.45,64,Delivered,Monthly-Pre-paid,144.24,No,Excellent,
DBW05605,2023-03-21,Tuesday,Bandra,Thane,15.12,DW106,Corporate,Veg,1.3,50,Delivered,Cash,160.69,No,Average,
DBW05606,2022-02-14,Monday,Thane,Churchgate,10.26,DW130,Residential,Non-Veg,2.3,62,Delayed,Digital,100.58,No,Good,
DBW05607,2022-11-26,Saturday,Thane,Goregaon,18.07,DW131,Corporate,Mix,3.17,43,Delivered,Cash,176.95,No,Average,
DBW05608,2023-03-11,Saturday,Vikhroli,Lower Parel,10.35,DW001,Corporate,Non-Veg,2.14,40,Delivered,Cash,119.03,No,Good,
DBW05609,2023-03-20,Monday,Andheri,Dadar,4.98,DW127,Residential,Mix,2.39,39,Delivered,Monthly-Pre-paid,52.7,No,Excellent,
DBW05610,2022-03-28,Monday,Chembur,Thane,7.59,DW032,Residential,Non-Veg,2.33,53,Delivered,Digital,96.65,Yes,Average,
DBW05611,2022-07-22,Friday,Dadar,Lower Parel,7.96,DW097,Residential,Mix,1.52,43,Delivered,Monthly-Pre-paid,117.92,No,Excellent,
DBW05612,2022-06-28,Tuesday,Bandra,Vikhroli,13.75,DW101,Corporate,Non-Veg,1.95,51,Delivered,Monthly-Pre-paid,137.06,No,Good,
DBW05613,2023-04-13,Thursday,Malad,Thane,8.85,DW009,Corporate,Veg,1.32,41,Delivered,Cash,101.95,No,Poor,
DBW05614,2022-08-29,Monday,Bandra,Borivali,18.01,DW043,Residential,Mix,2.44,96,Delayed,Digital,177.88,No,nan,
DBW05615,2023-02-22,Wednesday,Thane,Borivali,4.7,DW137,Corporate,Veg,1.26,25,Delivered,Cash,68.99,Yes,Excellent,
DBW05616,2023-06-18,Sunday,Kurla,Thane,3.74,DW022,Residential,Veg,2.15,28,Delivered,Monthly-Pre-paid,60.31,Yes,Poor,
DBW05617,2023-08-06,Sunday,Dadar,Lower Parel,8.24,DW035,Residential,Mix,2.37,32,Delivered,Monthly-Pre-paid,95.13,No,Average,
DBW05618,2022-05-15,Sunday,Borivali,Malad,11.94,DW013,Corporate,Mix,1.55,28,Delivered,Monthly-Pre-paid,102.02,No,nan,
DBW05619,2023-10-22,Sunday,Dadar,Malad,7.0,DW026,Corporate,Non-Veg,1.44,12,Delivered,Monthly-Pre-paid,92.79,Yes,Poor,
DBW05620,2022-05-01,Sunday,Thane,Malad,5.79,DW096,Residential,Non-Veg,1.72,33,Delayed,Cash,60.16,No,Excellent,
DBW05621,2022-01-16,Sunday,Kurla,Goregaon,15.68,DW127,Corporate,Mix,1.35,44,Delivered,Cash,161.1,Yes,nan,
DBW05622,2022-02-02,Wednesday,Chembur,Kurla,9.24,DW090,Corporate,Mix,1.88,34,Delivered,Monthly-Pre-paid,114.46,No,Excellent,
DBW05623,2022-05-27,Friday,Thane,Dadar,7.94,DW043,School,Mix,1.34,45,Delivered,Digital,99.65,No,Good,
DBW05624,2023-09-30,Saturday,Churchgate,Goregaon,10.71,DW129,Corporate,Veg,1.38,50,Delayed,Digital,102.43,No,Good,
DBW05625,2022-06-01,Wednesday,Andheri,Dadar,6.37,DW056,Residential,Veg,2.07,37,Delivered,Cash,85.72,No,Good,
DBW05626,2023-05-22,Monday,Bandra,Vikhroli,13.13,DW048,Corporate,Mix,2.11,56,Delivered,Cash,131.87,Yes,Excellent,
DBW05627,2022-11-02,Wednesday,Chembur,Borivali,11.31,DW076,Corporate,Non-Veg,1.65,48,Delivered,Cash,111.6,No,Excellent,
DBW05628,2022-01-30,Sunday,Bandra,Goregaon,21.01,DW021,Residential,Non-Veg,0.98,60,Delivered,Monthly-Pre-paid,229.03,No,Poor,
DBW05629,2022-11-21,Monday,Chembur,Vikhroli,12.54,DW054,Corporate,Non-Veg,2.39,55,Delivered,Cash,116.84,No,Average,
DBW05630,2022-01-21,Friday,Chembur,Goregaon,24.3,DW120,Residential,Non-Veg,1.58,84,Delivered,Monthly-Pre-paid,231.79,No,Good,
DBW05631,2022-12-14,Wednesday,Andheri,Dadar,6.01,DW092,Corporate,Veg,2.83,36,Delivered,Monthly-Pre-paid,100.96,Yes,Average,
DBW05632,2023-02-12,Sunday,Thane,Worli,9.37,DW149,Residential,Non-Veg,1.73,31,Delivered,Digital,110.68,No,nan,
DBW05633,2023-01-16,Monday,Lower Parel,Chembur,18.25,DW117,Residential,Veg,1.87,65,Delivered,Cash,166.8,Yes,Excellent,
DBW05634,2022-07-26,Tuesday,Worli,Kurla,9.18,DW055,Residential,Veg,1.58,44,Delivered,Cash,95.14,No,Good,
DBW05635,2023-07-14,Friday,Sion,Vikhroli,5.05,DW116,Residential,Mix,1.92,28,Delivered,Cash,49.45,Yes,nan,
DBW05636,2023-03-12,Sunday,Lower Parel,Thane,17.67,DW130,Corporate,Veg,3.54,54,Delivered,Digital,172.73,Yes,Good,
DBW05637,2022-07-05,Tuesday,Dadar,Lower Parel,7.05,DW095,Corporate,Mix,1.63,24,Delivered,Monthly-Pre-paid,88.38,No,Good,
DBW05638,2022-11-14,Monday,Dadar,Thane,8.97,DW115,Hospital,Veg,2.44,55,Delivered,Monthly-Pre-paid,98.01,No,Excellent,
DBW05639,2022-03-21,Monday,Worli,Bandra,19.39,DW076,Residential,Mix,1.85,66,Delivered,Monthly-Pre-paid,206.47,No,nan,
DBW05640,2023-11-06,Monday,Sion,Malad,10.99,DW137,Residential,Veg,2.39,52,Delivered,Digital,117.38,No,Good,
DBW05641,2023-07-04,Tuesday,Chembur,Borivali,11.38,DW036,Corporate,Mix,0.83,46,Delivered,Digital,97.76,No,Poor,
DBW05642,2022-07-30,Saturday,Bandra,Dadar,7.07,DW064,Corporate,Non-Veg,2.77,50,Delayed,Digital,109.32,No,Average,
DBW05643,2023-05-08,Monday,Worli,Churchgate,2.52,DW039,Corporate,Mix,1.97,24,Delivered,Digital,32.95,Yes,Good,
DBW05644,2023-05-11,Thursday,Kurla,Sion,6.29,DW016,Corporate,Mix,1.67,37,Delivered,Digital,88.53,Yes,Poor,
DBW05645,2023-03-22,Wednesday,Chembur,Thane,6.24,DW093,Corporate,Non-Veg,2.25,36,Delivered,Monthly-Pre-paid,90.1,No,Good,
DBW05646,2022-02-09,Wednesday,Bandra,Andheri,8.93,DW018,Corporate,Mix,1.87,35,Delivered,Digital,100.9,Yes,Average,
DBW05647,2023-10-04,Wednesday,Churchgate,Thane,12.05,DW034,Corporate,Mix,1.23,52,Delivered,Cash,141.05,No,Good,
DBW05648,2023-11-29,Wednesday,Ghatkopar,Thane,20.24,DW115,Residential,Non-Veg,0.59,74,Delivered,Cash,193.73,No,Poor,
DBW05649,2023-12-13,Wednesday,Sion,Goregaon,18.05,DW037,Residential,Veg,2.71,74,Delivered,Cash,169.66,No,Good,
DBW05650,2023-12-17,Sunday,Dadar,Malad,8.81,DW130,Corporate,Veg,1.69,27,Delivered,Monthly-Pre-paid,69.86,Yes,Good,
DBW05651,2023-11-10,Friday,Chembur,Vikhroli,11.69,DW008,Residential,Non-Veg,1.49,59,Delivered,Cash,98.17,No,Average,
DBW05652,2023-06-24,Saturday,Ghatkopar,Malad,16.66,DW069,Residential,Non-Veg,1.53,66,Delayed,Cash,205.24,No,Poor,
DBW05653,2022-02-11,Friday,Chembur,Borivali,11.93,DW011,Corporate,Non-Veg,2.53,63,Delivered,Cash,137.1,No,Poor,
DBW05654,2022-12-06,Tuesday,Bandra,Bandra,0.5,DW009,Residential,Mix,1.55,28,Delivered,Digital,53.49,No,Good,
DBW05655,2022-06-28,Tuesday,Bandra,Chembur,14.96,DW119,Residential,Veg,2.12,46,Delivered,Monthly-Pre-paid,188.08,No,Good,
DBW05656,2022-06-10,Friday,Lower Parel,Goregaon,10.47,DW011,Residential,Mix,1.63,60,Delivered,Monthly-Pre-paid,109.04,Yes,Excellent,
DBW05657,2023-08-30,Wednesday,Dadar,Chembur,11.52,DW134,Hospital,Mix,1.17,41,Delivered,Cash,120.76,Yes,Excellent,
DBW05658,2023-08-17,Thursday,Chembur,Ghatkopar,19.18,DW090,Corporate,Veg,2.25,66,Delivered,Digital,159.4,No,nan,
DBW05659,2023-01-17,Tuesday,Chembur,Bandra,13.58,DW073,Residential,Mix,2.35,60,Delivered,Monthly-Pre-paid,135.05,Yes,Average,
DBW05660,2023-06-22,Thursday,Thane,Goregaon,20.62,DW138,Corporate,Mix,1.46,72,Delivered,Monthly-Pre-paid,190.96,Yes,Good,
DBW05661,2022-04-05,Tuesday,Dadar,Borivali,13.55,DW059,Corporate,Non-Veg,1.78,47,Delivered,Digital,133.28,Yes,Good,
DBW05662,2022-06-12,Sunday,Bandra,Borivali,18.2,DW060,Corporate,Mix,1.85,52,Delivered,Cash,192.11,No,Excellent,
DBW05663,2023-09-21,Thursday,Malad,Andheri,0.5,DW062,Corporate,Mix,2.02,38,Returned,Monthly-Pre-paid,45.47,No,Good,nan
DBW05664,2022-11-26,Saturday,Worli,Vikhroli,6.35,DW098,Corporate,Mix,2.79,35,Delivered,Digital,95.31,No,nan,
DBW05665,2023-02-04,Saturday,Kurla,Vikhroli,3.84,DW128,Residential,Non-Veg,1.64,9,Delivered,Cash,43.16,Yes,Good,
DBW05666,2022-12-04,Sunday,Worli,Churchgate,3.21,DW082,Corporate,Non-Veg,1.63,21,Delivered,Monthly-Pre-paid,56.86,Yes,Good,
DBW05667,2022-05-28,Saturday,Dadar,Vikhroli,7.92,DW043,Corporate,Non-Veg,1.71,38,Delivered,Monthly-Pre-paid,99.25,Yes,Good,
DBW05668,2023-08-27,Sunday,Andheri,Vikhroli,9.12,DW134,Corporate,Non-Veg,1.33,22,Delivered,Monthly-Pre-paid,131.69,No,Excellent,
DBW05669,2023-07-08,Saturday,Andheri,Kurla,5.3,DW090,Corporate,Non-Veg,0.94,22,Delivered,Monthly-Pre-paid,74.91,No,Good,
DBW05670,2023-05-15,Monday,Vikhroli,Dadar,8.67,DW125,Residential,Mix,1.87,50,Delivered,Digital,97.61,Yes,Excellent,
DBW05671,2022-09-15,Thursday,Lower Parel,Dadar,5.69,DW065,Residential,Veg,2.06,32,Delivered,Monthly-Pre-paid,92.53,Yes,Good,
DBW05672,2023-04-15,Saturday,Churchgate,Churchgate,1.66,DW030,Residential,Mix,1.8,21,Delivered,Cash,40.13,Yes,nan,
DBW05673,2023-11-27,Monday,Malad,Vikhroli,9.3,DW142,School,Non-Veg,1.77,49,Delivered,Cash,112.14,No,Good,
DBW05674,2023-04-20,Thursday,Malad,Andheri,0.5,DW102,Corporate,Mix,1.35,43,Delayed,Cash,41.34,No,Poor,
DBW05675,2022-12-27,Tuesday,Malad,Worli,17.54,DW047,Corporate,Veg,1.93,74,Delayed,Cash,163.25,No,Excellent,
DBW05676,2022-07-17,Sunday,Chembur,Bandra,14.71,DW128,Hospital,Mix,1.88,30,Delivered,Monthly-Pre-paid,138.07,No,Good,
DBW05677,2023-01-17,Tuesday,Malad,Goregaon,20.58,DW002,Residential,Non-Veg,2.04,58,Delivered,Digital,194.18,Yes,Average,
DBW05678,2022-09-29,Thursday,Chembur,Ghatkopar,18.54,DW140,School,Mix,1.96,63,Delivered,Digital,171.84,No,Good,
DBW05679,2023-03-23,Thursday,Churchgate,Vikhroli,6.36,DW087,Residential,Non-Veg,2.0,36,Delivered,Cash,58.44,No,Excellent,
DBW05680,2022-02-03,Thursday,Ghatkopar,Bandra,10.64,DW089,Residential,Mix,2.46,50,Delivered,Cash,125.97,Yes,Excellent,
DBW05681,2022-05-19,Thursday,Worli,Borivali,4.64,DW003,Corporate,Non-Veg,2.09,40,Delivered,Cash,75.65,No,Excellent,
DBW05682,2023-07-29,Saturday,Dadar,Ghatkopar,7.54,DW027,Corporate,Veg,2.04,29,Delivered,Digital,79.21,No,Poor,
DBW05683,2022-10-05,Wednesday,Goregaon,Dadar,15.06,DW109,Residential,Veg,0.93,54,Delivered,Digital,137.89,No,Excellent,
DBW05684,2022-11-13,Sunday,Worli,Ghatkopar,17.6,DW084,Residential,Non-Veg,2.33,55,Delivered,Cash,178.14,No,Excellent,
DBW05685,2023-02-02,Thursday,Andheri,Dadar,4.89,DW020,Residential,Non-Veg,1.65,26,Delivered,Monthly-Pre-paid,95.42,No,Average,
DBW05686,2022-11-16,Wednesday,Worli,Ghatkopar,20.23,DW100,School,Non-Veg,1.84,80,Returned,Cash,207.19,Yes,Good,nan
DBW05687,2023-07-08,Saturday,Andheri,Malad,1.48,DW112,Corporate,Mix,1.16,14,Delivered,Monthly-Pre-paid,59.88,Yes,Good,
DBW05688,2022-06-29,Wednesday,Vikhroli,Vikhroli,0.5,DW041,Corporate,Mix,2.84,22,Delivered,Monthly-Pre-paid,29.43,No,Good,
DBW05689,2023-07-08,Saturday,Ghatkopar,Worli,19.26,DW104,Hospital,Veg,0.56,35,Delivered,Digital,190.29,Yes,Poor,
DBW05690,2022-06-02,Thursday,Sion,Thane,3.3,DW146,Hospital,Non-Veg,2.54,21,Delivered,Digital,54.43,No,nan,
DBW05691,2022-09-28,Wednesday,Churchgate,Borivali,8.77,DW073,Hospital,Veg,2.01,64,Returned,Monthly-Pre-paid,89.23,No,nan,Damaged
DBW05692,2023-03-06,Monday,Malad,Vikhroli,8.21,DW035,Residential,Non-Veg,0.85,44,Delivered,Cash,98.65,Yes,Good,
DBW05693,2023-10-09,Monday,Bandra,Bandra,0.5,DW145,School,Non-Veg,2.82,32,Delivered,Monthly-Pre-paid,20.98,No,Excellent,
DBW05694,2022-06-19,Sunday,Goregaon,Kurla,15.97,DW137,Corporate,Mix,2.06,44,Delivered,Monthly-Pre-paid,146.59,No,Poor,
DBW05695,2023-03-05,Sunday,Malad,Lower Parel,13.29,DW069,Corporate,Non-Veg,0.62,39,Delivered,Monthly-Pre-paid,129.62,Yes,Poor,
DBW05696,2022-02-16,Wednesday,Lower Parel,Vikhroli,12.14,DW064,Corporate,Non-Veg,1.59,49,Delivered,Monthly-Pre-paid,122.03,No,Good,
DBW05697,2022-02-25,Friday,Bandra,Thane,16.57,DW126,Corporate,Non-Veg,2.07,58,Delivered,Cash,162.09,Yes,Good,
DBW05698,2023-07-15,Saturday,Churchgate,Thane,11.46,DW001,Hospital,Veg,2.66,45,Delivered,Monthly-Pre-paid,90.68,No,Good,
DBW05699,2023-06-09,Friday,Goregaon,Ghatkopar,11.34,DW047,Residential,Veg,1.6,70,Returned,Cash,106.7,No,Excellent,nan
DBW05700,2022-10-02,Sunday,Thane,Goregaon,19.33,DW082,Residential,Mix,0.5,56,Delivered,Monthly-Pre-paid,208.18,No,Good,
DBW05701,2023-03-31,Friday,Bandra,Worli,22.91,DW099,Corporate,Veg,2.53,83,Delivered,Cash,213.15,No,Poor,
DBW05702,2022-10-05,Wednesday,Goregaon,Dadar,13.77,DW095,Residential,Non-Veg,2.05,73,Delayed,Monthly-Pre-paid,148.55,No,Poor,
DBW05703,2022-07-22,Friday,Kurla,Ghatkopar,14.57,DW056,Corporate,Mix,0.68,61,Delivered,Digital,152.82,No,Excellent,
DBW05704,2022-11-11,Friday,Kurla,Ghatkopar,14.82,DW131,Residential,Veg,1.97,68,Delivered,Cash,146.95,Yes,Good,
DBW05705,2022-08-16,Tuesday,Churchgate,Lower Parel,12.63,DW098,Corporate,Mix,2.02,69,Delayed,Cash,117.81,Yes,Excellent,
DBW05706,2023-08-18,Friday,Borivali,Ghatkopar,19.13,DW082,Residential,Non-Veg,1.64,77,Delivered,Monthly-Pre-paid,174.76,No,Good,
DBW05707,2022-10-28,Friday,Goregaon,Bandra,20.27,DW141,Corporate,Veg,1.39,75,Delivered,Monthly-Pre-paid,221.52,No,Good,
DBW05708,2022-08-23,Tuesday,Lower Parel,Vikhroli,11.55,DW015,Residential,Mix,1.5,44,Delivered,Digital,114.39,Yes,Excellent,
DBW05709,2023-01-27,Friday,Sion,Dadar,12.55,DW107,Residential,Non-Veg,1.64,52,Delivered,Cash,156.25,No,Poor,
DBW05710,2023-07-08,Saturday,Borivali,Vikhroli,5.92,DW140,School,Veg,1.98,36,Delivered,Cash,71.12,No,Poor,
DBW05711,2022-07-19,Tuesday,Andheri,Andheri,0.89,DW100,Hospital,Non-Veg,2.19,30,Delivered,Cash,32.36,Yes,nan,
DBW05712,2023-11-17,Friday,Kurla,Ghatkopar,16.32,DW085,Corporate,Non-Veg,0.73,60,Delayed,Cash,161.68,No,Average,
DBW05713,2022-12-05,Monday,Kurla,Worli,11.18,DW055,Corporate,Mix,1.93,56,Delivered,Cash,116.81,Yes,Average,
DBW05714,2023-04-28,Friday,Vikhroli,Malad,11.3,DW041,Corporate,Non-Veg,2.04,40,Delivered,Cash,106.33,Yes,Average,
DBW05715,2023-11-30,Thursday,Andheri,Borivali,13.07,DW082,Corporate,Veg,1.88,56,Delivered,Cash,134.38,Yes,Average,
DBW05716,2022-11-12,Saturday,Chembur,Goregaon,23.75,DW135,Corporate,Mix,1.6,61,Delivered,Monthly-Pre-paid,197.88,No,Excellent,
DBW05717,2022-05-26,Thursday,Sion,Goregaon,18.73,DW070,Hospital,Mix,2.51,62,Delivered,Monthly-Pre-paid,185.29,Yes,Excellent,
DBW05718,2023-06-30,Friday,Vikhroli,Lower Parel,11.8,DW019,School,Non-Veg,2.47,55,Delivered,Monthly-Pre-paid,127.81,Yes,Good,
DBW05719,2022-01-05,Wednesday,Goregaon,Worli,15.41,DW073,Corporate,Mix,1.62,61,Delivered,Monthly-Pre-paid,164.2,No,Average,
DBW05720,2022-12-01,Thursday,Lower Parel,Lower Parel,0.5,DW015,Residential,Non-Veg,1.76,30,Delivered,Cash,26.55,Yes,Excellent,
DBW05721,2023-12-17,Sunday,Chembur,Vikhroli,11.69,DW141,Hospital,Veg,2.19,29,Delivered,Cash,134.56,No,Good,
DBW05722,2022-10-30,Sunday,Andheri,Lower Parel,12.33,DW081,Corporate,Mix,2.44,41,Delivered,Monthly-Pre-paid,135.13,No,Poor,
DBW05723,2023-05-15,Monday,Vikhroli,Thane,6.0,DW033,Hospital,Veg,1.39,30,Delivered,Cash,79.92,No,Excellent,
DBW05724,2023-01-19,Thursday,Borivali,Dadar,11.99,DW094,School,Mix,1.28,54,Delivered,Monthly-Pre-paid,155.59,No,Good,
DBW05725,2022-06-06,Monday,Worli,Goregaon,13.97,DW081,School,Mix,1.94,80,Delayed,Cash,148.8,Yes,nan,
DBW05726,2022-08-20,Saturday,Andheri,Kurla,4.44,DW077,Residential,Veg,1.24,51,Delayed,Cash,58.55,No,Good,
DBW05727,2023-01-18,Wednesday,Bandra,Sion,18.96,DW089,Corporate,Veg,0.83,53,Delivered,Monthly-Pre-paid,204.72,No,Excellent,
DBW05728,2022-03-18,Friday,Thane,Vikhroli,5.69,DW140,Corporate,Non-Veg,1.39,40,Delivered,Monthly-Pre-paid,83.21,Yes,Average,
DBW05729,2022-10-30,Sunday,Goregaon,Borivali,17.49,DW129,School,Non-Veg,2.01,44,Delivered,Cash,196.57,No,nan,
DBW05730,2022-10-30,Sunday,Bandra,Churchgate,21.57,DW040,Corporate,Mix,2.58,61,Delivered,Cash,174.71,No,Excellent,
DBW05731,2023-09-02,Saturday,Vikhroli,Chembur,10.75,DW036,Corporate,Veg,1.45,35,Delivered,Monthly-Pre-paid,111.45,No,Excellent,
DBW05732,2022-04-01,Friday,Worli,Chembur,17.51,DW149,Corporate,Veg,1.74,69,Delivered,Cash,165.65,No,Good,
DBW05733,2023-09-08,Friday,Dadar,Dadar,0.5,DW097,Residential,Non-Veg,1.88,25,Delivered,Monthly-Pre-paid,5.67,Yes,Good,
DBW05734,2022-10-27,Thursday,Kurla,Churchgate,11.13,DW003,Corporate,Mix,1.48,48,Delivered,Digital,121.56,No,Poor,
DBW05735,2023-04-21,Friday,Chembur,Kurla,10.37,DW080,Hospital,Mix,1.44,43,Delivered,Monthly-Pre-paid,107.37,No,nan,
DBW05736,2023-02-11,Saturday,Bandra,Sion,18.23,DW018,Residential,Non-Veg,1.97,51,Delivered,Monthly-Pre-paid,145.85,No,Poor,
DBW05737,2022-08-07,Sunday,Churchgate,Chembur,18.4,DW005,Corporate,Veg,1.2,47,Delivered,Digital,165.71,No,Good,
DBW05738,2023-11-11,Saturday,Churchgate,Sion,11.53,DW028,Corporate,Veg,1.42,42,Delivered,Cash,143.04,No,Average,
DBW05739,2022-06-13,Monday,Lower Parel,Chembur,17.81,DW039,Residential,Non-Veg,1.7,67,Delivered,Monthly-Pre-paid,186.11,No,Average,
DBW05740,2022-01-27,Thursday,Ghatkopar,Andheri,12.61,DW012,Residential,Veg,1.96,56,Delivered,Digital,120.23,No,Good,
DBW05741,2023-07-02,Sunday,Andheri,Thane,6.96,DW126,Hospital,Mix,1.04,17,Delivered,Cash,74.59,No,Average,
DBW05742,2023-03-30,Thursday,Andheri,Vikhroli,7.32,DW066,Hospital,Veg,1.73,34,Delivered,Digital,101.51,Yes,Good,
DBW05743,2023-10-13,Friday,Vikhroli,Ghatkopar,12.48,DW083,Corporate,Non-Veg,1.15,48,Delivered,Digital,100.4,No,Average,
DBW05744,2022-12-01,Thursday,Worli,Malad,15.58,DW130,Hospital,Mix,1.46,47,Delivered,Monthly-Pre-paid,163.58,No,Average,
DBW05745,2022-01-13,Thursday,Vikhroli,Worli,7.18,DW126,Residential,Non-Veg,2.19,41,Delivered,Cash,59.97,Yes,Excellent,
DBW05746,2022-01-15,Saturday,Churchgate,Borivali,10.01,DW124,Residential,Mix,1.76,41,Delivered,Monthly-Pre-paid,134.69,Yes,Average,
DBW05747,2022-11-13,Sunday,Chembur,Borivali,12.77,DW030,Residential,Non-Veg,2.63,45,Delivered,Cash,142.01,No,Excellent,
DBW05748,2022-07-02,Saturday,Ghatkopar,Thane,19.11,DW112,Corporate,Mix,1.76,56,Delivered,Digital,155.21,Yes,Good,
DBW05749,2023-11-05,Sunday,Churchgate,Dadar,12.22,DW150,Residential,Non-Veg,2.28,43,Delivered,Monthly-Pre-paid,122.05,No,Good,
DBW05750,2022-03-28,Monday,Ghatkopar,Borivali,20.47,DW002,Residential,Mix,2.2,70,Delivered,Monthly-Pre-paid,198.52,No,nan,
DBW05751,2023-10-05,Thursday,Churchgate,Kurla,12.33,DW131,Corporate,Mix,1.79,38,Delivered,Monthly-Pre-paid,98.82,Yes,Good,
DBW05752,2022-06-08,Wednesday,Chembur,Worli,17.57,DW130,Residential,Non-Veg,1.14,61,Delivered,Digital,169.88,No,Poor,
DBW05753,2022-03-29,Tuesday,Vikhroli,Goregaon,14.44,DW127,Corporate,Veg,1.75,60,Delivered,Digital,152.77,No,Good,
DBW05754,2022-07-20,Wednesday,Andheri,Malad,0.5,DW060,Residential,Mix,1.53,15,Delivered,Cash,2.97,Yes,Excellent,
DBW05755,2022-04-16,Saturday,Sion,Borivali,2.17,DW030,Hospital,Mix,1.51,16,Delivered,Cash,58.52,Yes,Good,
DBW05756,2022-10-20,Thursday,Ghatkopar,Bandra,10.01,DW110,Corporate,Mix,1.88,40,Delivered,Digital,108.2,No,Excellent,
DBW05757,2022-08-30,Tuesday,Borivali,Andheri,12.18,DW094,Corporate,Non-Veg,1.08,48,Delivered,Cash,141.19,Yes,Poor,
DBW05758,2023-01-22,Sunday,Bandra,Ghatkopar,7.63,DW110,Residential,Non-Veg,1.36,21,Delivered,Cash,87.56,Yes,Good,
DBW05759,2023-01-28,Saturday,Goregaon,Dadar,14.63,DW039,Corporate,Veg,1.29,43,Delivered,Monthly-Pre-paid,131.2,No,Average,
DBW05760,2022-01-01,Saturday,Worli,Chembur,16.75,DW027,Corporate,Mix,1.67,46,Delivered,Monthly-Pre-paid,146.7,Yes,Average,
DBW05761,2022-04-02,Saturday,Lower Parel,Ghatkopar,3.48,DW136,Residential,Mix,1.42,24,Delivered,Digital,53.14,No,Good,
DBW05762,2022-04-29,Friday,Worli,Bandra,21.4,DW078,Corporate,Mix,1.45,72,Delivered,Cash,198.4,Yes,Good,
DBW05763,2022-05-23,Monday,Lower Parel,Worli,15.77,DW128,Residential,Veg,1.87,52,Delivered,Cash,172.09,Yes,Good,
DBW05764,2022-03-10,Thursday,Lower Parel,Goregaon,10.57,DW139,Corporate,Non-Veg,1.58,50,Delivered,Cash,110.36,Yes,Average,
DBW05765,2022-08-18,Thursday,Chembur,Kurla,8.52,DW069,Corporate,Non-Veg,1.8,45,Delivered,Cash,74.74,Yes,Poor,
DBW05766,2023-02-06,Monday,Thane,Andheri,6.84,DW040,Corporate,Veg,1.24,30,Delivered,Monthly-Pre-paid,77.85,No,Good,
DBW05767,2022-08-14,Sunday,Bandra,Churchgate,19.12,DW135,School,Veg,1.39,45,Delivered,Cash,160.07,No,Excellent,
DBW05768,2022-08-29,Monday,Goregaon,Borivali,16.77,DW108,Residential,Non-Veg,2.82,65,Delivered,Monthly-Pre-paid,169.41,No,Average,
DBW05769,2022-12-09,Friday,Dadar,Ghatkopar,8.62,DW100,Corporate,Non-Veg,1.45,43,Delivered,Digital,107.67,No,Average,
DBW05770,2023-02-05,Sunday,Chembur,Chembur,1.79,DW144,Corporate,Mix,0.75,17,Delivered,Digital,55.61,Yes,Good,
DBW05771,2022-08-30,Tuesday,Dadar,Thane,11.97,DW037,Residential,Mix,1.97,56,Delivered,Cash,121.25,No,Good,
DBW05772,2022-06-11,Saturday,Borivali,Ghatkopar,20.42,DW055,Residential,Mix,1.45,61,Delivered,Monthly-Pre-paid,182.87,No,Good,
DBW05773,2022-10-26,Wednesday,Dadar,Bandra,6.94,DW006,Corporate,Mix,1.92,38,Delivered,Monthly-Pre-paid,77.89,No,Average,
DBW05774,2022-01-18,Tuesday,Lower Parel,Borivali,14.91,DW059,Corporate,Mix,1.76,55,Delivered,Monthly-Pre-paid,147.88,No,Average,
DBW05775,2022-12-26,Monday,Chembur,Lower Parel,18.34,DW067,Residential,Non-Veg,2.07,58,Delivered,Monthly-Pre-paid,169.07,No,Good,
DBW05776,2023-11-19,Sunday,Ghatkopar,Vikhroli,13.49,DW068,Residential,Mix,1.75,40,Delivered,Cash,162.1,No,Poor,
DBW05777,2022-10-18,Tuesday,Thane,Kurla,5.43,DW023,Hospital,Mix,1.69,54,Delayed,Monthly-Pre-paid,67.91,Yes,Poor,
DBW05778,2022-03-21,Monday,Kurla,Thane,2.19,DW122,Residential,Veg,2.37,28,Delivered,Digital,45.97,Yes,Excellent,
DBW05779,2023-06-01,Thursday,Goregaon,Chembur,24.8,DW074,Residential,Veg,0.69,71,Delivered,Digital,217.13,Yes,Excellent,
DBW05780,2022-04-03,Sunday,Churchgate,Borivali,7.95,DW066,Residential,Mix,1.14,33,Delivered,Cash,82.69,No,Good,
DBW05781,2022-05-22,Sunday,Churchgate,Worli,4.13,DW130,Residential,Veg,1.39,19,Delivered,Digital,43.96,Yes,Average,
DBW05782,2022-04-17,Sunday,Goregaon,Thane,20.15,DW073,Residential,Non-Veg,0.95,77,Delayed,Monthly-Pre-paid,175.77,Yes,Excellent,
DBW05783,2023-10-08,Sunday,Kurla,Churchgate,11.96,DW134,Corporate,Non-Veg,1.56,23,Delivered,Digital,153.75,No,Poor,
DBW05784,2023-12-18,Monday,Vikhroli,Bandra,13.82,DW034,School,Mix,1.51,51,Delivered,Cash,148.72,No,Excellent,
DBW05785,2023-02-20,Monday,Worli,Bandra,21.52,DW128,Corporate,Mix,2.29,65,Delivered,Monthly-Pre-paid,197.05,Yes,Average,
DBW05786,2023-03-27,Monday,Chembur,Thane,6.64,DW149,Residential,Veg,1.76,46,Delivered,Monthly-Pre-paid,73.25,Yes,Poor,
DBW05787,2023-04-17,Monday,Vikhroli,Lower Parel,11.34,DW113,Residential,Veg,1.69,53,Delivered,Monthly-Pre-paid,139.25,No,Excellent,
DBW05788,2023-03-22,Wednesday,Kurla,Lower Parel,13.1,DW134,Hospital,Veg,1.61,55,Returned,Cash,122.28,No,Poor,nan
DBW05789,2023-02-02,Thursday,Chembur,Ghatkopar,19.84,DW112,Corporate,Mix,1.27,66,Delivered,Cash,163.16,No,Poor,
DBW05790,2023-12-22,Friday,Borivali,Dadar,11.68,DW091,Hospital,Non-Veg,2.25,54,Delivered,Digital,130.54,Yes,Excellent,
DBW05791,2023-06-20,Tuesday,Bandra,Chembur,13.46,DW115,Corporate,Non-Veg,2.41,53,Delivered,Monthly-Pre-paid,123.8,No,Excellent,
DBW05792,2022-03-06,Sunday,Thane,Churchgate,13.41,DW145,Corporate,Non-Veg,1.19,42,Delivered,Monthly-Pre-paid,118.0,No,Poor,
DBW05793,2022-10-14,Friday,Worli,Vikhroli,6.16,DW091,Hospital,Mix,2.61,45,Delivered,Cash,62.89,No,nan,
DBW05794,2023-12-13,Wednesday,Churchgate,Lower Parel,11.8,DW104,Corporate,Veg,1.46,46,Returned,Cash,130.6,No,Good,nan
DBW05795,2022-10-22,Saturday,Ghatkopar,Vikhroli,14.89,DW012,Residential,Non-Veg,1.42,44,Delivered,Cash,147.53,No,Excellent,
DBW05796,2022-05-29,Sunday,Kurla,Worli,9.41,DW144,Residential,Veg,2.04,43,Delivered,Monthly-Pre-paid,90.52,No,Good,
DBW05797,2023-09-26,Tuesday,Sion,Goregaon,16.43,DW117,School,Non-Veg,2.08,51,Delivered,Monthly-Pre-paid,168.46,Yes,Good,
DBW05798,2023-03-31,Friday,Chembur,Worli,18.52,DW025,Residential,Non-Veg,1.76,72,Delivered,Cash,165.77,No,Average,
DBW05799,2023-02-15,Wednesday,Goregaon,Malad,19.91,DW044,Corporate,Mix,1.63,78,Delayed,Monthly-Pre-paid,164.74,No,Average,
DBW05800,2022-11-03,Thursday,Borivali,Ghatkopar,19.39,DW034,Hospital,Mix,2.39,67,Delivered,Digital,165.46,Yes,Average,
DBW05801,2022-04-01,Friday,Lower Parel,Churchgate,12.12,DW048,Corporate,Mix,1.49,56,Delivered,Cash,127.3,No,Poor,
DBW05802,2022-10-08,Saturday,Kurla,Ghatkopar,14.44,DW133,Residential,Veg,1.77,44,Delivered,Monthly-Pre-paid,133.73,Yes,Excellent,
DBW05803,2022-11-16,Wednesday,Vikhroli,Sion,4.24,DW070,Residential,Mix,2.65,35,Delivered,Cash,65.53,No,Good,
DBW05804,2023-11-11,Saturday,Borivali,Malad,12.55,DW063,Residential,Veg,1.13,40,Delivered,Cash,147.08,No,Good,
DBW05805,2022-08-13,Saturday,Bandra,Ghatkopar,8.34,DW117,Residential,Non-Veg,1.57,34,Delivered,Cash,87.26,Yes,Average,
DBW05806,2022-04-19,Tuesday,Ghatkopar,Thane,19.51,DW056,Hospital,Non-Veg,2.31,67,Delivered,Digital,226.06,No,Average,
DBW05807,2022-11-09,Wednesday,Thane,Bandra,15.19,DW133,Residential,Veg,2.06,61,Delivered,Monthly-Pre-paid,155.64,No,Poor,
DBW05808,2023-12-29,Friday,Thane,Dadar,12.15,DW114,School,Mix,2.25,52,Delivered,Digital,124.57,No,Good,
DBW05809,2022-12-19,Monday,Kurla,Dadar,4.44,DW039,Corporate,Mix,1.14,32,Delivered,Digital,45.53,No,Poor,
DBW05810,2022-10-04,Tuesday,Sion,Goregaon,16.3,DW095,Corporate,Non-Veg,1.96,64,Delivered,Digital,155.14,No,Good,
DBW05811,2023-05-02,Tuesday,Worli,Bandra,22.51,DW073,Residential,Non-Veg,1.66,101,Delayed,Cash,206.34,Yes,Excellent,
DBW05812,2023-04-19,Wednesday,Malad,Lower Parel,14.49,DW052,Corporate,Mix,2.94,56,Delivered,Digital,157.29,No,Poor,
DBW05813,2022-08-07,Sunday,Vikhroli,Malad,9.32,DW136,Corporate,Non-Veg,2.2,37,Delivered,Monthly-Pre-paid,95.61,No,Excellent,
DBW05814,2023-12-08,Friday,Andheri,Sion,11.37,DW060,Residential,Veg,1.79,45,Delivered,Digital,127.45,No,Average,
DBW05815,2023-03-09,Thursday,Ghatkopar,Churchgate,17.15,DW018,Residential,Non-Veg,1.94,70,Delayed,Digital,167.83,Yes,Good,
DBW05816,2022-02-12,Saturday,Andheri,Kurla,6.15,DW062,Corporate,Non-Veg,1.83,26,Delivered,Cash,93.81,No,Good,
DBW05817,2022-10-25,Tuesday,Vikhroli,Malad,8.01,DW078,Corporate,Veg,2.15,59,Delayed,Monthly-Pre-paid,109.89,Yes,Good,
DBW05818,2023-11-05,Sunday,Worli,Sion,7.42,DW019,Corporate,Mix,1.37,45,Delayed,Cash,94.33,No,nan,
DBW05819,2022-10-15,Saturday,Thane,Bandra,16.46,DW112,Corporate,Mix,2.48,51,Delivered,Cash,173.13,No,Good,
DBW05820,2023-02-19,Sunday,Ghatkopar,Lower Parel,5.27,DW035,Corporate,Non-Veg,1.14,19,Delivered,Monthly-Pre-paid,88.98,Yes,Excellent,
DBW05821,2023-03-24,Friday,Bandra,Kurla,14.35,DW014,Hospital,Mix,1.9,46,Delivered,Digital,152.83,No,nan,
DBW05822,2023-05-30,Tuesday,Goregaon,Dadar,15.12,DW081,Corporate,Non-Veg,1.39,51,Delivered,Digital,155.16,Yes,Good,
DBW05823,2023-09-29,Friday,Vikhroli,Worli,6.02,DW025,Hospital,Non-Veg,1.82,51,Returned,Monthly-Pre-paid,84.32,Yes,Good,nan
DBW05824,2022-04-19,Tuesday,Churchgate,Chembur,20.74,DW118,School,Mix,2.29,64,Delivered,Cash,220.09,Yes,Poor,
DBW05825,2023-01-13,Friday,Vikhroli,Worli,6.23,DW011,Corporate,Non-Veg,0.94,41,Delivered,Cash,81.55,No,Excellent,
DBW05826,2023-01-25,Wednesday,Chembur,Andheri,5.63,DW063,School,Non-Veg,1.72,34,Delivered,Cash,85.98,Yes,Excellent,
DBW05827,2022-04-22,Friday,Vikhroli,Thane,5.23,DW008,Corporate,Mix,1.08,37,Delivered,Digital,61.71,No,Poor,
DBW05828,2023-05-07,Sunday,Worli,Sion,6.17,DW058,Residential,Veg,1.66,23,Delivered,Monthly-Pre-paid,101.85,No,Excellent,
DBW05829,2022-03-28,Monday,Andheri,Thane,8.47,DW140,School,Veg,1.08,44,Delivered,Monthly-Pre-paid,104.49,Yes,Good,
DBW05830,2022-11-30,Wednesday,Lower Parel,Sion,16.45,DW098,Hospital,Veg,1.88,72,Delivered,Digital,156.46,No,Excellent,
DBW05831,2022-08-30,Tuesday,Vikhroli,Goregaon,14.53,DW081,Corporate,Veg,1.59,42,Delivered,Cash,145.22,No,Good,
DBW05832,2022-04-24,Sunday,Vikhroli,Lower Parel,10.28,DW024,Corporate,Mix,2.17,44,Delayed,Cash,108.95,No,Average,
DBW05833,2023-08-24,Thursday,Andheri,Bandra,8.71,DW047,Corporate,Non-Veg,2.41,49,Delivered,Cash,99.79,Yes,nan,
DBW05834,2022-06-28,Tuesday,Thane,Vikhroli,4.72,DW058,School,Mix,1.81,25,Delivered,Monthly-Pre-paid,70.9,Yes,Good,
DBW05835,2022-07-06,Wednesday,Malad,Goregaon,20.81,DW087,Corporate,Non-Veg,2.25,69,Delivered,Digital,193.53,No,Good,
DBW05836,2023-09-16,Saturday,Thane,Lower Parel,15.74,DW032,Residential,Veg,2.49,49,Delivered,Monthly-Pre-paid,132.07,Yes,Excellent,
DBW05837,2023-10-03,Tuesday,Thane,Ghatkopar,20.37,DW150,Corporate,Veg,1.34,73,Delivered,Monthly-Pre-paid,219.57,No,Good,
DBW05838,2022-01-26,Wednesday,Malad,Malad,0.5,DW098,Corporate,Non-Veg,2.52,30,Delivered,Monthly-Pre-paid,37.99,Yes,Poor,
DBW05839,2022-07-22,Friday,Lower Parel,Malad,11.89,DW047,Corporate,Veg,1.78,55,Delivered,Cash,129.17,No,Average,
DBW05840,2023-06-02,Friday,Worli,Thane,11.41,DW017,Corporate,Non-Veg,1.31,46,Delivered,Digital,120.55,Yes,Good,
DBW05841,2023-07-23,Sunday,Chembur,Chembur,0.5,DW090,Residential,Non-Veg,1.95,23,Returned,Cash,47.62,No,Excellent,nan
DBW05842,2023-12-31,Sunday,Sion,Sion,0.5,DW068,Corporate,Veg,1.76,8,Delivered,Digital,34.72,No,Good,
DBW05843,2023-02-09,Thursday,Bandra,Andheri,8.45,DW102,Corporate,Non-Veg,1.1,42,Delivered,Cash,92.95,Yes,Poor,
DBW05844,2022-01-06,Thursday,Borivali,Thane,3.89,DW090,Residential,Mix,1.25,36,Delivered,Cash,57.44,No,Good,
DBW05845,2023-09-30,Saturday,Ghatkopar,Worli,21.18,DW097,Corporate,Mix,2.62,64,Delivered,Cash,218.19,No,Good,
DBW05846,2022-04-28,Thursday,Thane,Borivali,4.89,DW126,Residential,Non-Veg,1.94,33,Delivered,Digital,72.17,No,Average,
DBW05847,2022-03-30,Wednesday,Kurla,Churchgate,9.2,DW079,Residential,Veg,2.54,46,Delivered,Cash,103.06,Yes,Excellent,
DBW05848,2023-05-08,Monday,Worli,Dadar,14.27,DW109,Residential,Mix,1.59,68,Delivered,Digital,137.65,No,Average,
DBW05849,2023-03-17,Friday,Worli,Bandra,21.96,DW054,Corporate,Non-Veg,1.4,62,Delivered,Cash,200.88,Yes,Excellent,
DBW05850,2022-02-13,Sunday,Vikhroli,Sion,5.29,DW142,Corporate,Mix,0.96,22,Delivered,Cash,88.49,Yes,Excellent,
DBW05851,2022-05-04,Wednesday,Chembur,Andheri,4.39,DW062,Hospital,Veg,2.28,36,Delivered,Cash,51.38,Yes,Excellent,
DBW05852,2023-03-07,Tuesday,Ghatkopar,Chembur,18.52,DW102,Hospital,Veg,2.01,63,Delivered,Digital,188.17,No,Average,
DBW05853,2022-07-06,Wednesday,Chembur,Lower Parel,17.2,DW150,Corporate,Veg,1.6,65,Delivered,Cash,178.2,Yes,nan,
DBW05854,2023-05-15,Monday,Kurla,Thane,5.32,DW053,Corporate,Mix,1.4,34,Delivered,Digital,75.77,Yes,Excellent,
DBW05855,2022-10-28,Friday,Bandra,Bandra,0.5,DW016,Corporate,Mix,2.36,23,Delivered,Monthly-Pre-paid,31.15,No,Good,
DBW05856,2023-03-06,Monday,Kurla,Goregaon,14.9,DW035,Residential,Mix,1.71,63,Delivered,Monthly-Pre-paid,126.99,Yes,Poor,
DBW05857,2022-12-13,Tuesday,Andheri,Kurla,6.23,DW037,Corporate,Non-Veg,1.72,41,Delivered,Cash,89.82,No,Poor,
DBW05858,2022-09-24,Saturday,Malad,Dadar,7.01,DW009,School,Veg,1.5,31,Delivered,Cash,62.13,No,Good,
DBW05859,2022-09-07,Wednesday,Lower Parel,Bandra,9.19,DW082,Corporate,Veg,1.6,49,Delivered,Monthly-Pre-paid,106.02,No,Average,
DBW05860,2023-05-25,Thursday,Borivali,Dadar,11.19,DW042,School,Veg,2.08,59,Delivered,Monthly-Pre-paid,120.27,Yes,Excellent,
DBW05861,2023-01-11,Wednesday,Churchgate,Malad,15.78,DW015,Corporate,Veg,1.09,45,Delivered,Digital,167.79,No,Average,
DBW05862,2023-03-10,Friday,Goregaon,Andheri,21.25,DW021,Corporate,Mix,1.84,79,Delivered,Digital,186.57,Yes,Average,
DBW05863,2023-02-26,Sunday,Andheri,Kurla,6.1,DW042,Corporate,Mix,2.28,29,Delivered,Digital,64.59,Yes,Good,
DBW05864,2022-06-01,Wednesday,Lower Parel,Worli,15.97,DW056,Corporate,Mix,1.76,61,Delivered,Digital,165.74,Yes,Excellent,
DBW05865,2023-10-29,Sunday,Kurla,Borivali,6.57,DW147,School,Mix,2.33,29,Delivered,Cash,79.99,No,Good,
DBW05866,2023-02-16,Thursday,Worli,Ghatkopar,19.57,DW106,Residential,Mix,2.47,74,Delivered,Monthly-Pre-paid,156.28,No,Excellent,
DBW05867,2023-06-09,Friday,Vikhroli,Chembur,10.66,DW108,Corporate,Veg,2.25,63,Delayed,Digital,115.18,Yes,Excellent,
DBW05868,2023-10-06,Friday,Lower Parel,Goregaon,9.36,DW104,School,Veg,1.53,46,Delivered,Cash,131.99,Yes,Poor,
DBW05869,2023-11-07,Tuesday,Churchgate,Andheri,17.51,DW121,Corporate,Veg,1.78,62,Delivered,Cash,178.31,No,Excellent,
DBW05870,2023-05-02,Tuesday,Worli,Kurla,11.26,DW048,Corporate,Mix,1.97,47,Delivered,Monthly-Pre-paid,102.33,Yes,Excellent,
DBW05871,2023-07-29,Saturday,Lower Parel,Chembur,16.9,DW015,Corporate,Mix,1.57,58,Delayed,Cash,172.21,No,Average,
DBW05872,2022-12-11,Sunday,Vikhroli,Goregaon,13.81,DW077,Residential,Mix,1.55,50,Delivered,Monthly-Pre-paid,155.25,Yes,Good,
DBW05873,2023-06-23,Friday,Borivali,Goregaon,18.17,DW001,Hospital,Non-Veg,1.52,72,Delivered,Monthly-Pre-paid,149.51,Yes,Good,
DBW05874,2022-08-23,Tuesday,Lower Parel,Lower Parel,1.88,DW033,Corporate,Veg,3.07,36,Returned,Monthly-Pre-paid,40.74,No,Excellent,nan
DBW05875,2023-06-04,Sunday,Vikhroli,Kurla,4.79,DW113,Residential,Non-Veg,1.66,21,Delivered,Cash,87.83,No,nan,
DBW05876,2022-03-04,Friday,Dadar,Borivali,11.41,DW076,Corporate,Veg,2.33,48,Delivered,Digital,98.42,Yes,nan,
DBW05877,2023-10-30,Monday,Andheri,Vikhroli,9.85,DW104,Corporate,Veg,1.37,41,Delivered,Monthly-Pre-paid,104.57,Yes,Good,
DBW05878,2022-06-28,Tuesday,Andheri,Sion,11.0,DW077,Residential,Non-Veg,2.65,51,Delivered,Cash,114.75,No,Excellent,
DBW05879,2023-04-25,Tuesday,Goregaon,Worli,14.53,DW082,Residential,Veg,1.61,65,Delivered,Cash,140.03,No,Average,
DBW05880,2022-01-09,Sunday,Kurla,Goregaon,17.37,DW046,Residential,Mix,1.83,59,Delivered,Cash,189.6,No,Average,
DBW05881,2022-04-24,Sunday,Lower Parel,Andheri,11.75,DW033,Corporate,Mix,0.88,40,Delivered,Cash,142.34,No,Excellent,
DBW05882,2023-12-22,Friday,Bandra,Ghatkopar,8.78,DW039,Corporate,Veg,2.36,41,Delivered,Monthly-Pre-paid,95.69,Yes,Good,
DBW05883,2023-09-01,Friday,Andheri,Ghatkopar,15.22,DW120,Residential,Veg,2.47,71,Delivered,Digital,136.53,Yes,Excellent,
DBW05884,2022-06-12,Sunday,Vikhroli,Churchgate,7.91,DW147,Residential,Mix,1.21,26,Delivered,Cash,112.4,Yes,Excellent,
DBW05885,2022-04-06,Wednesday,Thane,Worli,9.77,DW013,Corporate,Veg,2.39,47,Delivered,Monthly-Pre-paid,119.76,Yes,Good,
DBW05886,2023-08-18,Friday,Ghatkopar,Churchgate,15.01,DW081,Corporate,Veg,1.13,55,Delivered,Cash,149.8,No,Good,
DBW05887,2023-12-24,Sunday,Dadar,Lower Parel,7.83,DW071,Residential,Mix,2.12,27,Delivered,Cash,102.49,Yes,Good,
DBW05888,2022-05-04,Wednesday,Kurla,Thane,4.0,DW085,Corporate,Mix,1.66,24,Delivered,Monthly-Pre-paid,71.74,No,Good,
DBW05889,2023-04-30,Sunday,Malad,Malad,0.5,DW035,Residential,Non-Veg,2.47,12,Delivered,Digital,20.88,Yes,Excellent,
DBW05890,2022-07-27,Wednesday,Borivali,Thane,4.51,DW002,Residential,Veg,1.92,27,Delivered,Digital,57.2,No,Excellent,
DBW05891,2023-06-28,Wednesday,Chembur,Chembur,0.5,DW031,Corporate,Mix,2.27,42,Delayed,Monthly-Pre-paid,34.08,No,Good,
DBW05892,2022-11-02,Wednesday,Lower Parel,Bandra,9.08,DW028,Residential,Mix,2.42,48,Delivered,Cash,73.64,No,Good,
DBW05893,2022-04-02,Saturday,Ghatkopar,Goregaon,12.53,DW008,Residential,Non-Veg,1.65,42,Delivered,Digital,125.12,Yes,Excellent,
DBW05894,2022-08-25,Thursday,Borivali,Borivali,0.5,DW054,Residential,Non-Veg,1.79,21,Delivered,Monthly-Pre-paid,22.11,No,Average,
DBW05895,2023-01-29,Sunday,Vikhroli,Malad,10.33,DW103,Hospital,Non-Veg,1.24,38,Delivered,Cash,115.18,No,Average,
DBW05896,2023-08-06,Sunday,Bandra,Bandra,0.5,DW145,Residential,Non-Veg,1.65,20,Delivered,Cash,17.11,No,Poor,
DBW05897,2022-01-16,Sunday,Chembur,Dadar,9.89,DW099,Corporate,Non-Veg,2.76,29,Delivered,Cash,115.55,No,nan,
DBW05898,2023-12-01,Friday,Dadar,Sion,9.25,DW027,Corporate,Mix,2.18,44,Delivered,Digital,107.32,Yes,Good,
DBW05899,2023-04-20,Thursday,Thane,Sion,4.77,DW055,Residential,Veg,1.28,30,Delivered,Monthly-Pre-paid,66.66,No,nan,
DBW05900,2023-10-01,Sunday,Andheri,Ghatkopar,14.78,DW046,Corporate,Veg,2.62,57,Delivered,Cash,155.25,No,Poor,
DBW05901,2023-11-10,Friday,Malad,Lower Parel,14.22,DW032,Residential,Veg,1.99,62,Delivered,Cash,152.68,Yes,Good,
DBW05902,2022-04-23,Saturday,Dadar,Worli,14.81,DW149,Corporate,Veg,2.22,50,Delivered,Digital,144.9,Yes,Good,
DBW05903,2022-03-10,Thursday,Lower Parel,Borivali,17.13,DW099,Corporate,Non-Veg,2.05,79,Delayed,Digital,167.56,Yes,Excellent,
DBW05904,2023-07-21,Friday,Sion,Chembur,11.23,DW073,Corporate,Veg,2.01,52,Delivered,Cash,109.67,No,Poor,
DBW05905,2022-05-18,Wednesday,Chembur,Chembur,0.5,DW066,Hospital,Veg,0.8,16,Delivered,Monthly-Pre-paid,23.65,No,Good,
DBW05906,2022-04-19,Tuesday,Sion,Worli,6.18,DW048,Residential,Non-Veg,2.35,39,Delivered,Monthly-Pre-paid,103.15,No,Excellent,
DBW05907,2022-12-09,Friday,Kurla,Ghatkopar,15.15,DW063,Residential,Mix,0.67,49,Delivered,Digital,148.2,No,Poor,
DBW05908,2023-10-29,Sunday,Borivali,Goregaon,18.73,DW096,Corporate,Mix,2.31,54,Delivered,Digital,179.67,Yes,Poor,
DBW05909,2023-08-04,Friday,Chembur,Bandra,13.64,DW140,Hospital,Veg,1.85,55,Delivered,Cash,137.96,No,Average,
DBW05910,2023-01-14,Saturday,Sion,Chembur,12.51,DW075,Hospital,Veg,2.22,40,Delivered,Cash,135.68,Yes,Good,
DBW05911,2022-05-24,Tuesday,Lower Parel,Bandra,10.01,DW028,Corporate,Mix,1.88,36,Delivered,Digital,101.94,No,Excellent,
DBW05912,2022-09-03,Saturday,Andheri,Dadar,6.26,DW144,Residential,Mix,2.32,53,Delayed,Monthly-Pre-paid,73.32,No,Average,
DBW05913,2023-05-18,Thursday,Kurla,Lower Parel,14.51,DW048,Hospital,Mix,1.81,51,Delivered,Cash,160.1,No,Average,
DBW05914,2022-04-25,Monday,Vikhroli,Bandra,15.53,DW013,Corporate,Non-Veg,1.94,61,Delivered,Monthly-Pre-paid,131.96,Yes,Good,
DBW05915,2023-01-18,Wednesday,Churchgate,Thane,14.07,DW082,Corporate,Veg,2.0,50,Delivered,Digital,145.36,No,Average,
DBW05916,2022-01-09,Sunday,Churchgate,Andheri,15.55,DW119,Residential,Mix,2.74,50,Delivered,Digital,142.06,No,Excellent,
DBW05917,2022-08-26,Friday,Sion,Vikhroli,7.32,DW039,Corporate,Veg,2.1,44,Delivered,Cash,58.43,Yes,Good,
DBW05918,2022-07-01,Friday,Bandra,Borivali,18.71,DW042,Residential,Non-Veg,1.14,66,Delivered,Monthly-Pre-paid,178.47,No,Good,
DBW05919,2023-05-13,Saturday,Worli,Andheri,15.45,DW044,Residential,Non-Veg,1.52,65,Delayed,Cash,136.32,No,nan,
DBW05920,2023-10-30,Monday,Worli,Andheri,13.52,DW122,Corporate,Mix,2.1,63,Returned,Cash,118.18,No,Good,nan
DBW05921,2022-04-17,Sunday,Kurla,Sion,5.93,DW144,Corporate,Non-Veg,2.43,36,Delivered,Cash,116.34,Yes,Excellent,
DBW05922,2023-08-06,Sunday,Borivali,Lower Parel,15.18,DW128,Residential,Non-Veg,1.44,41,Delivered,Digital,159.61,Yes,Excellent,
DBW05923,2023-04-24,Monday,Churchgate,Goregaon,9.78,DW034,Corporate,Non-Veg,2.92,57,Delivered,Digital,116.7,No,nan,
DBW05924,2023-12-09,Saturday,Ghatkopar,Dadar,7.65,DW128,Corporate,Mix,1.89,19,Delivered,Monthly-Pre-paid,90.37,No,nan,
DBW05925,2023-10-28,Saturday,Goregaon,Worli,15.29,DW047,Corporate,Mix,2.01,53,Delivered,Cash,134.38,No,Average,
DBW05926,2022-03-15,Tuesday,Chembur,Bandra,14.29,DW131,Hospital,Non-Veg,1.17,74,Delayed,Digital,141.87,Yes,Good,
DBW05927,2023-06-27,Tuesday,Ghatkopar,Chembur,21.79,DW149,Corporate,Veg,2.36,73,Delivered,Digital,198.96,No,Average,
DBW05928,2023-03-09,Thursday,Worli,Vikhroli,6.23,DW108,Corporate,Non-Veg,1.58,35,Delivered,Cash,50.96,No,Average,
DBW05929,2022-03-24,Thursday,Goregaon,Andheri,21.71,DW144,Residential,Non-Veg,1.43,84,Delivered,Cash,230.57,No,Excellent,
DBW05930,2022-07-07,Thursday,Bandra,Dadar,5.02,DW022,Corporate,Mix,1.64,22,Delivered,Monthly-Pre-paid,68.83,Yes,Excellent,
DBW05931,2023-11-08,Wednesday,Lower Parel,Ghatkopar,4.05,DW099,Residential,Mix,2.49,28,Delivered,Cash,49.88,No,Good,
DBW05932,2023-02-01,Wednesday,Lower Parel,Ghatkopar,3.21,DW008,Corporate,Non-Veg,2.03,35,Delivered,Cash,57.5,No,Good,
DBW05933,2022-09-05,Monday,Churchgate,Goregaon,8.92,DW098,Hospital,Mix,1.36,49,Delivered,Digital,80.67,Yes,Good,
DBW05934,2022-08-22,Monday,Thane,Chembur,6.78,DW052,Corporate,Veg,1.53,37,Delivered,Cash,70.2,Yes,Good,
DBW05935,2023-09-04,Monday,Ghatkopar,Sion,18.49,DW146,Corporate,Non-Veg,2.5,64,Delivered,Digital,200.93,No,Average,
DBW05936,2022-07-26,Tuesday,Worli,Worli,0.5,DW075,Corporate,Non-Veg,1.68,21,Delivered,Monthly-Pre-paid,26.2,No,Average,
DBW05937,2022-04-26,Tuesday,Dadar,Bandra,6.38,DW115,School,Mix,2.08,40,Delivered,Cash,80.78,Yes,Poor,
DBW05938,2023-02-23,Thursday,Andheri,Malad,1.14,DW046,Hospital,Mix,2.2,14,Delivered,Cash,40.64,No,Good,
DBW05939,2023-12-26,Tuesday,Andheri,Thane,8.87,DW012,Corporate,Mix,0.5,41,Delivered,Cash,98.33,No,Good,
DBW05940,2022-05-14,Saturday,Thane,Vikhroli,5.78,DW112,Corporate,Mix,2.43,24,Delivered,Cash,68.19,No,Excellent,
DBW05941,2022-07-06,Wednesday,Worli,Chembur,18.34,DW034,Corporate,Mix,1.37,62,Delivered,Digital,210.75,Yes,Good,
DBW05942,2022-12-09,Friday,Dadar,Kurla,4.87,DW109,Corporate,Veg,1.62,32,Delivered,Digital,57.85,No,Excellent,
DBW05943,2022-05-26,Thursday,Dadar,Kurla,5.92,DW070,Corporate,Veg,2.57,35,Delivered,Monthly-Pre-paid,63.92,No,Poor,
DBW05944,2023-04-21,Friday,Borivali,Dadar,12.92,DW146,Hospital,Mix,2.52,59,Delivered,Digital,140.7,Yes,Good,
DBW05945,2022-07-05,Tuesday,Thane,Goregaon,19.83,DW053,Corporate,Non-Veg,2.05,75,Delivered,Digital,169.34,Yes,Average,
DBW05946,2022-04-04,Monday,Vikhroli,Kurla,2.15,DW061,Hospital,Non-Veg,2.16,29,Delivered,Digital,62.51,No,Good,
DBW05947,2022-07-10,Sunday,Chembur,Kurla,9.08,DW112,Corporate,Non-Veg,2.29,29,Delivered,Digital,99.63,Yes,Excellent,
DBW05948,2023-11-11,Saturday,Goregaon,Borivali,16.8,DW118,Hospital,Veg,2.52,50,Delivered,Monthly-Pre-paid,166.35,Yes,Average,
DBW05949,2023-11-14,Tuesday,Ghatkopar,Churchgate,15.8,DW019,Corporate,Veg,2.58,60,Delivered,Digital,160.84,No,Good,
DBW05950,2023-01-05,Thursday,Goregaon,Worli,13.98,DW112,Corporate,Veg,1.85,47,Delivered,Digital,136.71,No,Good,
DBW05951,2022-10-20,Thursday,Bandra,Thane,15.8,DW074,Residential,Non-Veg,1.43,62,Delivered,Digital,170.15,Yes,Average,
DBW05952,2023-08-22,Tuesday,Lower Parel,Churchgate,12.22,DW149,Corporate,Veg,1.67,53,Delivered,Monthly-Pre-paid,137.49,No,Good,
DBW05953,2022-05-22,Sunday,Bandra,Churchgate,19.06,DW095,Hospital,Veg,1.86,50,Delivered,Cash,190.23,No,Average,
DBW05954,2023-04-23,Sunday,Thane,Borivali,3.77,DW117,Residential,Mix,1.77,17,Delivered,Cash,37.44,No,Average,
DBW05955,2023-05-12,Friday,Dadar,Ghatkopar,8.41,DW052,School,Mix,1.29,39,Delivered,Digital,92.06,No,nan,
DBW05956,2023-06-03,Saturday,Dadar,Malad,7.97,DW043,Hospital,Veg,2.02,33,Delivered,Cash,92.06,Yes,Average,
DBW05957,2022-06-09,Thursday,Kurla,Bandra,12.83,DW118,Corporate,Mix,1.02,55,Delivered,Monthly-Pre-paid,158.68,No,Excellent,
DBW05958,2023-06-07,Wednesday,Ghatkopar,Bandra,9.19,DW003,Corporate,Veg,1.84,52,Delivered,Monthly-Pre-paid,82.29,No,Average,
DBW05959,2023-03-23,Thursday,Borivali,Worli,6.08,DW088,Residential,Non-Veg,1.87,35,Delivered,Cash,69.03,No,Average,
DBW05960,2023-10-01,Sunday,Andheri,Andheri,0.5,DW146,Corporate,Non-Veg,1.86,8,Delivered,Digital,50.22,Yes,Excellent,
DBW05961,2022-05-08,Sunday,Malad,Thane,5.79,DW149,Residential,Non-Veg,2.23,35,Delivered,Digital,62.25,No,Average,
DBW05962,2023-03-24,Friday,Chembur,Chembur,0.5,DW108,Corporate,Mix,2.16,42,Returned,Cash,24.13,Yes,Good,Damaged
DBW05963,2023-08-29,Tuesday,Ghatkopar,Kurla,14.06,DW075,Residential,Veg,2.91,62,Delivered,Cash,167.6,No,Average,
DBW05964,2022-07-23,Saturday,Vikhroli,Vikhroli,0.5,DW122,Corporate,Non-Veg,1.54,8,Delivered,Monthly-Pre-paid,39.49,Yes,Good,
DBW05965,2023-06-27,Tuesday,Lower Parel,Worli,16.47,DW003,Corporate,Veg,1.94,66,Delivered,Digital,174.61,No,Excellent,
DBW05966,2022-03-14,Monday,Kurla,Andheri,6.82,DW119,School,Non-Veg,1.91,34,Delivered,Digital,95.39,Yes,Good,
DBW05967,2023-06-09,Friday,Andheri,Goregaon,22.38,DW029,Hospital,Veg,1.88,68,Delivered,Cash,210.76,No,Excellent,
DBW05968,2023-03-19,Sunday,Dadar,Kurla,5.59,DW111,Corporate,Mix,1.17,22,Delivered,Digital,76.05,No,nan,
DBW05969,2022-05-21,Saturday,Andheri,Chembur,6.89,DW053,Corporate,Veg,1.21,36,Delivered,Cash,98.42,Yes,Average,
DBW05970,2022-02-18,Friday,Bandra,Vikhroli,15.47,DW113,Residential,Veg,1.8,61,Delivered,Cash,141.08,No,Excellent,
DBW05971,2023-06-29,Thursday,Bandra,Goregaon,18.88,DW091,Corporate,Veg,1.01,69,Delivered,Monthly-Pre-paid,207.06,No,Good,
DBW05972,2022-06-26,Sunday,Dadar,Thane,10.49,DW140,Residential,Mix,1.63,40,Delivered,Digital,105.93,No,nan,
DBW05973,2022-12-30,Friday,Vikhroli,Chembur,12.37,DW119,Residential,Veg,1.48,49,Delivered,Cash,144.29,No,Good,
DBW05974,2022-02-14,Monday,Borivali,Worli,5.5,DW138,Corporate,Veg,1.65,30,Delivered,Cash,81.6,No,Good,
DBW05975,2023-12-05,Tuesday,Sion,Malad,10.73,DW023,Corporate,Non-Veg,2.37,51,Returned,Monthly-Pre-paid,107.62,No,Good,Customer Unavailable
DBW05976,2023-02-05,Sunday,Dadar,Goregaon,14.17,DW057,Corporate,Veg,1.26,35,Delivered,Digital,150.58,No,Good,
DBW05977,2023-11-12,Sunday,Vikhroli,Churchgate,5.57,DW066,Corporate,Non-Veg,2.23,28,Delivered,Monthly-Pre-paid,76.5,No,Good,
DBW05978,2022-04-28,Thursday,Goregaon,Borivali,17.4,DW005,Residential,Non-Veg,1.51,63,Delivered,Monthly-Pre-paid,142.75,Yes,Excellent,
DBW05979,2022-05-31,Tuesday,Goregaon,Churchgate,8.66,DW004,Corporate,Non-Veg,1.58,31,Delivered,Digital,97.96,No,Average,
DBW05980,2023-03-22,Wednesday,Chembur,Dadar,9.91,DW006,School,Veg,2.03,49,Delivered,Digital,90.57,No,Excellent,
DBW05981,2023-03-18,Saturday,Andheri,Ghatkopar,14.64,DW116,Residential,Veg,1.66,55,Returned,Digital,154.74,Yes,Good,Wrong Address
DBW05982,2023-08-01,Tuesday,Churchgate,Malad,15.4,DW067,Corporate,Veg,1.35,51,Delivered,Cash,151.05,No,nan,
DBW05983,2023-11-09,Thursday,Chembur,Malad,5.09,DW113,Residential,Mix,1.61,40,Delivered,Cash,83.85,Yes,Good,
DBW05984,2023-08-23,Wednesday,Bandra,Ghatkopar,8.71,DW126,Corporate,Mix,0.91,34,Delivered,Cash,89.24,No,Good,
DBW05985,2022-04-13,Wednesday,Bandra,Kurla,12.18,DW006,Corporate,Veg,1.99,46,Delivered,Monthly-Pre-paid,108.02,No,Good,
DBW05986,2022-08-14,Sunday,Goregaon,Ghatkopar,12.47,DW128,Residential,Non-Veg,0.5,47,Delayed,Monthly-Pre-paid,113.59,No,Excellent,
DBW05987,2023-10-30,Monday,Sion,Thane,2.55,DW034,Corporate,Mix,2.24,29,Delivered,Digital,80.74,Yes,Average,
DBW05988,2023-02-05,Sunday,Malad,Dadar,7.62,DW061,Corporate,Veg,2.11,50,Delayed,Monthly-Pre-paid,136.37,No,Average,
DBW05989,2023-09-25,Monday,Goregaon,Borivali,17.52,DW145,Corporate,Veg,2.6,72,Delivered,Monthly-Pre-paid,200.18,No,Good,
DBW05990,2023-02-15,Wednesday,Vikhroli,Sion,5.39,DW046,Corporate,Non-Veg,2.89,40,Delivered,Cash,50.02,No,Good,
DBW05991,2022-02-06,Sunday,Churchgate,Kurla,11.44,DW141,Residential,Non-Veg,2.27,63,Delayed,Cash,100.85,Yes,Good,
DBW05992,2022-12-12,Monday,Dadar,Goregaon,14.15,DW076,School,Mix,1.49,69,Returned,Digital,127.23,No,Poor,nan
DBW05993,2023-08-26,Saturday,Thane,Churchgate,10.87,DW003,Residential,Non-Veg,2.89,44,Delivered,Monthly-Pre-paid,128.59,Yes,Good,
DBW05994,2023-04-24,Monday,Vikhroli,Kurla,3.97,DW125,School,Mix,1.2,18,Delivered,Digital,93.36,No,Good,
DBW05995,2022-04-07,Thursday,Goregaon,Worli,14.18,DW007,Residential,Veg,0.85,53,Delivered,Digital,156.99,Yes,nan,
DBW05996,2022-06-03,Friday,Kurla,Sion,5.06,DW096,Corporate,Veg,2.73,39,Delivered,Monthly-Pre-paid,73.36,Yes,Good,
DBW05997,2023-09-16,Saturday,Borivali,Churchgate,9.24,DW069,Hospital,Non-Veg,2.1,49,Delayed,Cash,90.02,Yes,Average,
DBW05998,2023-12-16,Saturday,Kurla,Goregaon,17.84,DW021,Corporate,Mix,0.86,55,Delivered,Monthly-Pre-paid,168.43,No,Average,
DBW05999,2023-07-04,Tuesday,Dadar,Thane,11.16,DW078,Corporate,Veg,1.12,46,Delivered,Monthly-Pre-paid,120.59,No,Excellent,
DBW06000,2022-03-13,Sunday,Kurla,Andheri,5.28,DW055,School,Mix,2.08,25,Delivered,Monthly-Pre-paid,85.51,No,nan,
